ISO-10303-21;
HEADER;
FILE_DESCRIPTION (( 'STEP AP214' ),
    '1' );
FILE_NAME ('ADA4351-2ACPZ-R7.STEP',
    '2025-07-07T03:02:21',
    ( '' ),
    ( '' ),
    'SwSTEP 2.0',
    'SolidWorks 2021',
    '' );
FILE_SCHEMA (( 'AUTOMOTIVE_DESIGN' ));
ENDSEC;

DATA;
#1 = VERTEX_POINT ( 'NONE', #3215 ) ;
#2 = DIRECTION ( 'NONE',  ( 3.982783490763077545E-15, -0.000000000000000000, -1.000000000000000000 ) ) ;
#3 = VECTOR ( 'NONE', #506, 1000.000000000000000 ) ;
#4 = LINE ( 'NONE', #2859, #34 ) ;
#5 = EDGE_CURVE ( 'NONE', #9342, #5859, #1088, .T. ) ;
#6 = LINE ( 'NONE', #6575, #3442 ) ;
#7 = CARTESIAN_POINT ( 'NONE',  ( -0.6250000000000128786, 0.1519999999999999962, 1.224999999999993427 ) ) ;
#8 = DIRECTION ( 'NONE',  ( -1.000000000000000000, 0.000000000000000000, 7.228014483236677820E-15 ) ) ;
#9 = VECTOR ( 'NONE', #9112, 1000.000000000000000 ) ;
#10 = ORIENTED_EDGE ( 'NONE', *, *, #3117, .T. ) ;
#11 = ORIENTED_EDGE ( 'NONE', *, *, #8856, .T. ) ;
#12 = LINE ( 'NONE', #5938, #2452 ) ;
#13 = EDGE_LOOP ( 'NONE', ( #1189, #8843, #573, #6128 ) ) ;
#14 = FACE_OUTER_BOUND ( 'NONE', #1649, .T. ) ;
#15 = MANIFOLD_SOLID_BREP ( 'Boss-Extrude3[4]', #8228 ) ;
#16 = ORIENTED_EDGE ( 'NONE', *, *, #6700, .F. ) ;
#17 = VECTOR ( 'NONE', #9141, 1000.000000000000000 ) ;
#18 = CARTESIAN_POINT ( 'NONE',  ( -0.6399999999999947953, 0.000000000000000000, -1.469999999999986429 ) ) ;
#19 =( NAMED_UNIT ( * ) PLANE_ANGLE_UNIT ( ) SI_UNIT ( $, .RADIAN. ) );
#20 = CARTESIAN_POINT ( 'NONE',  ( -0.8599999999999805578, 0.1519999999999999962, 1.499999999999988676 ) ) ;
#21 = DIRECTION ( 'NONE',  ( 0.000000000000000000, -1.000000000000000000, 0.000000000000000000 ) ) ;
#22 = VECTOR ( 'NONE', #5172, 1000.000000000000000 ) ;
#23 = EDGE_CURVE ( 'NONE', #9008, #425, #7757, .T. ) ;
#24 = ORIENTED_EDGE ( 'NONE', *, *, #9101, .T. ) ;
#25 = VERTEX_POINT ( 'NONE', #5549 ) ;
#26 = DIRECTION ( 'NONE',  ( -1.000000000000000000, 0.000000000000000000, 0.000000000000000000 ) ) ;
#27 = ADVANCED_FACE ( 'NONE', ( #1136, #7856 ), #1040, .F. ) ;
#28 = ORIENTED_EDGE ( 'NONE', *, *, #5293, .T. ) ;
#29 = ORIENTED_EDGE ( 'NONE', *, *, #1324, .T. ) ;
#30 = LINE ( 'NONE', #4409, #5144 ) ;
#31 = CARTESIAN_POINT ( 'NONE',  ( -0.1249999999999957256, 0.1519999999999999962, -1.224999999999989875 ) ) ;
#32 = CARTESIAN_POINT ( 'NONE',  ( -0.3599999999999806688, 0.05000000000000002359, 1.499999999999983347 ) ) ;
#33 = LINE ( 'NONE', #7530, #3132 ) ;
#34 = VECTOR ( 'NONE', #6573, 1000.000000000000000 ) ;
#35 = LINE ( 'NONE', #8267, #7182 ) ;
#36 = VERTEX_POINT ( 'NONE', #4047 ) ;
#37 = PLANE ( 'NONE',  #2595 ) ;
#38 = VECTOR ( 'NONE', #2937, 1000.000000000000000 ) ;
#39 = ORIENTED_EDGE ( 'NONE', *, *, #2107, .F. ) ;
#40 = DIRECTION ( 'NONE',  ( 0.000000000000000000, -1.000000000000000000, 0.000000000000000000 ) ) ;
#41 = ORIENTED_EDGE ( 'NONE', *, *, #504, .T. ) ;
#42 = CARTESIAN_POINT ( 'NONE',  ( 1.499999999999997113, 0.1519999999999999962, -0.1400000000000309053 ) ) ;
#43 = EDGE_CURVE ( 'NONE', #6501, #6652, #5644, .T. ) ;
#44 = EDGE_CURVE ( 'NONE', #4784, #8861, #3314, .T. ) ;
#45 = ADVANCED_FACE ( 'NONE', ( #410 ), #4095, .T. ) ;
#46 = DIRECTION ( 'NONE',  ( -0.000000000000000000, 0.000000000000000000, -1.000000000000000000 ) ) ;
#47 = CARTESIAN_POINT ( 'NONE',  ( 0.8750000000000192069, 0.1519999999999999962, 1.469999999999972662 ) ) ;
#48 = VERTEX_POINT ( 'NONE', #4733 ) ;
#49 = VECTOR ( 'NONE', #8554, 1000.000000000000000 ) ;
#50 = DIRECTION ( 'NONE',  ( 0.000000000000000000, 0.000000000000000000, -1.000000000000000000 ) ) ;
#51 = PLANE ( 'NONE',  #5862 ) ;
#52 = DIRECTION ( 'NONE',  ( 0.000000000000000000, 0.000000000000000000, 1.000000000000000000 ) ) ;
#53 = AXIS2_PLACEMENT_3D ( 'NONE', #7694, #2461, #5443 ) ;
#54 = CARTESIAN_POINT ( 'NONE',  ( -1.469999999999984652, 0.05000000000000002359, 0.000000000000000000 ) ) ;
#55 = EDGE_CURVE ( 'NONE', #2991, #3830, #2519, .T. ) ;
#56 = LINE ( 'NONE', #3887, #1391 ) ;
#57 = CYLINDRICAL_SURFACE ( 'NONE', #474, 0.1249999999999998890 ) ;
#58 = DIRECTION ( 'NONE',  ( -6.637972484605129570E-16, 0.000000000000000000, -1.000000000000000000 ) ) ;
#59 = VECTOR ( 'NONE', #827, 1000.000000000000000 ) ;
#60 = EDGE_CURVE ( 'NONE', #1375, #7539, #6383, .T. ) ;
#61 = ORIENTED_EDGE ( 'NONE', *, *, #8490, .F. ) ;
#62 = PLANE ( 'NONE',  #2588 ) ;
#63 = ORIENTED_EDGE ( 'NONE', *, *, #2980, .F. ) ;
#64 = CARTESIAN_POINT ( 'NONE',  ( 1.500000000000007550, 0.1519999999999999962, 0.8599999999999691225 ) ) ;
#65 = VERTEX_POINT ( 'NONE', #6227 ) ;
#66 = DIRECTION ( 'NONE',  ( -2.987087618072308159E-15, 0.000000000000000000, 1.000000000000000000 ) ) ;
#67 = LINE ( 'NONE', #9033, #8140 ) ;
#68 = VECTOR ( 'NONE', #5933, 1000.000000000000000 ) ;
#69 = ADVANCED_FACE ( 'NONE', ( #949 ), #3953, .F. ) ;
#70 = ORIENTED_EDGE ( 'NONE', *, *, #4717, .T. ) ;
#71 = ORIENTED_EDGE ( 'NONE', *, *, #8445, .F. ) ;
#72 = DIRECTION ( 'NONE',  ( 0.000000000000000000, 0.000000000000000000, -1.000000000000000000 ) ) ;
#73 = ORIENTED_EDGE ( 'NONE', *, *, #2638, .F. ) ;
#74 = EDGE_LOOP ( 'NONE', ( #8505, #8921, #670, #9104 ) ) ;
#75 = CARTESIAN_POINT ( 'NONE',  ( -0.3599999999999806688, 0.000000000000000000, 1.499999999999983347 ) ) ;
#76 = VECTOR ( 'NONE', #1211, 1000.000000000000000 ) ;
#77 = PLANE ( 'NONE',  #9597 ) ;
#78 = LINE ( 'NONE', #5511, #6585 ) ;
#79 = AXIS2_PLACEMENT_3D ( 'NONE', #6761, #1576, #7500 ) ;
#80 = SURFACE_STYLE_USAGE ( .BOTH. , #4552 ) ;
#81 = DIRECTION ( 'NONE',  ( -1.000000000000000000, 0.000000000000000000, -4.425314989736752882E-16 ) ) ;
#82 = ADVANCED_FACE ( 'NONE', ( #9325 ), #2812, .F. ) ;
#83 = LINE ( 'NONE', #2851, #9535 ) ;
#84 = VECTOR ( 'NONE', #1115, 1000.000000000000000 ) ;
#85 =( GEOMETRIC_REPRESENTATION_CONTEXT ( 3 ) GLOBAL_UNCERTAINTY_ASSIGNED_CONTEXT ( ( #7920 ) ) GLOBAL_UNIT_ASSIGNED_CONTEXT ( ( #2473, #1685, #1878 ) ) REPRESENTATION_CONTEXT ( 'NONE', 'WORKASPACE' ) );
#86 = ORIENTED_EDGE ( 'NONE', *, *, #2893, .T. ) ;
#87 = DIRECTION ( 'NONE',  ( -0.000000000000000000, -1.000000000000000000, -0.000000000000000000 ) ) ;
#88 = EDGE_LOOP ( 'NONE', ( #326, #1018, #1618, #7054 ) ) ;
#89 = CARTESIAN_POINT ( 'NONE',  ( -1.499999999999995115, 0.1519999999999999962, -0.3599999999999999867 ) ) ;
#90 = VERTEX_POINT ( 'NONE', #8839 ) ;
#91 = CARTESIAN_POINT ( 'NONE',  ( -1.469999999999989759, 0.1519999999999999962, 0.1250000000000000000 ) ) ;
#92 = CARTESIAN_POINT ( 'NONE',  ( -0.3599999999999806688, 0.05000000000000002359, 0.000000000000000000 ) ) ;
#93 = LINE ( 'NONE', #6015, #4059 ) ;
#94 = VECTOR ( 'NONE', #9338, 1000.000000000000000 ) ;
#95 = EDGE_CURVE ( 'NONE', #7651, #5904, #656, .T. ) ;
#96 = ORIENTED_EDGE ( 'NONE', *, *, #896, .T. ) ;
#97 = PLANE ( 'NONE',  #8220 ) ;
#98 = EDGE_CURVE ( 'NONE', #5037, #7862, #4618, .T. ) ;
#99 = EDGE_CURVE ( 'NONE', #108, #9262, #9572, .T. ) ;
#100 = CARTESIAN_POINT ( 'NONE',  ( -0.1249999999999947681, 0.1519999999999999962, -1.469999999999989981 ) ) ;
#101 = LINE ( 'NONE', #4716, #9413 ) ;
#102 = LINE ( 'NONE', #9068, #5766 ) ;
#103 = DIRECTION ( 'NONE',  ( 0.000000000000000000, -1.000000000000000000, 0.000000000000000000 ) ) ;
#104 = DIRECTION ( 'NONE',  ( -3.982783490763077545E-15, 0.000000000000000000, 1.000000000000000000 ) ) ;
#105 = ORIENTED_EDGE ( 'NONE', *, *, #1277, .T. ) ;
#106 = CARTESIAN_POINT ( 'NONE',  ( 0.1250000000000052458, 0.1519999999999999962, -1.469999999999994422 ) ) ;
#107 = EDGE_CURVE ( 'NONE', #2611, #6662, #1236, .T. ) ;
#108 = VERTEX_POINT ( 'NONE', #7212 ) ;
#109 = CARTESIAN_POINT ( 'NONE',  ( -0.1399999999999948230, 0.1519999999999999962, -1.469999999999989981 ) ) ;
#110 = EDGE_LOOP ( 'NONE', ( #9268, #966, #3534, #8022 ) ) ;
#111 = DIRECTION ( 'NONE',  ( 1.000000000000000000, 0.000000000000000000, -8.850629979473505765E-16 ) ) ;
#112 = CARTESIAN_POINT ( 'NONE',  ( 1.225000000000002309, 0.1519999999999999962, 0.3749999999999690803 ) ) ;
#113 = LINE ( 'NONE', #2425, #627 ) ;
#114 = ORIENTED_EDGE ( 'NONE', *, *, #5378, .T. ) ;
#115 = ORIENTED_EDGE ( 'NONE', *, *, #9367, .F. ) ;
#116 = ORIENTED_EDGE ( 'NONE', *, *, #235, .T. ) ;
#117 = CARTESIAN_POINT ( 'NONE',  ( 0.8750000000000192069, 0.1519999999999999962, 1.469999999999972662 ) ) ;
#118 = ORIENTED_EDGE ( 'NONE', *, *, #146, .F. ) ;
#119 = ORIENTED_EDGE ( 'NONE', *, *, #1914, .F. ) ;
#120 = LINE ( 'NONE', #6828, #5750 ) ;
#121 = VECTOR ( 'NONE', #5345, 1000.000000000000000 ) ;
#122 = LINE ( 'NONE', #4504, #6918 ) ;
#123 = DIRECTION ( 'NONE',  ( 0.000000000000000000, -0.000000000000000000, -1.000000000000000000 ) ) ;
#124 = EDGE_CURVE ( 'NONE', #4866, #6046, #455, .T. ) ;
#125 = CARTESIAN_POINT ( 'NONE',  ( 0.8600000000000053157, 0.000000000000000000, -1.499999999999996891 ) ) ;
#126 = FACE_OUTER_BOUND ( 'NONE', #8485, .T. ) ;
#127 = DIRECTION ( 'NONE',  ( 0.000000000000000000, 0.000000000000000000, 1.000000000000000000 ) ) ;
#128 = VECTOR ( 'NONE', #466, 1000.000000000000000 ) ;
#129 = ORIENTED_EDGE ( 'NONE', *, *, #5495, .T. ) ;
#130 = LINE ( 'NONE', #8368, #4788 ) ;
#131 = ORIENTED_EDGE ( 'NONE', *, *, #5668, .T. ) ;
#132 = EDGE_CURVE ( 'NONE', #4842, #7775, #7259, .T. ) ;
#133 = CYLINDRICAL_SURFACE ( 'NONE', #5046, 0.1249999999999998890 ) ;
#134 = VERTEX_POINT ( 'NONE', #2078 ) ;
#135 = AXIS2_PLACEMENT_3D ( 'NONE', #1928, #4919, #1979 ) ;
#136 = DIRECTION ( 'NONE',  ( -3.614007241618338910E-15, 0.000000000000000000, 1.000000000000000000 ) ) ;
#137 = STYLED_ITEM ( 'NONE', ( #9506 ), #3170 ) ;
#138 = DIRECTION ( 'NONE',  ( 0.000000000000000000, -1.000000000000000000, 0.000000000000000000 ) ) ;
#139 = CARTESIAN_POINT ( 'NONE',  ( -0.8749999999999947820, 0.1519999999999999962, -1.469999999999987317 ) ) ;
#140 = ORIENTED_EDGE ( 'NONE', *, *, #6016, .F. ) ;
#141 = DIRECTION ( 'NONE',  ( 0.000000000000000000, 0.000000000000000000, -1.000000000000000000 ) ) ;
#142 = AXIS2_PLACEMENT_3D ( 'NONE', #5681, #7100, #1221 ) ;
#143 = VECTOR ( 'NONE', #3823, 1000.000000000000000 ) ;
#144 = EDGE_CURVE ( 'NONE', #313, #7143, #7362, .T. ) ;
#145 = DIRECTION ( 'NONE',  ( 0.000000000000000000, 0.000000000000000000, -1.000000000000000000 ) ) ;
#146 = EDGE_CURVE ( 'NONE', #4750, #9486, #507, .T. ) ;
#147 = LINE ( 'NONE', #5346, #3328 ) ;
#148 = VECTOR ( 'NONE', #1594, 1000.000000000000000 ) ;
#149 = AXIS2_PLACEMENT_3D ( 'NONE', #1543, #9633, #2874 ) ;
#150 = LINE ( 'NONE', #9021, #6852 ) ;
#151 = ORIENTED_EDGE ( 'NONE', *, *, #211, .T. ) ;
#152 = CARTESIAN_POINT ( 'NONE',  ( 0.3600000000000053157, 0.1519999999999999962, -1.499999999999993561 ) ) ;
#153 = CARTESIAN_POINT ( 'NONE',  ( -0.1249999999999807099, 0.1519999999999999962, 1.469999999999983320 ) ) ;
#154 = AXIS2_PLACEMENT_3D ( 'NONE', #8838, #1436, #7407 ) ;
#155 = ORIENTED_EDGE ( 'NONE', *, *, #1922, .F. ) ;
#156 = CARTESIAN_POINT ( 'NONE',  ( -1.499999999999984679, 0.1519999999999999962, 0.8599999999999999867 ) ) ;
#157 = ORIENTED_EDGE ( 'NONE', *, *, #4306, .F. ) ;
#158 = CARTESIAN_POINT ( 'NONE',  ( 1.469999999999991980, 0.1519999999999999962, -0.6400000000000309885 ) ) ;
#159 = VERTEX_POINT ( 'NONE', #3564 ) ;
#160 = DIRECTION ( 'NONE',  ( 8.850629979473505765E-16, -0.000000000000000000, 1.000000000000000000 ) ) ;
#161 = ADVANCED_FACE ( 'NONE', ( #3612 ), #2864, .F. ) ;
#162 = CARTESIAN_POINT ( 'NONE',  ( 1.469999999999997087, 0.000000000000000000, -0.1400000000000309053 ) ) ;
#163 = LINE ( 'NONE', #4046, #3768 ) ;
#164 = VERTEX_POINT ( 'NONE', #3513 ) ;
#165 = ORIENTED_EDGE ( 'NONE', *, *, #4461, .F. ) ;
#166 = VERTEX_POINT ( 'NONE', #4193 ) ;
#167 = PLANE ( 'NONE',  #6512 ) ;
#168 = VECTOR ( 'NONE', #437, 1000.000000000000000 ) ;
#169 = ORIENTED_EDGE ( 'NONE', *, *, #5320, .T. ) ;
#170 = ORIENTED_EDGE ( 'NONE', *, *, #1120, .F. ) ;
#171 = EDGE_CURVE ( 'NONE', #3087, #8389, #8732, .T. ) ;
#172 = CARTESIAN_POINT ( 'NONE',  ( -1.469999999999989759, 0.1519999999999999962, 0.1250000000000000000 ) ) ;
#173 = FACE_OUTER_BOUND ( 'NONE', #3565, .T. ) ;
#174 = DIRECTION ( 'NONE',  ( -0.000000000000000000, -1.000000000000000000, -0.000000000000000000 ) ) ;
#175 = LINE ( 'NONE', #1049, #5930 ) ;
#176 = CARTESIAN_POINT ( 'NONE',  ( 1.225000000000002309, 0.1519999999999999962, 0.1249999999999692607 ) ) ;
#177 = ADVANCED_FACE ( 'NONE', ( #5023 ), #7307, .F. ) ;
#178 = VECTOR ( 'NONE', #8542, 1000.000000000000000 ) ;
#179 = ORIENTED_EDGE ( 'NONE', *, *, #8178, .T. ) ;
#180 = CARTESIAN_POINT ( 'NONE',  ( -0.6249999999999947820, 0.1519999999999999962, -1.469999999999986429 ) ) ;
#181 = EDGE_CURVE ( 'NONE', #4213, #6923, #9521, .T. ) ;
#182 = ORIENTED_EDGE ( 'NONE', *, *, #4429, .T. ) ;
#183 = ORIENTED_EDGE ( 'NONE', *, *, #1925, .F. ) ;
#184 = CARTESIAN_POINT ( 'NONE',  ( -1.224999999999994982, 0.1519999999999999962, -0.3749999999999998890 ) ) ;
#185 = ORIENTED_EDGE ( 'NONE', *, *, #3935, .T. ) ;
#186 = AXIS2_PLACEMENT_3D ( 'NONE', #4434, #3053, #1433 ) ;
#187 = DIRECTION ( 'NONE',  ( 1.309893236962104487E-13, 0.000000000000000000, 1.000000000000000000 ) ) ;
#188 = FACE_OUTER_BOUND ( 'NONE', #3836, .T. ) ;
#189 = DIRECTION ( 'NONE',  ( -1.000000000000000000, 0.000000000000000000, 0.000000000000000000 ) ) ;
#190 = VERTEX_POINT ( 'NONE', #8789 ) ;
#191 = CARTESIAN_POINT ( 'NONE',  ( 0.1399999999999999578, 0.05000000000000002359, 5.059610138265672896E-16 ) ) ;
#192 = AXIS2_PLACEMENT_3D ( 'NONE', #3926, #6890, #187 ) ;
#193 = ORIENTED_EDGE ( 'NONE', *, *, #9128, .F. ) ;
#194 = CARTESIAN_POINT ( 'NONE',  ( -0.2500000000000128786, 0.1519999999999999962, 1.224999999999992095 ) ) ;
#195 = DIRECTION ( 'NONE',  ( 0.000000000000000000, 0.000000000000000000, -1.000000000000000000 ) ) ;
#196 = DIRECTION ( 'NONE',  ( 1.000000000000000000, 0.000000000000000000, 0.000000000000000000 ) ) ;
#197 = CIRCLE ( 'NONE', #8818, 0.1249999999999998890 ) ;
#198 = LINE ( 'NONE', #6170, #8737 ) ;
#199 = ORIENTED_EDGE ( 'NONE', *, *, #1664, .F. ) ;
#200 = ADVANCED_FACE ( 'NONE', ( #5070 ), #1336, .F. ) ;
#201 = CARTESIAN_POINT ( 'NONE',  ( 0.3600000000000192490, 0.1519999999999999962, 1.499999999999978240 ) ) ;
#202 = CARTESIAN_POINT ( 'NONE',  ( 1.224999999999997202, 0.05000000000000002359, -0.1250000000000309475 ) ) ;
#203 = ADVANCED_FACE ( 'NONE', ( #8100 ), #605, .T. ) ;
#204 = AXIS2_PLACEMENT_3D ( 'NONE', #7632, #8520, #7542 ) ;
#205 = ORIENTED_EDGE ( 'NONE', *, *, #7341, .F. ) ;
#206 = DIRECTION ( 'NONE',  ( 1.000000000000000000, 0.000000000000000000, 0.000000000000000000 ) ) ;
#207 = ORIENTED_EDGE ( 'NONE', *, *, #5512, .T. ) ;
#208 = CARTESIAN_POINT ( 'NONE',  ( 1.499999999999999778, 0.05000000000000002359, -1.500000000000000000 ) ) ;
#209 = DIRECTION ( 'NONE',  ( 0.000000000000000000, 0.000000000000000000, -1.000000000000000000 ) ) ;
#210 = VECTOR ( 'NONE', #4696, 1000.000000000000000 ) ;
#211 = EDGE_CURVE ( 'NONE', #2083, #166, #8640, .T. ) ;
#212 = CARTESIAN_POINT ( 'NONE',  ( 1.470000000000007523, 0.1519999999999999962, 0.8599999999999691225 ) ) ;
#213 = ORIENTED_EDGE ( 'NONE', *, *, #5294, .T. ) ;
#214 = EDGE_CURVE ( 'NONE', #8629, #8816, #6855, .T. ) ;
#215 = ORIENTED_EDGE ( 'NONE', *, *, #6600, .T. ) ;
#216 = ORIENTED_EDGE ( 'NONE', *, *, #7813, .F. ) ;
#217 = CARTESIAN_POINT ( 'NONE',  ( 0.1250000000000192901, 0.1519999999999999962, 1.469999999999977991 ) ) ;
#218 = EDGE_CURVE ( 'NONE', #2113, #4715, #2222, .T. ) ;
#219 = EDGE_CURVE ( 'NONE', #4158, #8550, #3208, .T. ) ;
#220 = ORIENTED_EDGE ( 'NONE', *, *, #2454, .F. ) ;
#221 = ORIENTED_EDGE ( 'NONE', *, *, #1000, .F. ) ;
#222 = CARTESIAN_POINT ( 'NONE',  ( 0.6250000000000052180, 0.000000000000000000, -1.469999999999997753 ) ) ;
#223 = LINE ( 'NONE', #2295, #8979 ) ;
#224 = DIRECTION ( 'NONE',  ( 0.000000000000000000, 0.000000000000000000, -1.000000000000000000 ) ) ;
#225 = AXIS2_PLACEMENT_3D ( 'NONE', #4576, #2959, #8151 ) ;
#226 = DIRECTION ( 'NONE',  ( 0.000000000000000000, -1.000000000000000000, 0.000000000000000000 ) ) ;
#227 = ORIENTED_EDGE ( 'NONE', *, *, #9574, .F. ) ;
#228 = DIRECTION ( 'NONE',  ( 1.000000000000000000, 0.000000000000000000, -4.425314989736752882E-16 ) ) ;
#229 = VECTOR ( 'NONE', #3244, 1000.000000000000000 ) ;
#230 = ORIENTED_EDGE ( 'NONE', *, *, #3341, .F. ) ;
#231 = ORIENTED_EDGE ( 'NONE', *, *, #6531, .F. ) ;
#232 = VECTOR ( 'NONE', #3716, 1000.000000000000000 ) ;
#233 = CARTESIAN_POINT ( 'NONE',  ( 0.6250000000000194289, 0.1519999999999999962, 1.224999999999972555 ) ) ;
#234 = ORIENTED_EDGE ( 'NONE', *, *, #9201, .F. ) ;
#235 = EDGE_CURVE ( 'NONE', #2426, #9513, #9070, .T. ) ;
#236 = CARTESIAN_POINT ( 'NONE',  ( 1.225000000000002309, 0.1519999999999999962, 0.2499999999999691636 ) ) ;
#237 = DIRECTION ( 'NONE',  ( -1.000000000000000000, 0.000000000000000000, 0.000000000000000000 ) ) ;
#238 = LINE ( 'NONE', #8376, #4540 ) ;
#239 = VERTEX_POINT ( 'NONE', #3754 ) ;
#240 = VECTOR ( 'NONE', #2057, 1000.000000000000000 ) ;
#241 = CLOSED_SHELL ( 'NONE', ( #7423, #7650, #5849, #713, #4414, #986, #7639, #8013, #69, #9279 ) ) ;
#242 = PRESENTATION_STYLE_ASSIGNMENT (( #9161 ) ) ;
#243 = LINE ( 'NONE', #2456, #1487 ) ;
#244 = ORIENTED_EDGE ( 'NONE', *, *, #7649, .T. ) ;
#245 = VECTOR ( 'NONE', #3579, 1000.000000000000000 ) ;
#246 = CARTESIAN_POINT ( 'NONE',  ( 0.3750000000000052736, 0.1519999999999999962, -1.469999999999993534 ) ) ;
#247 = LINE ( 'NONE', #7789, #681 ) ;
#248 = ADVANCED_FACE ( 'NONE', ( #8201 ), #889, .T. ) ;
#249 = LINE ( 'NONE', #6807, #1856 ) ;
#250 = ORIENTED_EDGE ( 'NONE', *, *, #8324, .T. ) ;
#251 = CARTESIAN_POINT ( 'NONE',  ( -0.8599999999999807798, 0.1519999999999999962, 1.469999999999988649 ) ) ;
#252 = DIRECTION ( 'NONE',  ( -1.000000000000000000, 0.000000000000000000, 0.000000000000000000 ) ) ;
#253 = VECTOR ( 'NONE', #8156, 1000.000000000000000 ) ;
#254 = EDGE_LOOP ( 'NONE', ( #4747, #6522, #5040, #5446 ) ) ;
#255 = DIRECTION ( 'NONE',  ( -0.000000000000000000, -1.000000000000000000, -0.000000000000000000 ) ) ;
#256 = VERTEX_POINT ( 'NONE', #2365 ) ;
#257 = CARTESIAN_POINT ( 'NONE',  ( -0.6250000000000128786, 0.1519999999999999962, 1.224999999999993427 ) ) ;
#258 = EDGE_CURVE ( 'NONE', #6554, #736, #5351, .T. ) ;
#259 = CARTESIAN_POINT ( 'NONE',  ( -0.8749999999999807931, 0.1519999999999999962, 1.469999999999988649 ) ) ;
#260 = FACE_OUTER_BOUND ( 'NONE', #6814, .T. ) ;
#261 = ORIENTED_EDGE ( 'NONE', *, *, #6908, .T. ) ;
#262 = EDGE_LOOP ( 'NONE', ( #4020, #8057, #845, #3705 ) ) ;
#263 = CARTESIAN_POINT ( 'NONE',  ( -0.1400000000000001243, 0.05000000000000002359, -5.059610138265678813E-16 ) ) ;
#264 = ORIENTED_EDGE ( 'NONE', *, *, #3230, .F. ) ;
#265 = ORIENTED_EDGE ( 'NONE', *, *, #379, .T. ) ;
#266 = EDGE_CURVE ( 'NONE', #8122, #3650, #1485, .T. ) ;
#267 = CARTESIAN_POINT ( 'NONE',  ( 1.225000000000002309, 0.1519999999999999962, 0.2499999999999691636 ) ) ;
#268 = DIRECTION ( 'NONE',  ( 1.000000000000000000, 0.000000000000000000, 0.000000000000000000 ) ) ;
#269 = DIRECTION ( 'NONE',  ( 0.000000000000000000, -1.000000000000000000, 0.000000000000000000 ) ) ;
#270 = CARTESIAN_POINT ( 'NONE',  ( 1.469999999999997087, 0.1519999999999999962, -0.1400000000000309053 ) ) ;
#271 = CARTESIAN_POINT ( 'NONE',  ( -0.2500000000000128786, 0.1519999999999999962, 1.099999999999976108 ) ) ;
#272 = AXIS2_PLACEMENT_3D ( 'NONE', #2635, #2686, #4891 ) ;
#273 = VERTEX_POINT ( 'NONE', #6765 ) ;
#274 = CARTESIAN_POINT ( 'NONE',  ( -1.499999999999989786, 0.1519999999999999962, 0.1400000000000000411 ) ) ;
#275 = VERTEX_POINT ( 'NONE', #3007 ) ;
#276 = ORIENTED_EDGE ( 'NONE', *, *, #5125, .T. ) ;
#277 = CARTESIAN_POINT ( 'NONE',  ( 0.8600000000000194156, 0.1519999999999999962, 1.499999999999972689 ) ) ;
#278 = VERTEX_POINT ( 'NONE', #698 ) ;
#279 = DIRECTION ( 'NONE',  ( -4.425314989736752882E-16, 0.000000000000000000, 1.000000000000000000 ) ) ;
#280 = DIRECTION ( 'NONE',  ( -4.425314989736752882E-16, 0.000000000000000000, -1.000000000000000000 ) ) ;
#281 = DIRECTION ( 'NONE',  ( 0.000000000000000000, -1.000000000000000000, 0.000000000000000000 ) ) ;
#282 = PRESENTATION_LAYER_ASSIGNMENT (  '', '', ( #9210 ) ) ;
#283 = ADVANCED_FACE ( 'NONE', ( #3712 ), #7457, .T. ) ;
#284 = ADVANCED_FACE ( 'NONE', ( #742 ), #5889, .F. ) ;
#285 = VERTEX_POINT ( 'NONE', #6672 ) ;
#286 = CARTESIAN_POINT ( 'NONE',  ( 0.7500000000000043299, 0.1519999999999999962, -1.224999999999997424 ) ) ;
#287 = AXIS2_PLACEMENT_3D ( 'NONE', #7553, #3202, #8244 ) ;
#288 = ORIENTED_EDGE ( 'NONE', *, *, #2568, .T. ) ;
#289 = AXIS2_PLACEMENT_3D ( 'NONE', #6755, #5289, #8278 ) ;
#290 = CARTESIAN_POINT ( 'NONE',  ( 0.6250000000000044409, 0.1519999999999999962, -1.224999999999997868 ) ) ;
#291 = LINE ( 'NONE', #2459, #3336 ) ;
#292 = LINE ( 'NONE', #9212, #9603 ) ;
#293 = CARTESIAN_POINT ( 'NONE',  ( 0.000000000000000000, 0.05000000000000002359, -0.6400000000000309885 ) ) ;
#294 = ORIENTED_EDGE ( 'NONE', *, *, #7210, .F. ) ;
#295 = AXIS2_PLACEMENT_3D ( 'NONE', #8364, #6975, #4058 ) ;
#296 = VECTOR ( 'NONE', #1616, 1000.000000000000000 ) ;
#297 = FACE_OUTER_BOUND ( 'NONE', #7960, .T. ) ;
#298 = CARTESIAN_POINT ( 'NONE',  ( 0.7500000000000193179, 0.1519999999999999962, 1.224999999999972555 ) ) ;
#299 = ORIENTED_EDGE ( 'NONE', *, *, #23, .T. ) ;
#300 = CARTESIAN_POINT ( 'NONE',  ( -0.7500000000000127676, 0.1519999999999999962, 1.224999999999992095 ) ) ;
#301 = EDGE_CURVE ( 'NONE', #9197, #5732, #7507, .T. ) ;
#302 = VECTOR ( 'NONE', #2139, 1000.000000000000000 ) ;
#303 = CARTESIAN_POINT ( 'NONE',  ( 0.8750000000000042188, 0.000000000000000000, -1.224999999999996980 ) ) ;
#304 = AXIS2_PLACEMENT_3D ( 'NONE', #4119, #7089, #6361 ) ;
#305 = CARTESIAN_POINT ( 'NONE',  ( -1.470000000000000195, 0.1519999999999999962, -0.6400000000000000133 ) ) ;
#306 = DIRECTION ( 'NONE',  ( 0.000000000000000000, -0.000000000000000000, -1.000000000000000000 ) ) ;
#307 = DIRECTION ( 'NONE',  ( 0.000000000000000000, -1.000000000000000000, 0.000000000000000000 ) ) ;
#308 = VECTOR ( 'NONE', #6432, 1000.000000000000000 ) ;
#309 = CIRCLE ( 'NONE', #8293, 0.1249999999999998890 ) ;
#310 = ORIENTED_EDGE ( 'NONE', *, *, #9458, .F. ) ;
#311 = VERTEX_POINT ( 'NONE', #791 ) ;
#312 = CARTESIAN_POINT ( 'NONE',  ( -1.469999999999984652, 0.1519999999999999962, 0.8599999999999999867 ) ) ;
#313 = VERTEX_POINT ( 'NONE', #9667 ) ;
#314 = EDGE_LOOP ( 'NONE', ( #7764, #3263, #4647, #387 ) ) ;
#315 =( GEOMETRIC_REPRESENTATION_CONTEXT ( 3 ) GLOBAL_UNCERTAINTY_ASSIGNED_CONTEXT ( ( #4109 ) ) GLOBAL_UNIT_ASSIGNED_CONTEXT ( ( #1021, #7783, #4029 ) ) REPRESENTATION_CONTEXT ( 'NONE', 'WORKASPACE' ) );
#316 = DIRECTION ( 'NONE',  ( 0.000000000000000000, 0.000000000000000000, -1.000000000000000000 ) ) ;
#317 = CARTESIAN_POINT ( 'NONE',  ( 0.1250000000000052458, 0.1519999999999999962, -1.469999999999994422 ) ) ;
#318 = PLANE ( 'NONE',  #9449 ) ;
#319 = CARTESIAN_POINT ( 'NONE',  ( -1.499999999999995115, 0.1519999999999999962, -0.3599999999999999867 ) ) ;
#320 = CARTESIAN_POINT ( 'NONE',  ( -1.470000000000000195, 0.1519999999999999962, -0.6400000000000000133 ) ) ;
#321 = EDGE_CURVE ( 'NONE', #1549, #5063, #3801, .T. ) ;
#322 = EDGE_CURVE ( 'NONE', #6435, #1918, #2271, .T. ) ;
#323 = VECTOR ( 'NONE', #3296, 1000.000000000000000 ) ;
#324 = ORIENTED_EDGE ( 'NONE', *, *, #7052, .F. ) ;
#325 = DIRECTION ( 'NONE',  ( 1.000000000000000000, 0.000000000000000000, 0.000000000000000000 ) ) ;
#326 = ORIENTED_EDGE ( 'NONE', *, *, #4305, .T. ) ;
#327 = ORIENTED_EDGE ( 'NONE', *, *, #522, .T. ) ;
#328 = FACE_OUTER_BOUND ( 'NONE', #3332, .T. ) ;
#329 = VERTEX_POINT ( 'NONE', #841 ) ;
#330 = CARTESIAN_POINT ( 'NONE',  ( -0.1399999999999948230, 0.1519999999999999962, -1.469999999999989981 ) ) ;
#331 = CARTESIAN_POINT ( 'NONE',  ( 0.1250000000000192901, 0.1519999999999999962, 1.469999999999977991 ) ) ;
#332 = VECTOR ( 'NONE', #7959, 1000.000000000000000 ) ;
#333 = VERTEX_POINT ( 'NONE', #4526 ) ;
#334 = DIRECTION ( 'NONE',  ( 3.982783490763077545E-15, -0.000000000000000000, -1.000000000000000000 ) ) ;
#335 = VECTOR ( 'NONE', #7243, 1000.000000000000000 ) ;
#336 = EDGE_CURVE ( 'NONE', #9513, #8154, #6071, .T. ) ;
#337 = ORIENTED_EDGE ( 'NONE', *, *, #1925, .T. ) ;
#338 = LINE ( 'NONE', #9351, #1737 ) ;
#339 = ADVANCED_FACE ( 'NONE', ( #9024 ), #7602, .F. ) ;
#340 = ADVANCED_FACE ( 'NONE', ( #3844 ), #8340, .T. ) ;
#341 = LINE ( 'NONE', #9402, #4274 ) ;
#342 = DIRECTION ( 'NONE',  ( 0.000000000000000000, 0.000000000000000000, -1.000000000000000000 ) ) ;
#343 = FILL_AREA_STYLE ('',( #8988 ) ) ;
#344 = CARTESIAN_POINT ( 'NONE',  ( -1.500000000000000222, 0.8000000000000000444, 1.500000000000000000 ) ) ;
#345 = ORIENTED_EDGE ( 'NONE', *, *, #7974, .F. ) ;
#346 = VECTOR ( 'NONE', #1421, 1000.000000000000000 ) ;
#347 = FACE_OUTER_BOUND ( 'NONE', #5761, .T. ) ;
#348 = DIRECTION ( 'NONE',  ( 0.000000000000000000, 0.000000000000000000, -1.000000000000000000 ) ) ;
#349 = ORIENTED_EDGE ( 'NONE', *, *, #4668, .F. ) ;
#350 = CARTESIAN_POINT ( 'NONE',  ( 0.8750000000000192069, 0.000000000000000000, 1.469999999999972662 ) ) ;
#351 = VECTOR ( 'NONE', #776, 1000.000000000000000 ) ;
#352 = FACE_OUTER_BOUND ( 'NONE', #7080, .T. ) ;
#353 = EDGE_CURVE ( 'NONE', #2287, #7034, #4676, .T. ) ;
#354 = DIRECTION ( 'NONE',  ( 0.000000000000000000, -1.000000000000000000, 0.000000000000000000 ) ) ;
#355 = DIRECTION ( 'NONE',  ( 0.000000000000000000, 0.000000000000000000, 1.000000000000000000 ) ) ;
#356 = CARTESIAN_POINT ( 'NONE',  ( 1.470000000000007523, 0.1519999999999999962, 0.8749999999999691358 ) ) ;
#357 = EDGE_CURVE ( 'NONE', #164, #2274, #1128, .T. ) ;
#358 = AXIS2_PLACEMENT_3D ( 'NONE', #4300, #6492, #8695 ) ;
#359 = ORIENTED_EDGE ( 'NONE', *, *, #5834, .T. ) ;
#360 = ORIENTED_EDGE ( 'NONE', *, *, #2695, .T. ) ;
#361 = CARTESIAN_POINT ( 'NONE',  ( -1.499999999999995115, 0.1519999999999999962, -0.3599999999999999867 ) ) ;
#362 = ORIENTED_EDGE ( 'NONE', *, *, #3341, .T. ) ;
#363 = VERTEX_POINT ( 'NONE', #202 ) ;
#364 = VECTOR ( 'NONE', #2651, 1000.000000000000000 ) ;
#365 = LINE ( 'NONE', #3472, #519 ) ;
#366 = LINE ( 'NONE', #3474, #2243 ) ;
#367 = DIRECTION ( 'NONE',  ( -7.228014483236677820E-15, 0.000000000000000000, -1.000000000000000000 ) ) ;
#368 = DIRECTION ( 'NONE',  ( 3.614007241618338910E-15, 0.000000000000000000, -1.000000000000000000 ) ) ;
#369 = EDGE_CURVE ( 'NONE', #5735, #239, #4722, .T. ) ;
#370 = AXIS2_PLACEMENT_3D ( 'NONE', #7780, #1062, #9344 ) ;
#371 = ORIENTED_EDGE ( 'NONE', *, *, #1994, .F. ) ;
#372 = LINE ( 'NONE', #2830, #6182 ) ;
#373 = EDGE_LOOP ( 'NONE', ( #6185, #5708, #7309, #4643, #9242, #8660, #426, #2036 ) ) ;
#374 = ORIENTED_EDGE ( 'NONE', *, *, #503, .F. ) ;
#375 = DIRECTION ( 'NONE',  ( 0.000000000000000000, -1.000000000000000000, 0.000000000000000000 ) ) ;
#376 = ORIENTED_EDGE ( 'NONE', *, *, #2520, .T. ) ;
#377 = AXIS2_PLACEMENT_3D ( 'NONE', #5841, #5741, #7951 ) ;
#378 = DIRECTION ( 'NONE',  ( 0.000000000000000000, -1.000000000000000000, 0.000000000000000000 ) ) ;
#379 = EDGE_CURVE ( 'NONE', #5121, #4500, #8488, .T. ) ;
#380 = CARTESIAN_POINT ( 'NONE',  ( 1.499999999999999778, 0.05000000000000002359, 1.500000000000000000 ) ) ;
#381 = DIRECTION ( 'NONE',  ( 0.000000000000000000, 0.000000000000000000, -1.000000000000000000 ) ) ;
#382 = ORIENTED_EDGE ( 'NONE', *, *, #8101, .F. ) ;
#383 = SURFACE_STYLE_FILL_AREA ( #1808 ) ;
#384 = PLANE ( 'NONE',  #4779 ) ;
#385 = VECTOR ( 'NONE', #7995, 1000.000000000000000 ) ;
#386 = DIRECTION ( 'NONE',  ( -1.000000000000000000, 0.000000000000000000, 0.000000000000000000 ) ) ;
#387 = ORIENTED_EDGE ( 'NONE', *, *, #5050, .T. ) ;
#388 = CARTESIAN_POINT ( 'NONE',  ( -0.3599999999999947131, 0.1519999999999999962, -1.469999999999990870 ) ) ;
#389 = DIRECTION ( 'NONE',  ( 0.000000000000000000, -0.000000000000000000, -1.000000000000000000 ) ) ;
#390 = EDGE_CURVE ( 'NONE', #1660, #4313, #4864, .T. ) ;
#391 = DIRECTION ( 'NONE',  ( 0.000000000000000000, 0.000000000000000000, -1.000000000000000000 ) ) ;
#392 = DIRECTION ( 'NONE',  ( -0.000000000000000000, -1.000000000000000000, -0.000000000000000000 ) ) ;
#393 = VECTOR ( 'NONE', #3872, 1000.000000000000000 ) ;
#394 = VECTOR ( 'NONE', #6176, 1000.000000000000000 ) ;
#395 = CARTESIAN_POINT ( 'NONE',  ( -5.531643737170970069E-17, 0.05000000000000002359, -0.1250000000000006661 ) ) ;
#396 = EDGE_LOOP ( 'NONE', ( #7277, #4929, #8675, #6912 ) ) ;
#397 = CARTESIAN_POINT ( 'NONE',  ( -1.200000000000000400, 0.7500000000000000000, -1.200000000000000178 ) ) ;
#398 = CARTESIAN_POINT ( 'NONE',  ( -1.499999999999984679, 0.1519999999999999962, 0.8599999999999999867 ) ) ;
#399 = EDGE_CURVE ( 'NONE', #1092, #2852, #8438, .T. ) ;
#400 = EDGE_CURVE ( 'NONE', #757, #1269, #3693, .T. ) ;
#401 = CIRCLE ( 'NONE', #6804, 0.1250000000000159317 ) ;
#402 = ORIENTED_EDGE ( 'NONE', *, *, #3307, .F. ) ;
#403 = CARTESIAN_POINT ( 'NONE',  ( -0.1249999999999807099, 0.000000000000000000, 1.469999999999983320 ) ) ;
#404 = LINE ( 'NONE', #7207, #2538 ) ;
#405 = PRODUCT_DEFINITION_SHAPE ( 'NONE', 'NONE',  #3486 ) ;
#406 = CARTESIAN_POINT ( 'NONE',  ( 1.470000000000007523, 0.1519999999999999962, 0.6399999999999691491 ) ) ;
#407 = VECTOR ( 'NONE', #9185, 1000.000000000000000 ) ;
#408 = CARTESIAN_POINT ( 'NONE',  ( 1.470000000000007523, 0.1519999999999999962, 0.6399999999999691491 ) ) ;
#409 = EDGE_CURVE ( 'NONE', #4797, #2291, #7104, .T. ) ;
#410 = FACE_OUTER_BOUND ( 'NONE', #8019, .T. ) ;
#411 = EDGE_CURVE ( 'NONE', #2867, #870, #1079, .T. ) ;
#412 = ORIENTED_EDGE ( 'NONE', *, *, #1345, .F. ) ;
#413 = ORIENTED_EDGE ( 'NONE', *, *, #4771, .F. ) ;
#414 = CARTESIAN_POINT ( 'NONE',  ( -0.8599999999999946576, 0.000000000000000000, -1.499999999999987566 ) ) ;
#415 = VERTEX_POINT ( 'NONE', #6123 ) ;
#416 = ORIENTED_EDGE ( 'NONE', *, *, #2680, .T. ) ;
#417 = LINE ( 'NONE', #4930, #49 ) ;
#418 = CARTESIAN_POINT ( 'NONE',  ( 0.6400000000000052314, 0.1519999999999999962, -1.469999999999997753 ) ) ;
#419 = EDGE_CURVE ( 'NONE', #1782, #5213, #6173, .T. ) ;
#420 = DIRECTION ( 'NONE',  ( 0.000000000000000000, 0.000000000000000000, -1.000000000000000000 ) ) ;
#421 = DIRECTION ( 'NONE',  ( -1.000000000000000000, 0.000000000000000000, -0.000000000000000000 ) ) ;
#422 = DIRECTION ( 'NONE',  ( 1.000000000000000000, 0.000000000000000000, -0.000000000000000000 ) ) ;
#423 = ORIENTED_EDGE ( 'NONE', *, *, #5814, .T. ) ;
#424 = DIRECTION ( 'NONE',  ( 0.000000000000000000, 1.000000000000000000, -0.000000000000000000 ) ) ;
#425 = VERTEX_POINT ( 'NONE', #2415 ) ;
#426 = ORIENTED_EDGE ( 'NONE', *, *, #3034, .F. ) ;
#427 = DIRECTION ( 'NONE',  ( -1.000000000000000000, 0.000000000000000000, -3.614007241618338910E-15 ) ) ;
#428 = EDGE_CURVE ( 'NONE', #4444, #1782, #8391, .T. ) ;
#429 = ORIENTED_EDGE ( 'NONE', *, *, #1320, .T. ) ;
#430 = DIRECTION ( 'NONE',  ( -0.000000000000000000, 1.000000000000000000, -0.000000000000000000 ) ) ;
#431 = DIRECTION ( 'NONE',  ( -0.000000000000000000, 1.000000000000000000, -0.000000000000000000 ) ) ;
#432 = CARTESIAN_POINT ( 'NONE',  ( 0.2500000000000192624, 0.1519999999999999962, 1.099999999999978106 ) ) ;
#433 = VERTEX_POINT ( 'NONE', #1770 ) ;
#434 = CARTESIAN_POINT ( 'NONE',  ( 0.1250000000000044964, 0.1519999999999999962, -1.224999999999994316 ) ) ;
#435 = FACE_OUTER_BOUND ( 'NONE', #2510, .T. ) ;
#436 = ORIENTED_EDGE ( 'NONE', *, *, #4654, .T. ) ;
#437 = DIRECTION ( 'NONE',  ( 0.000000000000000000, -1.000000000000000000, 0.000000000000000000 ) ) ;
#438 = DIRECTION ( 'NONE',  ( 1.000000000000000000, 0.000000000000000000, -0.000000000000000000 ) ) ;
#439 =( GEOMETRIC_REPRESENTATION_CONTEXT ( 3 ) GLOBAL_UNCERTAINTY_ASSIGNED_CONTEXT ( ( #6449 ) ) GLOBAL_UNIT_ASSIGNED_CONTEXT ( ( #8263, #5956, #6784 ) ) REPRESENTATION_CONTEXT ( 'NONE', 'WORKASPACE' ) );
#440 = LINE ( 'NONE', #3447, #8341 ) ;
#441 = CARTESIAN_POINT ( 'NONE',  ( 0.6250000000000052180, 0.1519999999999999962, -1.469999999999997753 ) ) ;
#442 = CARTESIAN_POINT ( 'NONE',  ( -0.7500000000000127676, 0.1519999999999999962, 1.099999999999992317 ) ) ;
#443 = ORIENTED_EDGE ( 'NONE', *, *, #2540, .T. ) ;
#444 = CARTESIAN_POINT ( 'NONE',  ( 0.1400000000000193312, 0.000000000000000000, 1.469999999999977991 ) ) ;
#445 = CARTESIAN_POINT ( 'NONE',  ( -1.469999999999989759, 0.000000000000000000, 0.3750000000000000000 ) ) ;
#446 = VECTOR ( 'NONE', #3572, 1000.000000000000000 ) ;
#447 = EDGE_CURVE ( 'NONE', #6904, #7636, #5448, .T. ) ;
#448 = EDGE_CURVE ( 'NONE', #5732, #4320, #3205, .T. ) ;
#449 = VERTEX_POINT ( 'NONE', #9265 ) ;
#450 = LINE ( 'NONE', #9269, #4164 ) ;
#451 = FACE_OUTER_BOUND ( 'NONE', #2569, .T. ) ;
#452 = VECTOR ( 'NONE', #1667, 1000.000000000000000 ) ;
#453 = PLANE ( 'NONE',  #2983 ) ;
#454 = DIRECTION ( 'NONE',  ( -1.000000000000000000, 0.000000000000000000, -0.000000000000000000 ) ) ;
#455 = LINE ( 'NONE', #7161, #5238 ) ;
#456 = AXIS2_PLACEMENT_3D ( 'NONE', #1124, #7053, #1917 ) ;
#457 = VECTOR ( 'NONE', #482, 1000.000000000000000 ) ;
#458 = ORIENTED_EDGE ( 'NONE', *, *, #1390, .F. ) ;
#459 = ORIENTED_EDGE ( 'NONE', *, *, #3462, .T. ) ;
#460 = LINE ( 'NONE', #3468, #3400 ) ;
#461 = ORIENTED_EDGE ( 'NONE', *, *, #5897, .F. ) ;
#462 = VERTEX_POINT ( 'NONE', #985 ) ;
#463 = EDGE_CURVE ( 'NONE', #1735, #7178, #8537, .T. ) ;
#464 = EDGE_CURVE ( 'NONE', #8756, #6630, #6999, .T. ) ;
#465 = DIRECTION ( 'NONE',  ( 3.614007241618338910E-15, 0.000000000000000000, -1.000000000000000000 ) ) ;
#466 = DIRECTION ( 'NONE',  ( -1.000000000000000000, 0.000000000000000000, -3.942553354492744616E-15 ) ) ;
#467 = CARTESIAN_POINT ( 'NONE',  ( -1.224999999999984546, 0.1519999999999999962, 0.7500000000000000000 ) ) ;
#468 = CARTESIAN_POINT ( 'NONE',  ( 0.8750000000000192069, 0.1519999999999999962, 1.224999999999972555 ) ) ;
#469 = AXIS2_PLACEMENT_3D ( 'NONE', #212, #1039, #3901 ) ;
#470 = VECTOR ( 'NONE', #4303, 1000.000000000000000 ) ;
#471 = DIRECTION ( 'NONE',  ( 0.000000000000000000, -1.000000000000000000, 0.000000000000000000 ) ) ;
#472 = ORIENTED_EDGE ( 'NONE', *, *, #5706, .T. ) ;
#473 = CARTESIAN_POINT ( 'NONE',  ( 1.225000000000002309, 0.1519999999999999962, 0.3749999999999690803 ) ) ;
#474 = AXIS2_PLACEMENT_3D ( 'NONE', #7698, #6172, #9218 ) ;
#475 = ORIENTED_EDGE ( 'NONE', *, *, #7091, .T. ) ;
#476 = ORIENTED_EDGE ( 'NONE', *, *, #1922, .T. ) ;
#477 = CARTESIAN_POINT ( 'NONE',  ( -1.499999999999995115, 0.1519999999999999962, -0.1400000000000000411 ) ) ;
#478 = ORIENTED_EDGE ( 'NONE', *, *, #4582, .T. ) ;
#479 = CARTESIAN_POINT ( 'NONE',  ( 1.469999999999991980, 0.1519999999999999962, -0.8750000000000308642 ) ) ;
#480 = EDGE_CURVE ( 'NONE', #1687, #7412, #3989, .T. ) ;
#481 = DIRECTION ( 'NONE',  ( -1.000000000000000000, -0.000000000000000000, -4.425314989736752882E-16 ) ) ;
#482 = DIRECTION ( 'NONE',  ( 0.000000000000000000, -1.000000000000000000, 0.000000000000000000 ) ) ;
#483 = ORIENTED_EDGE ( 'NONE', *, *, #3845, .F. ) ;
#484 = AXIS2_PLACEMENT_3D ( 'NONE', #7055, #9358, #2657 ) ;
#485 = DIRECTION ( 'NONE',  ( -4.425314989736752882E-16, 0.000000000000000000, -1.000000000000000000 ) ) ;
#486 = ADVANCED_FACE ( 'NONE', ( #3253 ), #5493, .F. ) ;
#487 = DIRECTION ( 'NONE',  ( -1.000000000000000000, -0.000000000000000000, -4.425314989736752882E-16 ) ) ;
#488 = ORIENTED_EDGE ( 'NONE', *, *, #9441, .F. ) ;
#489 = DIRECTION ( 'NONE',  ( 0.000000000000000000, -0.000000000000000000, -1.000000000000000000 ) ) ;
#490 = VECTOR ( 'NONE', #6991, 1000.000000000000000 ) ;
#491 = DIRECTION ( 'NONE',  ( -0.000000000000000000, 0.000000000000000000, -1.000000000000000000 ) ) ;
#492 = CARTESIAN_POINT ( 'NONE',  ( -1.469999999999994866, 0.1519999999999999962, -0.1400000000000000411 ) ) ;
#493 = CARTESIAN_POINT ( 'NONE',  ( -0.000000000000000000, 0.05000000000000002359, -0.3599999999999999867 ) ) ;
#494 = FACE_OUTER_BOUND ( 'NONE', #4362, .T. ) ;
#495 = EDGE_LOOP ( 'NONE', ( #5585, #41, #6967, #8070 ) ) ;
#496 = DIRECTION ( 'NONE',  ( 1.000000000000000000, 0.000000000000000000, -1.301042606982616933E-13 ) ) ;
#497 = DIRECTION ( 'NONE',  ( -0.000000000000000000, 1.000000000000000000, -0.000000000000000000 ) ) ;
#498 = AXIS2_PLACEMENT_3D ( 'NONE', #277, #8060, #9246 ) ;
#499 = ORIENTED_EDGE ( 'NONE', *, *, #6725, .T. ) ;
#500 = DIRECTION ( 'NONE',  ( 0.000000000000000000, 0.000000000000000000, 1.000000000000000000 ) ) ;
#501 = DIRECTION ( 'NONE',  ( 0.000000000000000000, -1.000000000000000000, 0.000000000000000000 ) ) ;
#502 = AXIS2_PLACEMENT_3D ( 'NONE', #5838, #3656, #8834 ) ;
#503 = EDGE_CURVE ( 'NONE', #2384, #6046, #7795, .T. ) ;
#504 = EDGE_CURVE ( 'NONE', #3308, #8167, #1869, .T. ) ;
#505 = LINE ( 'NONE', #5739, #8141 ) ;
#506 = DIRECTION ( 'NONE',  ( 1.000000000000000000, 0.000000000000000000, 0.000000000000000000 ) ) ;
#507 = LINE ( 'NONE', #3464, #4924 ) ;
#508 = CIRCLE ( 'NONE', #1126, 0.1249999999999998890 ) ;
#509 = ORIENTED_EDGE ( 'NONE', *, *, #5178, .T. ) ;
#510 = ORIENTED_EDGE ( 'NONE', *, *, #8500, .T. ) ;
#511 = DIRECTION ( 'NONE',  ( 0.000000000000000000, 0.000000000000000000, 1.000000000000000000 ) ) ;
#512 = ORIENTED_EDGE ( 'NONE', *, *, #171, .F. ) ;
#513 = ORIENTED_EDGE ( 'NONE', *, *, #8553, .F. ) ;
#514 = LINE ( 'NONE', #1846, #2373 ) ;
#515 = ORIENTED_EDGE ( 'NONE', *, *, #5652, .F. ) ;
#516 = CARTESIAN_POINT ( 'NONE',  ( -0.000000000000000000, 0.05000000000000002359, -0.3600000000000307954 ) ) ;
#517 = ADVANCED_FACE ( 'NONE', ( #3602 ), #3505, .T. ) ;
#518 = DIRECTION ( 'NONE',  ( 3.614007241618338910E-15, 0.000000000000000000, -1.000000000000000000 ) ) ;
#519 = VECTOR ( 'NONE', #8458, 1000.000000000000000 ) ;
#520 = CARTESIAN_POINT ( 'NONE',  ( 1.469999999999997087, 0.1519999999999999962, -0.3750000000000308642 ) ) ;
#521 = ADVANCED_FACE ( 'NONE', ( #5783 ), #1973, .T. ) ;
#522 = EDGE_CURVE ( 'NONE', #4031, #6189, #2116, .T. ) ;
#523 = EDGE_CURVE ( 'NONE', #6826, #4642, #2800, .T. ) ;
#524 = ORIENTED_EDGE ( 'NONE', *, *, #8288, .F. ) ;
#525 = EDGE_LOOP ( 'NONE', ( #7440, #5305, #1030, #29 ) ) ;
#526 = LINE ( 'NONE', #6398, #4487 ) ;
#527 = AXIS2_PLACEMENT_3D ( 'NONE', #8941, #1765, #5219 ) ;
#528 = EDGE_LOOP ( 'NONE', ( #8172, #6845, #3013, #2035 ) ) ;
#529 = VERTEX_POINT ( 'NONE', #5638 ) ;
#530 = DIRECTION ( 'NONE',  ( -1.000000000000000000, 0.000000000000000000, 0.000000000000000000 ) ) ;
#531 = ORIENTED_EDGE ( 'NONE', *, *, #3912, .F. ) ;
#532 = CARTESIAN_POINT ( 'NONE',  ( 0.8600000000000053157, 0.1519999999999999962, -1.499999999999996891 ) ) ;
#533 =( LENGTH_UNIT ( ) NAMED_UNIT ( * ) SI_UNIT ( .MILLI., .METRE. ) );
#534 = LINE ( 'NONE', #7138, #8591 ) ;
#535 = ORIENTED_EDGE ( 'NONE', *, *, #3647, .F. ) ;
#536 = STYLED_ITEM ( 'NONE', ( #8708 ), #9423 ) ;
#537 = FACE_OUTER_BOUND ( 'NONE', #9371, .T. ) ;
#538 = CARTESIAN_POINT ( 'NONE',  ( 0.000000000000000000, 0.05000000000000002359, 0.6399999999999691491 ) ) ;
#539 = ADVANCED_FACE ( 'NONE', ( #4914 ), #1377, .F. ) ;
#540 = VERTEX_POINT ( 'NONE', #9408 ) ;
#541 = DIRECTION ( 'NONE',  ( -0.000000000000000000, -1.000000000000000000, -0.000000000000000000 ) ) ;
#542 = PLANE ( 'NONE',  #1284 ) ;
#543 = DIRECTION ( 'NONE',  ( 1.000000000000000000, 0.000000000000000000, -0.000000000000000000 ) ) ;
#544 = LINE ( 'NONE', #4280, #2973 ) ;
#545 = ORIENTED_EDGE ( 'NONE', *, *, #1072, .F. ) ;
#546 = AXIS2_PLACEMENT_3D ( 'NONE', #3355, #3942, #1821 ) ;
#547 = DIRECTION ( 'NONE',  ( -1.000000000000000000, 0.000000000000000000, 0.000000000000000000 ) ) ;
#548 = CARTESIAN_POINT ( 'NONE',  ( -1.469999999999984652, 0.1519999999999999962, 0.8599999999999999867 ) ) ;
#549 = ORIENTED_EDGE ( 'NONE', *, *, #7247, .F. ) ;
#550 = DIRECTION ( 'NONE',  ( 1.000000000000000000, 0.000000000000000000, -0.000000000000000000 ) ) ;
#551 = VECTOR ( 'NONE', #5062, 1000.000000000000000 ) ;
#552 = CARTESIAN_POINT ( 'NONE',  ( -0.1399999999999807510, 0.05000000000000002359, 1.469999999999983320 ) ) ;
#553 = VECTOR ( 'NONE', #5986, 1000.000000000000000 ) ;
#554 = EDGE_CURVE ( 'NONE', #5355, #3112, #6374, .T. ) ;
#555 = PLANE ( 'NONE',  #9552 ) ;
#556 = LINE ( 'NONE', #1087, #9551 ) ;
#557 = CARTESIAN_POINT ( 'NONE',  ( -0.6399999999999947953, 0.1519999999999999962, -1.469999999999986429 ) ) ;
#558 = VECTOR ( 'NONE', #7677, 1000.000000000000000 ) ;
#559 = VECTOR ( 'NONE', #6184, 1000.000000000000000 ) ;
#560 = EDGE_CURVE ( 'NONE', #2572, #6970, #6567, .T. ) ;
#561 = EDGE_LOOP ( 'NONE', ( #1822, #4556, #129, #4737 ) ) ;
#562 = ORIENTED_EDGE ( 'NONE', *, *, #1539, .T. ) ;
#563 = CARTESIAN_POINT ( 'NONE',  ( -0.6249999999999947820, 0.1519999999999999962, -1.469999999999986429 ) ) ;
#564 = ORIENTED_EDGE ( 'NONE', *, *, #5347, .T. ) ;
#565 = PLANE ( 'NONE',  #3948 ) ;
#566 = VECTOR ( 'NONE', #716, 1000.000000000000000 ) ;
#567 = PLANE ( 'NONE',  #9275 ) ;
#568 = CARTESIAN_POINT ( 'NONE',  ( 0.6250000000000192069, 0.1519999999999999962, 1.469999999999972662 ) ) ;
#569 = SURFACE_SIDE_STYLE ('',( #5128 ) ) ;
#570 = DIRECTION ( 'NONE',  ( 0.000000000000000000, -1.000000000000000000, 0.000000000000000000 ) ) ;
#571 = CARTESIAN_POINT ( 'NONE',  ( 0.8750000000000052180, 0.1519999999999999962, -1.469999999999996865 ) ) ;
#572 = EDGE_CURVE ( 'NONE', #5381, #6150, #2754, .T. ) ;
#573 = ORIENTED_EDGE ( 'NONE', *, *, #3576, .T. ) ;
#574 = ORIENTED_EDGE ( 'NONE', *, *, #7851, .F. ) ;
#575 = CARTESIAN_POINT ( 'NONE',  ( 0.8600000000000053157, 0.1519999999999999962, -1.499999999999996891 ) ) ;
#576 = ORIENTED_EDGE ( 'NONE', *, *, #4192, .F. ) ;
#577 = VERTEX_POINT ( 'NONE', #2707 ) ;
#578 = CARTESIAN_POINT ( 'NONE',  ( 0.1400000000000193312, 0.000000000000000000, 1.499999999999978240 ) ) ;
#579 = ORIENTED_EDGE ( 'NONE', *, *, #4544, .T. ) ;
#580 = CARTESIAN_POINT ( 'NONE',  ( 0.2500000000000043854, 0.1519999999999999962, -1.224999999999993872 ) ) ;
#581 = CARTESIAN_POINT ( 'NONE',  ( 0.6250000000000044409, 0.05000000000000002359, -1.224999999999997868 ) ) ;
#582 = CARTESIAN_POINT ( 'NONE',  ( -1.499999999999989786, 0.000000000000000000, 0.3599999999999999867 ) ) ;
#583 = ORIENTED_EDGE ( 'NONE', *, *, #5141, .F. ) ;
#584 = LINE ( 'NONE', #4368, #4009 ) ;
#585 = DIRECTION ( 'NONE',  ( 0.000000000000000000, 1.000000000000000000, -0.000000000000000000 ) ) ;
#586 = ORIENTED_EDGE ( 'NONE', *, *, #1559, .F. ) ;
#587 = DIRECTION ( 'NONE',  ( -3.942553354492744616E-15, 0.000000000000000000, 1.000000000000000000 ) ) ;
#588 = LINE ( 'NONE', #2205, #4587 ) ;
#589 = EDGE_CURVE ( 'NONE', #4097, #3246, #3999, .T. ) ;
#590 = EDGE_CURVE ( 'NONE', #7165, #9567, #1177, .T. ) ;
#591 = LINE ( 'NONE', #1422, #987 ) ;
#592 =( NAMED_UNIT ( * ) PLANE_ANGLE_UNIT ( ) SI_UNIT ( $, .RADIAN. ) );
#593 = FACE_OUTER_BOUND ( 'NONE', #5649, .T. ) ;
#594 = ORIENTED_EDGE ( 'NONE', *, *, #2344, .F. ) ;
#595 = CARTESIAN_POINT ( 'NONE',  ( -1.500000000000000222, 0.1519999999999999962, -0.6400000000000000133 ) ) ;
#596 = CARTESIAN_POINT ( 'NONE',  ( 0.2500000000000192624, 0.1519999999999999962, 1.224999999999978106 ) ) ;
#597 = EDGE_CURVE ( 'NONE', #7187, #4878, #4962, .T. ) ;
#598 = AXIS2_PLACEMENT_3D ( 'NONE', #6802, #2458, #2311 ) ;
#599 = ORIENTED_EDGE ( 'NONE', *, *, #5092, .T. ) ;
#600 = PLANE ( 'NONE',  #3217 ) ;
#601 = DIRECTION ( 'NONE',  ( -1.000000000000000000, 0.000000000000000000, -3.942553354492744616E-15 ) ) ;
#602 = EDGE_CURVE ( 'NONE', #8476, #2428, #3700, .T. ) ;
#603 = CARTESIAN_POINT ( 'NONE',  ( -0.1399999999999947120, 0.1519999999999999962, -1.499999999999990008 ) ) ;
#604 = DIRECTION ( 'NONE',  ( 0.000000000000000000, 1.000000000000000000, -0.000000000000000000 ) ) ;
#605 = PLANE ( 'NONE',  #1327 ) ;
#606 = EDGE_CURVE ( 'NONE', #857, #1948, #7943, .T. ) ;
#607 = EDGE_LOOP ( 'NONE', ( #7580, #7253, #8791, #5996, #7387, #5756, #2780, #8405 ) ) ;
#608 = VERTEX_POINT ( 'NONE', #1224 ) ;
#609 = CARTESIAN_POINT ( 'NONE',  ( -1.469999999999984652, 0.1519999999999999962, 0.6250000000000000000 ) ) ;
#610 = CIRCLE ( 'NONE', #6097, 0.1249999999999998890 ) ;
#611 = ORIENTED_EDGE ( 'NONE', *, *, #8500, .F. ) ;
#612 = DIRECTION ( 'NONE',  ( -1.000000000000000000, 0.000000000000000000, -3.614007241618338910E-15 ) ) ;
#613 = VECTOR ( 'NONE', #2451, 1000.000000000000000 ) ;
#614 = CARTESIAN_POINT ( 'NONE',  ( 0.6400000000000194422, 0.1519999999999999962, 1.499999999999972689 ) ) ;
#615 = SURFACE_STYLE_FILL_AREA ( #3764 ) ;
#616 = DIRECTION ( 'NONE',  ( -1.000000000000000000, 0.000000000000000000, -0.000000000000000000 ) ) ;
#617 = CARTESIAN_POINT ( 'NONE',  ( -0.1399999999999807510, 0.1519999999999999962, 1.469999999999983320 ) ) ;
#618 = AXIS2_PLACEMENT_3D ( 'NONE', #9047, #6744, #8720 ) ;
#619 = CIRCLE ( 'NONE', #6862, 0.1499999999999999667 ) ;
#620 = ORIENTED_EDGE ( 'NONE', *, *, #3660, .F. ) ;
#621 = ORIENTED_EDGE ( 'NONE', *, *, #7548, .F. ) ;
#622 = PLANE ( 'NONE',  #7288 ) ;
#623 = ORIENTED_EDGE ( 'NONE', *, *, #4566, .F. ) ;
#624 = ORIENTED_EDGE ( 'NONE', *, *, #8308, .F. ) ;
#625 = DIRECTION ( 'NONE',  ( -1.000000000000000000, 0.000000000000000000, 0.000000000000000000 ) ) ;
#626 = ORIENTED_EDGE ( 'NONE', *, *, #3575, .F. ) ;
#627 = VECTOR ( 'NONE', #9132, 1000.000000000000000 ) ;
#628 = FACE_OUTER_BOUND ( 'NONE', #7561, .T. ) ;
#629 = VECTOR ( 'NONE', #709, 1000.000000000000000 ) ;
#630 =( NAMED_UNIT ( * ) PLANE_ANGLE_UNIT ( ) SI_UNIT ( $, .RADIAN. ) );
#631 = CARTESIAN_POINT ( 'NONE',  ( 0.7500000000000193179, 0.1519999999999999962, 1.099999999999972777 ) ) ;
#632 = EDGE_CURVE ( 'NONE', #4878, #6421, #6475, .T. ) ;
#633 = EDGE_CURVE ( 'NONE', #5419, #9150, #3555, .T. ) ;
#634 = ORIENTED_EDGE ( 'NONE', *, *, #3781, .F. ) ;
#635 = DIRECTION ( 'NONE',  ( -3.097720492815727067E-15, 0.000000000000000000, 1.000000000000000000 ) ) ;
#636 = VECTOR ( 'NONE', #3252, 1000.000000000000000 ) ;
#637 = CARTESIAN_POINT ( 'NONE',  ( -1.500000000000000222, 0.1519999999999999962, -0.6400000000000000133 ) ) ;
#638 = ORIENTED_EDGE ( 'NONE', *, *, #7430, .T. ) ;
#639 = CARTESIAN_POINT ( 'NONE',  ( 1.500000000000007550, 0.1519999999999999962, 0.8599999999999691225 ) ) ;
#640 = DIRECTION ( 'NONE',  ( -1.000000000000000000, -0.000000000000000000, -0.000000000000000000 ) ) ;
#641 = DIRECTION ( 'NONE',  ( 1.000000000000000000, 0.000000000000000000, -8.850629979473505765E-16 ) ) ;
#642 = CARTESIAN_POINT ( 'NONE',  ( -0.3599999999999946021, 0.000000000000000000, -1.499999999999990896 ) ) ;
#643 = PRESENTATION_LAYER_ASSIGNMENT (  '', '', ( #9083 ) ) ;
#644 = ORIENTED_EDGE ( 'NONE', *, *, #1539, .F. ) ;
#645 = SURFACE_STYLE_FILL_AREA ( #6566 ) ;
#646 = FACE_OUTER_BOUND ( 'NONE', #5264, .T. ) ;
#647 = ADVANCED_FACE ( 'NONE', ( #6423 ), #5734, .F. ) ;
#648 = EDGE_CURVE ( 'NONE', #4728, #757, #4335, .T. ) ;
#649 = AXIS2_PLACEMENT_3D ( 'NONE', #9698, #7292, #8086 ) ;
#650 = ORIENTED_EDGE ( 'NONE', *, *, #969, .F. ) ;
#651 = DIRECTION ( 'NONE',  ( 0.000000000000000000, -0.000000000000000000, -1.000000000000000000 ) ) ;
#652 = DIRECTION ( 'NONE',  ( 0.000000000000000000, -1.000000000000000000, 0.000000000000000000 ) ) ;
#653 = CARTESIAN_POINT ( 'NONE',  ( -0.8749999999999807931, 0.1519999999999999962, 1.469999999999988649 ) ) ;
#654 = VECTOR ( 'NONE', #9672, 1000.000000000000000 ) ;
#655 = LINE ( 'NONE', #5840, #7983 ) ;
#656 = LINE ( 'NONE', #5792, #3379 ) ;
#657 = ORIENTED_EDGE ( 'NONE', *, *, #8308, .T. ) ;
#658 = EDGE_LOOP ( 'NONE', ( #6017, #1502, #8548, #9489 ) ) ;
#659 = DIRECTION ( 'NONE',  ( -1.000000000000000000, 0.000000000000000000, 0.000000000000000000 ) ) ;
#660 = ADVANCED_FACE ( 'NONE', ( #646 ), #51, .F. ) ;
#661 = AXIS2_PLACEMENT_3D ( 'NONE', #7901, #2758, #1133 ) ;
#662 = ORIENTED_EDGE ( 'NONE', *, *, #4963, .F. ) ;
#663 = DIRECTION ( 'NONE',  ( 0.000000000000000000, 0.000000000000000000, -1.000000000000000000 ) ) ;
#664 = DIRECTION ( 'NONE',  ( -1.000000000000000000, 0.000000000000000000, 0.000000000000000000 ) ) ;
#665 = CARTESIAN_POINT ( 'NONE',  ( 1.469999999999991980, 0.000000000000000000, -0.6400000000000309885 ) ) ;
#666 = CARTESIAN_POINT ( 'NONE',  ( 0.8750000000000052180, 0.000000000000000000, -1.469999999999996865 ) ) ;
#667 = DIRECTION ( 'NONE',  ( -1.000000000000000000, 0.000000000000000000, 0.000000000000000000 ) ) ;
#668 = CIRCLE ( 'NONE', #5354, 0.1249999999999998890 ) ;
#669 = ORIENTED_EDGE ( 'NONE', *, *, #9461, .F. ) ;
#670 = ORIENTED_EDGE ( 'NONE', *, *, #3162, .T. ) ;
#671 = LINE ( 'NONE', #5133, #6030 ) ;
#672 = ORIENTED_EDGE ( 'NONE', *, *, #6499, .F. ) ;
#673 = ORIENTED_EDGE ( 'NONE', *, *, #1277, .F. ) ;
#674 = DIRECTION ( 'NONE',  ( -0.000000000000000000, -1.000000000000000000, -0.000000000000000000 ) ) ;
#675 = EDGE_LOOP ( 'NONE', ( #2045, #5811, #5486, #8268, #4706, #8527, #7101, #2659, #483 ) ) ;
#676 = VECTOR ( 'NONE', #1495, 1000.000000000000000 ) ;
#677 = CARTESIAN_POINT ( 'NONE',  ( 0.2500000000000192624, 0.05000000000000002359, 1.099999999999978106 ) ) ;
#678 = EDGE_CURVE ( 'NONE', #5904, #4862, #2427, .T. ) ;
#679 = DIRECTION ( 'NONE',  ( -2.987087618072308159E-15, 0.000000000000000000, 1.000000000000000000 ) ) ;
#680 = EDGE_LOOP ( 'NONE', ( #8371, #1300, #1064, #6674, #4265, #810, #6851, #7365, #5570 ) ) ;
#681 = VECTOR ( 'NONE', #7516, 1000.000000000000000 ) ;
#682 = LINE ( 'NONE', #1466, #3707 ) ;
#683 = ORIENTED_EDGE ( 'NONE', *, *, #5651, .F. ) ;
#684 = EDGE_CURVE ( 'NONE', #6987, #1687, #6801, .T. ) ;
#685 = FACE_OUTER_BOUND ( 'NONE', #8480, .T. ) ;
#686 = DIRECTION ( 'NONE',  ( -1.000000000000000000, 0.000000000000000000, 0.000000000000000000 ) ) ;
#687 = LINE ( 'NONE', #3789, #6926 ) ;
#688 = FACE_OUTER_BOUND ( 'NONE', #3251, .T. ) ;
#689 = ORIENTED_EDGE ( 'NONE', *, *, #4023, .T. ) ;
#690 = CARTESIAN_POINT ( 'NONE',  ( 0.1250000000000052458, 0.1519999999999999962, -1.469999999999994422 ) ) ;
#691 = ADVANCED_FACE ( 'NONE', ( #5249 ), #97, .F. ) ;
#692 = ORIENTED_EDGE ( 'NONE', *, *, #6092, .F. ) ;
#693 = CARTESIAN_POINT ( 'NONE',  ( -1.200000000000000400, 0.7500000000000000000, -1.350000000000000089 ) ) ;
#694 = DIRECTION ( 'NONE',  ( 6.637972484605129570E-16, 0.000000000000000000, 1.000000000000000000 ) ) ;
#695 = EDGE_CURVE ( 'NONE', #4196, #6987, #8880, .T. ) ;
#696 = LINE ( 'NONE', #3658, #8274 ) ;
#697 = CARTESIAN_POINT ( 'NONE',  ( 0.1250000000000052458, 0.000000000000000000, -1.469999999999994422 ) ) ;
#698 = CARTESIAN_POINT ( 'NONE',  ( 0.3600000000000052047, 0.1519999999999999962, -1.469999999999993534 ) ) ;
#699 = VECTOR ( 'NONE', #3882, 1000.000000000000000 ) ;
#700 = VECTOR ( 'NONE', #1633, 1000.000000000000000 ) ;
#701 = EDGE_LOOP ( 'NONE', ( #5516, #1024, #8179, #7572, #1156, #7083, #970, #4396 ) ) ;
#702 = ORIENTED_EDGE ( 'NONE', *, *, #9404, .T. ) ;
#703 = CARTESIAN_POINT ( 'NONE',  ( 0.6250000000000044409, 0.1519999999999999962, -1.224999999999997868 ) ) ;
#704 = VERTEX_POINT ( 'NONE', #2951 ) ;
#705 = CARTESIAN_POINT ( 'NONE',  ( -0.3749999999999806821, 0.1519999999999999962, 1.469999999999983320 ) ) ;
#706 = ORIENTED_EDGE ( 'NONE', *, *, #1138, .F. ) ;
#707 = FACE_OUTER_BOUND ( 'NONE', #7714, .T. ) ;
#708 = EDGE_CURVE ( 'NONE', #2819, #9127, #9705, .T. ) ;
#709 = DIRECTION ( 'NONE',  ( 1.000000000000000000, 0.000000000000000000, 0.000000000000000000 ) ) ;
#710 = VECTOR ( 'NONE', #87, 1000.000000000000000 ) ;
#711 = VECTOR ( 'NONE', #8782, 1000.000000000000000 ) ;
#712 = FACE_OUTER_BOUND ( 'NONE', #7945, .T. ) ;
#713 = ADVANCED_FACE ( 'NONE', ( #784 ), #6020, .F. ) ;
#714 = ORIENTED_EDGE ( 'NONE', *, *, #6092, .T. ) ;
#715 = VERTEX_POINT ( 'NONE', #8191 ) ;
#716 = DIRECTION ( 'NONE',  ( -0.000000000000000000, -1.000000000000000000, -0.000000000000000000 ) ) ;
#717 = VECTOR ( 'NONE', #6137, 1000.000000000000000 ) ;
#718 = VERTEX_POINT ( 'NONE', #3098 ) ;
#719 = ORIENTED_EDGE ( 'NONE', *, *, #1875, .T. ) ;
#720 = PRESENTATION_STYLE_ASSIGNMENT (( #811 ) ) ;
#721 = ORIENTED_EDGE ( 'NONE', *, *, #2003, .F. ) ;
#722 = CARTESIAN_POINT ( 'NONE',  ( -1.500000000000000222, 0.05000000000000002359, 1.500000000000000000 ) ) ;
#723 = DIRECTION ( 'NONE',  ( 0.000000000000000000, -0.000000000000000000, -1.000000000000000000 ) ) ;
#724 = LINE ( 'NONE', #7331, #7806 ) ;
#725 = VECTOR ( 'NONE', #6534, 1000.000000000000000 ) ;
#726 = CARTESIAN_POINT ( 'NONE',  ( 1.470000000000007523, 0.1519999999999999962, 0.8599999999999691225 ) ) ;
#727 = EDGE_CURVE ( 'NONE', #7241, #6721, #4427, .T. ) ;
#728 = ORIENTED_EDGE ( 'NONE', *, *, #8366, .T. ) ;
#729 = DIRECTION ( 'NONE',  ( 0.000000000000000000, 0.000000000000000000, -1.000000000000000000 ) ) ;
#730 = DIRECTION ( 'NONE',  ( -0.000000000000000000, -1.000000000000000000, -0.000000000000000000 ) ) ;
#731 = DIRECTION ( 'NONE',  ( 0.000000000000000000, 0.000000000000000000, -1.000000000000000000 ) ) ;
#732 = DIRECTION ( 'NONE',  ( 0.000000000000000000, -0.000000000000000000, -1.000000000000000000 ) ) ;
#733 = VERTEX_POINT ( 'NONE', #9613 ) ;
#734 = DIRECTION ( 'NONE',  ( 0.000000000000000000, -0.000000000000000000, -1.000000000000000000 ) ) ;
#735 = DIRECTION ( 'NONE',  ( -3.614007241618338910E-15, 0.000000000000000000, 1.000000000000000000 ) ) ;
#736 = VERTEX_POINT ( 'NONE', #2998 ) ;
#737 = CARTESIAN_POINT ( 'NONE',  ( 0.7500000000000193179, 0.1519999999999999962, 1.224999999999972555 ) ) ;
#738 = DIRECTION ( 'NONE',  ( 0.000000000000000000, 0.000000000000000000, -1.000000000000000000 ) ) ;
#739 = DIRECTION ( 'NONE',  ( -3.942553354492745404E-15, 0.000000000000000000, 1.000000000000000000 ) ) ;
#740 = ADVANCED_FACE ( 'NONE', ( #6616 ), #8969, .F. ) ;
#741 = PLANE ( 'NONE',  #1571 ) ;
#742 = FACE_OUTER_BOUND ( 'NONE', #4739, .T. ) ;
#743 = EDGE_CURVE ( 'NONE', #8426, #5975, #7350, .T. ) ;
#744 = ORIENTED_EDGE ( 'NONE', *, *, #7722, .F. ) ;
#745 = VERTEX_POINT ( 'NONE', #4477 ) ;
#746 = DIRECTION ( 'NONE',  ( 0.000000000000000000, 0.000000000000000000, -1.000000000000000000 ) ) ;
#747 = ORIENTED_EDGE ( 'NONE', *, *, #3093, .T. ) ;
#748 = CARTESIAN_POINT ( 'NONE',  ( 0.8750000000000052180, 0.1519999999999999962, -1.469999999999996865 ) ) ;
#749 = ORIENTED_EDGE ( 'NONE', *, *, #4787, .F. ) ;
#750 = DIRECTION ( 'NONE',  ( -1.000000000000000000, 0.000000000000000000, -3.614007241618338910E-15 ) ) ;
#751 = FILL_AREA_STYLE_COLOUR ( '', #5754 ) ;
#752 = VECTOR ( 'NONE', #5319, 1000.000000000000000 ) ;
#753 = CARTESIAN_POINT ( 'NONE',  ( -0.1399999999999807510, 0.000000000000000000, 1.469999999999983320 ) ) ;
#754 = LINE ( 'NONE', #2927, #9544 ) ;
#755 = VECTOR ( 'NONE', #9427, 1000.000000000000000 ) ;
#756 = ORIENTED_EDGE ( 'NONE', *, *, #9496, .F. ) ;
#757 = VERTEX_POINT ( 'NONE', #2163 ) ;
#758 = EDGE_CURVE ( 'NONE', #1971, #2934, #5201, .T. ) ;
#759 = CARTESIAN_POINT ( 'NONE',  ( -1.224999999999984546, 0.000000000000000000, 0.8749999999999998890 ) ) ;
#760 = ADVANCED_FACE ( 'NONE', ( #833 ), #1427, .T. ) ;
#761 = VERTEX_POINT ( 'NONE', #690 ) ;
#762 = ORIENTED_EDGE ( 'NONE', *, *, #9484, .T. ) ;
#763 = DIRECTION ( 'NONE',  ( 1.000000000000000000, 0.000000000000000000, 0.000000000000000000 ) ) ;
#764 = DIRECTION ( 'NONE',  ( -1.000000000000000000, 0.000000000000000000, 0.000000000000000000 ) ) ;
#765 = CARTESIAN_POINT ( 'NONE',  ( -1.200000000000000400, 0.7500000000000000000, -1.200000000000000178 ) ) ;
#766 = VECTOR ( 'NONE', #6005, 1000.000000000000000 ) ;
#767 = VECTOR ( 'NONE', #392, 1000.000000000000000 ) ;
#768 = LINE ( 'NONE', #3780, #8914 ) ;
#769 = CARTESIAN_POINT ( 'NONE',  ( 0.3750000000000052736, 0.05000000000000002359, -1.469999999999993534 ) ) ;
#770 = AXIS2_PLACEMENT_3D ( 'NONE', #7820, #4884, #4105 ) ;
#771 = ORIENTED_EDGE ( 'NONE', *, *, #4708, .T. ) ;
#772 = AXIS2_PLACEMENT_3D ( 'NONE', #2640, #1263, #7236 ) ;
#773 = LINE ( 'NONE', #6011, #6591 ) ;
#774 = ORIENTED_EDGE ( 'NONE', *, *, #7953, .T. ) ;
#775 = EDGE_CURVE ( 'NONE', #7071, #5758, #8280, .T. ) ;
#776 = DIRECTION ( 'NONE',  ( 1.000000000000000000, 0.000000000000000000, 0.000000000000000000 ) ) ;
#777 = FACE_OUTER_BOUND ( 'NONE', #9563, .T. ) ;
#778 = CARTESIAN_POINT ( 'NONE',  ( 1.225000000000002309, 0.1519999999999999962, 0.3749999999999690803 ) ) ;
#779 = ADVANCED_FACE ( 'NONE', ( #6664 ), #4518, .T. ) ;
#780 = ORIENTED_EDGE ( 'NONE', *, *, #2186, .F. ) ;
#781 = VECTOR ( 'NONE', #9520, 1000.000000000000000 ) ;
#782 = VECTOR ( 'NONE', #9481, 1000.000000000000000 ) ;
#783 = DIRECTION ( 'NONE',  ( 0.000000000000000000, 0.000000000000000000, 1.000000000000000000 ) ) ;
#784 = FACE_OUTER_BOUND ( 'NONE', #7777, .T. ) ;
#785 = CARTESIAN_POINT ( 'NONE',  ( 1.470000000000007523, 0.1519999999999999962, 0.6399999999999691491 ) ) ;
#786 = MECHANICAL_DESIGN_GEOMETRIC_PRESENTATION_REPRESENTATION (  '', ( #7204 ), #8301 ) ;
#787 = DIRECTION ( 'NONE',  ( -1.000000000000000000, 0.000000000000000000, -3.614007241618338910E-15 ) ) ;
#788 = ADVANCED_FACE ( 'NONE', ( #4568 ), #4761, .F. ) ;
#789 = LINE ( 'NONE', #9170, #7801 ) ;
#790 = CARTESIAN_POINT ( 'NONE',  ( -0.000000000000000000, 0.05000000000000002359, -1.469999999999986429 ) ) ;
#791 = CARTESIAN_POINT ( 'NONE',  ( -0.7500000000000127676, 0.1519999999999999962, 1.099999999999992317 ) ) ;
#792 = PRESENTATION_LAYER_ASSIGNMENT (  '', '', ( #5182 ) ) ;
#793 = EDGE_LOOP ( 'NONE', ( #3731, #3729, #7666, #4658 ) ) ;
#794 = VERTEX_POINT ( 'NONE', #1670 ) ;
#795 = LINE ( 'NONE', #2418, #8683 ) ;
#796 = ORIENTED_EDGE ( 'NONE', *, *, #8784, .F. ) ;
#797 = DIRECTION ( 'NONE',  ( 1.000000000000000000, 0.000000000000000000, -1.307680579467250963E-13 ) ) ;
#798 = EDGE_CURVE ( 'NONE', #5381, #3650, #3980, .T. ) ;
#799 = EDGE_CURVE ( 'NONE', #5768, #7584, #6943, .T. ) ;
#800 = ORIENTED_EDGE ( 'NONE', *, *, #7944, .T. ) ;
#801 = VECTOR ( 'NONE', #9095, 1000.000000000000000 ) ;
#802 = DIRECTION ( 'NONE',  ( 1.000000000000000000, 0.000000000000000000, -0.000000000000000000 ) ) ;
#803 = CARTESIAN_POINT ( 'NONE',  ( -1.469999999999984652, 0.1519999999999999962, 0.6250000000000000000 ) ) ;
#804 = DIRECTION ( 'NONE',  ( 0.000000000000000000, -0.000000000000000000, -1.000000000000000000 ) ) ;
#805 = VECTOR ( 'NONE', #7752, 1000.000000000000000 ) ;
#806 = VERTEX_POINT ( 'NONE', #3196 ) ;
#807 = ORIENTED_EDGE ( 'NONE', *, *, #409, .T. ) ;
#808 = LINE ( 'NONE', #5903, #566 ) ;
#809 = ORIENTED_EDGE ( 'NONE', *, *, #95, .F. ) ;
#810 = ORIENTED_EDGE ( 'NONE', *, *, #4340, .T. ) ;
#811 = SURFACE_STYLE_USAGE ( .BOTH. , #9643 ) ;
#812 = EDGE_CURVE ( 'NONE', #3906, #9488, #9162, .T. ) ;
#813 = DIRECTION ( 'NONE',  ( 1.000000000000000000, 0.000000000000000000, 3.097720492815727461E-15 ) ) ;
#814 = CARTESIAN_POINT ( 'NONE',  ( -1.469999999999994866, 0.05000000000000002359, -0.1400000000000000411 ) ) ;
#815 = VECTOR ( 'NONE', #601, 1000.000000000000000 ) ;
#816 = ADVANCED_FACE ( 'NONE', ( #6161 ), #3292, .F. ) ;
#817 = DIRECTION ( 'NONE',  ( 0.000000000000000000, 0.000000000000000000, -1.000000000000000000 ) ) ;
#818 = ADVANCED_FACE ( 'NONE', ( #7735 ), #9255, .F. ) ;
#819 = EDGE_CURVE ( 'NONE', #4196, #9060, #243, .T. ) ;
#820 = ORIENTED_EDGE ( 'NONE', *, *, #853, .F. ) ;
#821 = PLANE ( 'NONE',  #8072 ) ;
#822 = AXIS2_PLACEMENT_3D ( 'NONE', #1261, #279, #8613 ) ;
#823 = ORIENTED_EDGE ( 'NONE', *, *, #812, .F. ) ;
#824 = LINE ( 'NONE', #6794, #8632 ) ;
#825 = ORIENTED_EDGE ( 'NONE', *, *, #2967, .F. ) ;
#826 = CARTESIAN_POINT ( 'NONE',  ( 1.470000000000002416, 0.1519999999999999962, 0.1399999999999691769 ) ) ;
#827 = DIRECTION ( 'NONE',  ( 1.000000000000000000, 0.000000000000000000, 0.000000000000000000 ) ) ;
#828 = CARTESIAN_POINT ( 'NONE',  ( -0.8599999999999807798, 0.1519999999999999962, 1.469999999999988649 ) ) ;
#829 = EDGE_CURVE ( 'NONE', #7972, #7187, #3148, .T. ) ;
#830 = ORIENTED_EDGE ( 'NONE', *, *, #8395, .F. ) ;
#831 = VECTOR ( 'NONE', #6649, 1000.000000000000000 ) ;
#832 = DIRECTION ( 'NONE',  ( 1.000000000000000000, 0.000000000000000000, 0.000000000000000000 ) ) ;
#833 = FACE_OUTER_BOUND ( 'NONE', #7975, .T. ) ;
#834 = ADVANCED_FACE ( 'NONE', ( #8425 ), #5529, .T. ) ;
#835 = EDGE_CURVE ( 'NONE', #2104, #8139, #9113, .T. ) ;
#836 = LINE ( 'NONE', #6023, #5551 ) ;
#837 = VECTOR ( 'NONE', #4330, 1000.000000000000000 ) ;
#838 = CARTESIAN_POINT ( 'NONE',  ( -0.1399999999999807510, 0.1519999999999999962, 1.499999999999983347 ) ) ;
#839 = LINE ( 'NONE', #4573, #9691 ) ;
#840 = DIRECTION ( 'NONE',  ( -1.000000000000000000, -0.000000000000000000, -0.000000000000000000 ) ) ;
#841 = CARTESIAN_POINT ( 'NONE',  ( 0.6400000000000194422, 0.000000000000000000, 1.499999999999972689 ) ) ;
#842 = ORIENTED_EDGE ( 'NONE', *, *, #2363, .T. ) ;
#843 = DIRECTION ( 'NONE',  ( 0.000000000000000000, -1.000000000000000000, 0.000000000000000000 ) ) ;
#844 = EDGE_CURVE ( 'NONE', #4165, #6274, #5485, .T. ) ;
#845 = ORIENTED_EDGE ( 'NONE', *, *, #428, .F. ) ;
#846 = DIRECTION ( 'NONE',  ( 0.000000000000000000, 0.000000000000000000, -1.000000000000000000 ) ) ;
#847 = EDGE_LOOP ( 'NONE', ( #9340, #8689, #2080, #6473 ) ) ;
#848 = SURFACE_STYLE_USAGE ( .BOTH. , #3350 ) ;
#849 = DIRECTION ( 'NONE',  ( 1.000000000000000000, 0.000000000000000000, -0.000000000000000000 ) ) ;
#850 = LINE ( 'NONE', #6866, #1562 ) ;
#851 = ORIENTED_EDGE ( 'NONE', *, *, #9425, .T. ) ;
#852 = VECTOR ( 'NONE', #6965, 1000.000000000000000 ) ;
#853 = EDGE_CURVE ( 'NONE', #6408, #8644, #9208, .T. ) ;
#854 = ORIENTED_EDGE ( 'NONE', *, *, #829, .F. ) ;
#855 = ORIENTED_EDGE ( 'NONE', *, *, #1431, .T. ) ;
#856 = CARTESIAN_POINT ( 'NONE',  ( -0.6399999999999808065, 0.000000000000000000, 1.469999999999988649 ) ) ;
#857 = VERTEX_POINT ( 'NONE', #2597 ) ;
#858 = ORIENTED_EDGE ( 'NONE', *, *, #5621, .T. ) ;
#859 = DIRECTION ( 'NONE',  ( -0.000000000000000000, -1.000000000000000000, -0.000000000000000000 ) ) ;
#860 = CIRCLE ( 'NONE', #1797, 0.1249999999999998890 ) ;
#861 = CARTESIAN_POINT ( 'NONE',  ( 0.8600000000000052047, 0.1519999999999999962, -1.469999999999996865 ) ) ;
#862 = DIRECTION ( 'NONE',  ( 0.000000000000000000, 0.000000000000000000, 1.000000000000000000 ) ) ;
#863 = VECTOR ( 'NONE', #8927, 1000.000000000000000 ) ;
#864 = FACE_OUTER_BOUND ( 'NONE', #5784, .T. ) ;
#865 = CARTESIAN_POINT ( 'NONE',  ( -1.224999999999989875, 0.1519999999999999962, 0.1250000000000001110 ) ) ;
#866 = DIRECTION ( 'NONE',  ( 0.000000000000000000, -1.000000000000000000, 0.000000000000000000 ) ) ;
#867 = ADVANCED_FACE ( 'NONE', ( #2499 ), #3344, .T. ) ;
#868 = EDGE_CURVE ( 'NONE', #5038, #3396, #4714, .T. ) ;
#869 = VECTOR ( 'NONE', #6149, 1000.000000000000000 ) ;
#870 = VERTEX_POINT ( 'NONE', #5390 ) ;
#871 = LINE ( 'NONE', #4700, #3551 ) ;
#872 = ORIENTED_EDGE ( 'NONE', *, *, #6840, .T. ) ;
#873 = DIRECTION ( 'NONE',  ( -0.000000000000000000, -1.000000000000000000, -0.000000000000000000 ) ) ;
#874 = ORIENTED_EDGE ( 'NONE', *, *, #9114, .F. ) ;
#875 = DIRECTION ( 'NONE',  ( 1.000000000000000000, 0.000000000000000000, 4.425314989736752882E-16 ) ) ;
#876 = PLANE ( 'NONE',  #7716 ) ;
#877 = PLANE ( 'NONE',  #5767 ) ;
#878 = VECTOR ( 'NONE', #1883, 1000.000000000000000 ) ;
#879 = ORIENTED_EDGE ( 'NONE', *, *, #5652, .T. ) ;
#880 = LINE ( 'NONE', #3195, #9 ) ;
#881 = DIRECTION ( 'NONE',  ( 0.000000000000000000, 1.000000000000000000, 0.000000000000000000 ) ) ;
#882 = CARTESIAN_POINT ( 'NONE',  ( -0.1399999999999948230, 0.000000000000000000, -1.469999999999989981 ) ) ;
#883 = EDGE_CURVE ( 'NONE', #8781, #4310, #3931, .T. ) ;
#884 = EDGE_CURVE ( 'NONE', #3036, #4366, #7593, .T. ) ;
#885 = LINE ( 'NONE', #7693, #1442 ) ;
#886 = CARTESIAN_POINT ( 'NONE',  ( -1.224999999999994982, 0.1519999999999999962, -0.3749999999999998890 ) ) ;
#887 = ORIENTED_EDGE ( 'NONE', *, *, #7119, .F. ) ;
#888 = LINE ( 'NONE', #6854, #2356 ) ;
#889 = PLANE ( 'NONE',  #7578 ) ;
#890 = ADVANCED_FACE ( 'NONE', ( #1022 ), #4030, .T. ) ;
#891 = EDGE_LOOP ( 'NONE', ( #7351, #6628, #6579, #4699 ) ) ;
#892 = PLANE ( 'NONE',  #1012 ) ;
#893 = ORIENTED_EDGE ( 'NONE', *, *, #7354, .F. ) ;
#894 = DIRECTION ( 'NONE',  ( -0.000000000000000000, -1.000000000000000000, -0.000000000000000000 ) ) ;
#895 = ORIENTED_EDGE ( 'NONE', *, *, #7406, .T. ) ;
#896 = EDGE_CURVE ( 'NONE', #7412, #8419, #7141, .T. ) ;
#897 = LINE ( 'NONE', #4226, #8749 ) ;
#898 = DIRECTION ( 'NONE',  ( -0.000000000000000000, -1.000000000000000000, -0.000000000000000000 ) ) ;
#899 = CARTESIAN_POINT ( 'NONE',  ( -1.224999999999984546, 0.1519999999999999962, 0.6250000000000001110 ) ) ;
#900 = ORIENTED_EDGE ( 'NONE', *, *, #8067, .T. ) ;
#901 = ADVANCED_FACE ( 'NONE', ( #537 ), #4122, .T. ) ;
#902 = VERTEX_POINT ( 'NONE', #3394 ) ;
#903 = VERTEX_POINT ( 'NONE', #8032 ) ;
#904 = PLANE ( 'NONE',  #2289 ) ;
#905 = VERTEX_POINT ( 'NONE', #434 ) ;
#906 = ORIENTED_EDGE ( 'NONE', *, *, #2520, .F. ) ;
#907 = AXIS2_PLACEMENT_3D ( 'NONE', #3684, #2292, #5860 ) ;
#908 = DIRECTION ( 'NONE',  ( -0.000000000000000000, -1.000000000000000000, -0.000000000000000000 ) ) ;
#909 = FACE_OUTER_BOUND ( 'NONE', #7612, .T. ) ;
#910 = PLANE ( 'NONE',  #3916 ) ;
#911 = CARTESIAN_POINT ( 'NONE',  ( -1.469999999999994866, 0.1519999999999999962, -0.3750000000000000000 ) ) ;
#912 = ORIENTED_EDGE ( 'NONE', *, *, #8802, .T. ) ;
#913 = LINE ( 'NONE', #6299, #558 ) ;
#914 = ORIENTED_EDGE ( 'NONE', *, *, #5243, .T. ) ;
#915 = ORIENTED_EDGE ( 'NONE', *, *, #6464, .T. ) ;
#916 = CARTESIAN_POINT ( 'NONE',  ( 0.000000000000000000, 0.05000000000000002359, -0.6250000000000308642 ) ) ;
#917 = ORIENTED_EDGE ( 'NONE', *, *, #1956, .F. ) ;
#918 = VECTOR ( 'NONE', #8484, 1000.000000000000000 ) ;
#919 = DIRECTION ( 'NONE',  ( 0.000000000000000000, -1.000000000000000000, 0.000000000000000000 ) ) ;
#920 = VECTOR ( 'NONE', #7843, 1000.000000000000000 ) ;
#921 = EDGE_CURVE ( 'NONE', #2492, #5835, #3439, .T. ) ;
#922 = ADVANCED_FACE ( 'NONE', ( #6461 ), #384, .F. ) ;
#923 = LINE ( 'NONE', #6156, #59 ) ;
#924 = CYLINDRICAL_SURFACE ( 'NONE', #5925, 0.1249999999999998890 ) ;
#925 = ORIENTED_EDGE ( 'NONE', *, *, #5864, .T. ) ;
#926 = DIRECTION ( 'NONE',  ( 0.000000000000000000, 0.000000000000000000, -1.000000000000000000 ) ) ;
#927 = VECTOR ( 'NONE', #4182, 1000.000000000000000 ) ;
#928 = AXIS2_PLACEMENT_3D ( 'NONE', #6787, #8815, #9690 ) ;
#929 = CARTESIAN_POINT ( 'NONE',  ( -0.8749999999999947820, 0.1519999999999999962, -1.469999999999987317 ) ) ;
#930 = DIRECTION ( 'NONE',  ( -0.000000000000000000, -1.000000000000000000, -0.000000000000000000 ) ) ;
#931 = DIRECTION ( 'NONE',  ( 0.000000000000000000, -0.000000000000000000, 1.000000000000000000 ) ) ;
#932 = VECTOR ( 'NONE', #7756, 1000.000000000000000 ) ;
#933 = VECTOR ( 'NONE', #1876, 1000.000000000000000 ) ;
#934 = CARTESIAN_POINT ( 'NONE',  ( 0.6400000000000194422, 0.1519999999999999962, 1.499999999999972689 ) ) ;
#935 = ORIENTED_EDGE ( 'NONE', *, *, #419, .F. ) ;
#936 = DIRECTION ( 'NONE',  ( 0.000000000000000000, -1.000000000000000000, 0.000000000000000000 ) ) ;
#937 = DIRECTION ( 'NONE',  ( 0.000000000000000000, -1.000000000000000000, 0.000000000000000000 ) ) ;
#938 = EDGE_CURVE ( 'NONE', #4866, #108, #860, .T. ) ;
#939 = EDGE_CURVE ( 'NONE', #4444, #3858, #9347, .T. ) ;
#940 = VECTOR ( 'NONE', #355, 1000.000000000000000 ) ;
#941 = VERTEX_POINT ( 'NONE', #8619 ) ;
#942 = LINE ( 'NONE', #3945, #6337 ) ;
#943 = ORIENTED_EDGE ( 'NONE', *, *, #1592, .T. ) ;
#944 = LINE ( 'NONE', #3210, #7540 ) ;
#945 = ORIENTED_EDGE ( 'NONE', *, *, #8736, .F. ) ;
#946 = LINE ( 'NONE', #5408, #7190 ) ;
#947 = COLOUR_RGB ( '',0.7921568627450980005, 0.8196078431372548767, 0.9333333333333333481 ) ;
#948 = DIRECTION ( 'NONE',  ( 0.000000000000000000, 0.000000000000000000, -1.000000000000000000 ) ) ;
#949 = FACE_OUTER_BOUND ( 'NONE', #1947, .T. ) ;
#950 = ADVANCED_FACE ( 'NONE', ( #2739 ), #2643, .F. ) ;
#951 = ORIENTED_EDGE ( 'NONE', *, *, #5775, .T. ) ;
#952 = ORIENTED_EDGE ( 'NONE', *, *, #1978, .F. ) ;
#953 = DIRECTION ( 'NONE',  ( -0.000000000000000000, -1.000000000000000000, -0.000000000000000000 ) ) ;
#954 = VECTOR ( 'NONE', #9198, 1000.000000000000000 ) ;
#955 = ORIENTED_EDGE ( 'NONE', *, *, #9424, .F. ) ;
#956 = EDGE_CURVE ( 'NONE', #3770, #9257, #7932, .T. ) ;
#957 = VERTEX_POINT ( 'NONE', #2790 ) ;
#958 = LINE ( 'NONE', #1651, #5673 ) ;
#959 = CARTESIAN_POINT ( 'NONE',  ( 1.469999999999997087, 0.000000000000000000, -0.1400000000000309053 ) ) ;
#960 = LINE ( 'NONE', #6194, #3045 ) ;
#961 = CARTESIAN_POINT ( 'NONE',  ( 1.225000000000002309, 0.1519999999999999962, 0.2499999999999691636 ) ) ;
#962 = DIRECTION ( 'NONE',  ( 0.000000000000000000, 0.000000000000000000, -1.000000000000000000 ) ) ;
#963 = VECTOR ( 'NONE', #4634, 1000.000000000000000 ) ;
#964 = VERTEX_POINT ( 'NONE', #3492 ) ;
#965 = LINE ( 'NONE', #4748, #6024 ) ;
#966 = ORIENTED_EDGE ( 'NONE', *, *, #7791, .T. ) ;
#967 = ORIENTED_EDGE ( 'NONE', *, *, #8820, .F. ) ;
#968 = LINE ( 'NONE', #3972, #1903 ) ;
#969 = EDGE_CURVE ( 'NONE', #3467, #8658, #5721, .T. ) ;
#970 = ORIENTED_EDGE ( 'NONE', *, *, #7778, .F. ) ;
#971 = CARTESIAN_POINT ( 'NONE',  ( -0.6249999999999957812, 0.1519999999999999962, -1.224999999999986544 ) ) ;
#972 = FACE_OUTER_BOUND ( 'NONE', #4456, .T. ) ;
#973 = LINE ( 'NONE', #4026, #6241 ) ;
#974 = ORIENTED_EDGE ( 'NONE', *, *, #6448, .F. ) ;
#975 =( LENGTH_UNIT ( ) NAMED_UNIT ( * ) SI_UNIT ( .MILLI., .METRE. ) );
#976 = CARTESIAN_POINT ( 'NONE',  ( 1.499999999999999778, 0.05000000000000002359, 1.500000000000000000 ) ) ;
#977 = VECTOR ( 'NONE', #4117, 1000.000000000000000 ) ;
#978 = ADVANCED_FACE ( 'NONE', ( #4996 ), #1266, .F. ) ;
#979 = ORIENTED_EDGE ( 'NONE', *, *, #1365, .F. ) ;
#980 = DIRECTION ( 'NONE',  ( 0.000000000000000000, 0.000000000000000000, 1.000000000000000000 ) ) ;
#981 = DIRECTION ( 'NONE',  ( -3.614007241618338910E-15, 0.000000000000000000, 1.000000000000000000 ) ) ;
#982 = FACE_OUTER_BOUND ( 'NONE', #7382, .T. ) ;
#983 = ORIENTED_EDGE ( 'NONE', *, *, #5435, .T. ) ;
#984 = CARTESIAN_POINT ( 'NONE',  ( -1.224999999999984546, 0.1519999999999999962, 0.7500000000000000000 ) ) ;
#985 = CARTESIAN_POINT ( 'NONE',  ( 1.469999999999991980, 0.1519999999999999962, -0.6250000000000308642 ) ) ;
#986 = ADVANCED_FACE ( 'NONE', ( #5769 ), #1164, .F. ) ;
#987 = VECTOR ( 'NONE', #1518, 1000.000000000000000 ) ;
#988 = EDGE_LOOP ( 'NONE', ( #9540, #2474, #8561, #6125 ) ) ;
#989 = DIRECTION ( 'NONE',  ( 0.000000000000000000, 0.000000000000000000, -1.000000000000000000 ) ) ;
#990 = ORIENTED_EDGE ( 'NONE', *, *, #6552, .T. ) ;
#991 = DIRECTION ( 'NONE',  ( 1.000000000000000000, 0.000000000000000000, 0.000000000000000000 ) ) ;
#992 = DIRECTION ( 'NONE',  ( 0.000000000000000000, 0.000000000000000000, -1.000000000000000000 ) ) ;
#993 = MECHANICAL_DESIGN_GEOMETRIC_PRESENTATION_REPRESENTATION (  '', ( #536 ), #6476 ) ;
#994 = CARTESIAN_POINT ( 'NONE',  ( -0.6399999999999947953, 0.1519999999999999962, -1.469999999999986429 ) ) ;
#995 = ORIENTED_EDGE ( 'NONE', *, *, #758, .F. ) ;
#996 = ORIENTED_EDGE ( 'NONE', *, *, #4054, .F. ) ;
#997 = LINE ( 'NONE', #1598, #3078 ) ;
#998 = VERTEX_POINT ( 'NONE', #7238 ) ;
#999 = ORIENTED_EDGE ( 'NONE', *, *, #6405, .F. ) ;
#1000 = EDGE_CURVE ( 'NONE', #9138, #5622, #5624, .T. ) ;
#1001 = CARTESIAN_POINT ( 'NONE',  ( -0.1399999999999947120, 0.1519999999999999962, -1.499999999999990008 ) ) ;
#1002 = PLANE ( 'NONE',  #3000 ) ;
#1003 = CARTESIAN_POINT ( 'NONE',  ( -0.3749999999999955036, 0.1519999999999999962, -1.224999999999990763 ) ) ;
#1004 = DIRECTION ( 'NONE',  ( -0.000000000000000000, -1.000000000000000000, -0.000000000000000000 ) ) ;
#1005 = VECTOR ( 'NONE', #2028, 1000.000000000000000 ) ;
#1006 = CARTESIAN_POINT ( 'NONE',  ( -0.6249999999999957812, 0.000000000000000000, -1.224999999999986544 ) ) ;
#1007 = ORIENTED_EDGE ( 'NONE', *, *, #6684, .T. ) ;
#1008 = CARTESIAN_POINT ( 'NONE',  ( 0.6400000000000194422, 0.000000000000000000, 1.499999999999972689 ) ) ;
#1009 = VECTOR ( 'NONE', #1759, 1000.000000000000000 ) ;
#1010 = ORIENTED_EDGE ( 'NONE', *, *, #1905, .F. ) ;
#1011 = ORIENTED_EDGE ( 'NONE', *, *, #9096, .F. ) ;
#1012 = AXIS2_PLACEMENT_3D ( 'NONE', #3894, #2514, #5450 ) ;
#1013 = LINE ( 'NONE', #7033, #5500 ) ;
#1014 = EDGE_LOOP ( 'NONE', ( #8357, #4805, #1357, #7460 ) ) ;
#1015 = CARTESIAN_POINT ( 'NONE',  ( 1.469999999999991980, 0.000000000000000000, -0.8750000000000308642 ) ) ;
#1016 = PLANE ( 'NONE',  #3194 ) ;
#1017 = FACE_OUTER_BOUND ( 'NONE', #658, .T. ) ;
#1018 = ORIENTED_EDGE ( 'NONE', *, *, #357, .F. ) ;
#1019 = VECTOR ( 'NONE', #4997, 1000.000000000000000 ) ;
#1020 = MECHANICAL_DESIGN_GEOMETRIC_PRESENTATION_REPRESENTATION (  '', ( #4172 ), #85 ) ;
#1021 =( LENGTH_UNIT ( ) NAMED_UNIT ( * ) SI_UNIT ( .MILLI., .METRE. ) );
#1022 = FACE_OUTER_BOUND ( 'NONE', #7709, .T. ) ;
#1023 = ADVANCED_FACE ( 'NONE', ( #4852 ), #3590, .F. ) ;
#1024 = ORIENTED_EDGE ( 'NONE', *, *, #2560, .F. ) ;
#1025 = DIRECTION ( 'NONE',  ( 0.000000000000000000, -0.000000000000000000, 1.000000000000000000 ) ) ;
#1026 = VECTOR ( 'NONE', #1646, 1000.000000000000000 ) ;
#1027 = DIRECTION ( 'NONE',  ( 0.000000000000000000, -1.000000000000000000, 0.000000000000000000 ) ) ;
#1028 = FACE_OUTER_BOUND ( 'NONE', #314, .T. ) ;
#1029 = LINE ( 'NONE', #395, #927 ) ;
#1030 = ORIENTED_EDGE ( 'NONE', *, *, #7012, .F. ) ;
#1031 = CARTESIAN_POINT ( 'NONE',  ( 1.225000000000007638, 0.1519999999999999962, 0.6249999999999693578 ) ) ;
#1032 = CARTESIAN_POINT ( 'NONE',  ( 1.470000000000002416, 0.1519999999999999962, 0.1249999999999691358 ) ) ;
#1033 = ORIENTED_EDGE ( 'NONE', *, *, #7870, .F. ) ;
#1034 = LINE ( 'NONE', #9317, #5869 ) ;
#1035 = CARTESIAN_POINT ( 'NONE',  ( 0.8600000000000191935, 0.1519999999999999962, 1.469999999999972662 ) ) ;
#1036 = EDGE_CURVE ( 'NONE', #6790, #90, #4900, .T. ) ;
#1037 = EDGE_CURVE ( 'NONE', #8379, #8367, #584, .T. ) ;
#1038 = PLANE ( 'NONE',  #9546 ) ;
#1039 = DIRECTION ( 'NONE',  ( -1.000000000000000000, 0.000000000000000000, 0.000000000000000000 ) ) ;
#1040 = PLANE ( 'NONE',  #1338 ) ;
#1041 = ORIENTED_EDGE ( 'NONE', *, *, #3425, .T. ) ;
#1042 = ORIENTED_EDGE ( 'NONE', *, *, #1320, .F. ) ;
#1043 = LINE ( 'NONE', #6968, #4951 ) ;
#1044 = EDGE_LOOP ( 'NONE', ( #7771, #7615, #1182, #4235 ) ) ;
#1045 = VERTEX_POINT ( 'NONE', #2106 ) ;
#1046 = CARTESIAN_POINT ( 'NONE',  ( 0.3750000000000191513, 0.1519999999999999962, 1.224999999999978106 ) ) ;
#1047 = CARTESIAN_POINT ( 'NONE',  ( -0.8749999999999807931, 0.1519999999999999962, 1.469999999999988649 ) ) ;
#1048 = PLANE ( 'NONE',  #7257 ) ;
#1049 = CARTESIAN_POINT ( 'NONE',  ( -1.469999999999989759, 0.1519999999999999962, 0.3750000000000000000 ) ) ;
#1050 = LINE ( 'NONE', #8557, #3915 ) ;
#1051 = EDGE_CURVE ( 'NONE', #5552, #3383, #5098, .T. ) ;
#1052 = ADVANCED_FACE ( 'NONE', ( #2891 ), #3640, .F. ) ;
#1053 = UNCERTAINTY_MEASURE_WITH_UNIT (LENGTH_MEASURE( 1.000000000000000082E-05 ), #6320, 'distance_accuracy_value', 'NONE');
#1054 = VECTOR ( 'NONE', #8171, 1000.000000000000000 ) ;
#1055 = ORIENTED_EDGE ( 'NONE', *, *, #7124, .F. ) ;
#1056 = LINE ( 'NONE', #2488, #7748 ) ;
#1057 = ORIENTED_EDGE ( 'NONE', *, *, #419, .T. ) ;
#1058 = EDGE_LOOP ( 'NONE', ( #9135, #9234, #9215, #7417 ) ) ;
#1059 = FACE_OUTER_BOUND ( 'NONE', #3566, .T. ) ;
#1060 = ORIENTED_EDGE ( 'NONE', *, *, #7691, .F. ) ;
#1061 = CARTESIAN_POINT ( 'NONE',  ( 0.8600000000000052047, 0.1519999999999999962, -1.469999999999996865 ) ) ;
#1062 = DIRECTION ( 'NONE',  ( -1.000000000000000000, 0.000000000000000000, -0.000000000000000000 ) ) ;
#1063 = DIRECTION ( 'NONE',  ( -1.000000000000000000, -0.000000000000000000, -0.000000000000000000 ) ) ;
#1064 = ORIENTED_EDGE ( 'NONE', *, *, #321, .T. ) ;
#1065 = DIRECTION ( 'NONE',  ( -1.000000000000000000, 0.000000000000000000, 0.000000000000000000 ) ) ;
#1066 = EDGE_CURVE ( 'NONE', #6981, #9605, #8817, .T. ) ;
#1067 = VECTOR ( 'NONE', #3311, 1000.000000000000000 ) ;
#1068 = ORIENTED_EDGE ( 'NONE', *, *, #5468, .T. ) ;
#1069 = AXIS2_PLACEMENT_3D ( 'NONE', #4472, #7444, #732 ) ;
#1070 = LINE ( 'NONE', #4177, #168 ) ;
#1071 = DIRECTION ( 'NONE',  ( 0.000000000000000000, 0.000000000000000000, -1.000000000000000000 ) ) ;
#1072 = EDGE_CURVE ( 'NONE', #8816, #757, #5674, .T. ) ;
#1073 = FACE_OUTER_BOUND ( 'NONE', #7281, .T. ) ;
#1074 = DIRECTION ( 'NONE',  ( -1.000000000000000000, 0.000000000000000000, 0.000000000000000000 ) ) ;
#1075 = DIRECTION ( 'NONE',  ( -7.228014483236677820E-15, 0.000000000000000000, -1.000000000000000000 ) ) ;
#1076 = ORIENTED_EDGE ( 'NONE', *, *, #5669, .T. ) ;
#1077 = CIRCLE ( 'NONE', #3608, 0.1249999999999998890 ) ;
#1078 = CARTESIAN_POINT ( 'NONE',  ( -1.469999999999994866, 0.1519999999999999962, -0.1250000000000000000 ) ) ;
#1079 = LINE ( 'NONE', #7746, #6162 ) ;
#1080 = ORIENTED_EDGE ( 'NONE', *, *, #5417, .T. ) ;
#1081 = FACE_OUTER_BOUND ( 'NONE', #7166, .T. ) ;
#1082 = VECTOR ( 'NONE', #4936, 1000.000000000000000 ) ;
#1083 = LINE ( 'NONE', #6815, #2691 ) ;
#1084 = AXIS2_PLACEMENT_3D ( 'NONE', #1351, #6589, #616 ) ;
#1085 = EDGE_CURVE ( 'NONE', #8816, #4195, #401, .T. ) ;
#1086 = LINE ( 'NONE', #1134, #8451 ) ;
#1087 = CARTESIAN_POINT ( 'NONE',  ( -1.469999999999994866, 0.1519999999999999962, -0.1250000000000000000 ) ) ;
#1088 = LINE ( 'NONE', #9227, #559 ) ;
#1089 = VECTOR ( 'NONE', #7601, 1000.000000000000000 ) ;
#1090 = VECTOR ( 'NONE', #4092, 1000.000000000000000 ) ;
#1091 = EDGE_CURVE ( 'NONE', #7143, #7151, #1267, .T. ) ;
#1092 = VERTEX_POINT ( 'NONE', #3395 ) ;
#1093 = EDGE_LOOP ( 'NONE', ( #6058, #9277, #8352, #3189 ) ) ;
#1094 = FACE_OUTER_BOUND ( 'NONE', #8103, .T. ) ;
#1095 = VERTEX_POINT ( 'NONE', #2645 ) ;
#1096 = ORIENTED_EDGE ( 'NONE', *, *, #4594, .T. ) ;
#1097 = CARTESIAN_POINT ( 'NONE',  ( 0.3600000000000052047, 0.1519999999999999962, -1.469999999999993534 ) ) ;
#1098 = CARTESIAN_POINT ( 'NONE',  ( -0.6399999999999806954, 0.1519999999999999962, 1.499999999999988676 ) ) ;
#1099 = CARTESIAN_POINT ( 'NONE',  ( -1.469999999999984652, 0.000000000000000000, 0.6400000000000000133 ) ) ;
#1100 = DIRECTION ( 'NONE',  ( 0.000000000000000000, -1.000000000000000000, 0.000000000000000000 ) ) ;
#1101 = EDGE_CURVE ( 'NONE', #8094, #4511, #2108, .T. ) ;
#1102 = ORIENTED_EDGE ( 'NONE', *, *, #956, .F. ) ;
#1103 = LINE ( 'NONE', #4208, #3861 ) ;
#1104 = ORIENTED_EDGE ( 'NONE', *, *, #2250, .F. ) ;
#1105 = ORIENTED_EDGE ( 'NONE', *, *, #4820, .T. ) ;
#1106 = LINE ( 'NONE', #4114, #2630 ) ;
#1107 = EDGE_LOOP ( 'NONE', ( #3581, #1055, #2756, #4827 ) ) ;
#1108 = DIRECTION ( 'NONE',  ( -0.000000000000000000, -0.000000000000000000, 1.000000000000000000 ) ) ;
#1109 = ADVANCED_FACE ( 'NONE', ( #3493 ), #4325, .F. ) ;
#1110 = EDGE_CURVE ( 'NONE', #5597, #8808, #9348, .T. ) ;
#1111 = PLANE ( 'NONE',  #370 ) ;
#1112 = CARTESIAN_POINT ( 'NONE',  ( -0.8599999999999946576, 0.1519999999999999962, -1.499999999999987566 ) ) ;
#1113 = VECTOR ( 'NONE', #7219, 1000.000000000000000 ) ;
#1114 = VERTEX_POINT ( 'NONE', #2694 ) ;
#1115 = DIRECTION ( 'NONE',  ( -0.000000000000000000, -0.000000000000000000, -1.000000000000000000 ) ) ;
#1116 = AXIS2_PLACEMENT_3D ( 'NONE', #7501, #787, #3796 ) ;
#1117 = VERTEX_POINT ( 'NONE', #1212 ) ;
#1118 = LINE ( 'NONE', #388, #8779 ) ;
#1119 = FACE_OUTER_BOUND ( 'NONE', #254, .T. ) ;
#1120 = EDGE_CURVE ( 'NONE', #2298, #2145, #5710, .T. ) ;
#1121 = PLANE ( 'NONE',  #5371 ) ;
#1122 = CARTESIAN_POINT ( 'NONE',  ( 1.470000000000007523, 0.1519999999999999962, 0.6249999999999691358 ) ) ;
#1123 = EDGE_CURVE ( 'NONE', #6141, #8515, #5101, .T. ) ;
#1124 = CARTESIAN_POINT ( 'NONE',  ( 0.7500000000000043299, 0.1519999999999999962, -1.224999999999997424 ) ) ;
#1125 = ORIENTED_EDGE ( 'NONE', *, *, #144, .F. ) ;
#1126 = AXIS2_PLACEMENT_3D ( 'NONE', #7136, #430, #6404 ) ;
#1127 = CARTESIAN_POINT ( 'NONE',  ( -0.1399999999999947120, 0.05000000000000002359, -1.499999999999990008 ) ) ;
#1128 = LINE ( 'NONE', #7699, #6792 ) ;
#1129 = EDGE_CURVE ( 'NONE', #9686, #4124, #8035, .T. ) ;
#1130 = ORIENTED_EDGE ( 'NONE', *, *, #3182, .F. ) ;
#1131 = CARTESIAN_POINT ( 'NONE',  ( -0.6249999999999947820, 0.1519999999999999962, -1.469999999999986429 ) ) ;
#1132 = VECTOR ( 'NONE', #7814, 1000.000000000000000 ) ;
#1133 = DIRECTION ( 'NONE',  ( -1.000000000000000000, 0.000000000000000000, -0.000000000000000000 ) ) ;
#1134 = CARTESIAN_POINT ( 'NONE',  ( 1.499999999999992006, 0.000000000000000000, -0.6400000000000309885 ) ) ;
#1135 = CARTESIAN_POINT ( 'NONE',  ( -0.1249999999999947681, 0.000000000000000000, -1.469999999999989981 ) ) ;
#1136 = FACE_BOUND ( 'NONE', #3631, .T. ) ;
#1137 = VECTOR ( 'NONE', #1568, 1000.000000000000000 ) ;
#1138 = EDGE_CURVE ( 'NONE', #6302, #7273, #4160, .T. ) ;
#1139 = VERTEX_POINT ( 'NONE', #5627 ) ;
#1140 = ORIENTED_EDGE ( 'NONE', *, *, #4126, .F. ) ;
#1141 = LINE ( 'NONE', #8691, #8868 ) ;
#1142 = ORIENTED_EDGE ( 'NONE', *, *, #3685, .F. ) ;
#1143 = ORIENTED_EDGE ( 'NONE', *, *, #1983, .F. ) ;
#1144 = DIRECTION ( 'NONE',  ( 0.000000000000000000, -1.000000000000000000, 0.000000000000000000 ) ) ;
#1145 = CARTESIAN_POINT ( 'NONE',  ( -1.500000000000000222, 0.05000000000000002359, -1.500000000000000000 ) ) ;
#1146 = CARTESIAN_POINT ( 'NONE',  ( 0.8600000000000053157, 0.1519999999999999962, -1.499999999999996891 ) ) ;
#1147 = DIRECTION ( 'NONE',  ( -7.228014483236677820E-15, 0.000000000000000000, -1.000000000000000000 ) ) ;
#1148 = CARTESIAN_POINT ( 'NONE',  ( -0.6249999999999957812, 0.1519999999999999962, -1.224999999999986544 ) ) ;
#1149 = PRESENTATION_LAYER_ASSIGNMENT (  '', '', ( #2416 ) ) ;
#1150 = UNCERTAINTY_MEASURE_WITH_UNIT (LENGTH_MEASURE( 1.000000000000000082E-05 ), #4254, 'distance_accuracy_value', 'NONE');
#1151 = ORIENTED_EDGE ( 'NONE', *, *, #4807, .T. ) ;
#1152 = CARTESIAN_POINT ( 'NONE',  ( -1.224999999999989875, 0.1519999999999999962, 0.2500000000000000000 ) ) ;
#1153 = ORIENTED_EDGE ( 'NONE', *, *, #447, .F. ) ;
#1154 = VERTEX_POINT ( 'NONE', #1166 ) ;
#1155 = CARTESIAN_POINT ( 'NONE',  ( 0.3600000000000192490, 0.1519999999999999962, 1.469999999999977991 ) ) ;
#1156 = ORIENTED_EDGE ( 'NONE', *, *, #9384, .F. ) ;
#1157 = DIRECTION ( 'NONE',  ( 0.000000000000000000, -1.000000000000000000, 0.000000000000000000 ) ) ;
#1158 = DIRECTION ( 'NONE',  ( 0.000000000000000000, -1.000000000000000000, 0.000000000000000000 ) ) ;
#1159 = CARTESIAN_POINT ( 'NONE',  ( 0.1400000000000052869, 0.05000000000000002359, -1.469999999999994422 ) ) ;
#1160 = ADVANCED_FACE ( 'NONE', ( #8620 ), #6514, .T. ) ;
#1161 = EDGE_CURVE ( 'NONE', #1222, #3009, #7290, .T. ) ;
#1162 = ORIENTED_EDGE ( 'NONE', *, *, #1963, .F. ) ;
#1163 =( LENGTH_UNIT ( ) NAMED_UNIT ( * ) SI_UNIT ( .MILLI., .METRE. ) );
#1164 = PLANE ( 'NONE',  #3392 ) ;
#1165 = AXIS2_PLACEMENT_3D ( 'NONE', #6847, #7638, #7044 ) ;
#1166 = CARTESIAN_POINT ( 'NONE',  ( -0.3749999999999806821, 0.05000000000000002359, 1.469999999999983320 ) ) ;
#1167 = ORIENTED_EDGE ( 'NONE', *, *, #9096, .T. ) ;
#1168 = CARTESIAN_POINT ( 'NONE',  ( -0.3749999999999947264, 0.1519999999999999962, -1.469999999999990870 ) ) ;
#1169 = PLANE ( 'NONE',  #8956 ) ;
#1170 = LINE ( 'NONE', #6417, #364 ) ;
#1171 = LINE ( 'NONE', #441, #2179 ) ;
#1172 = AXIS2_PLACEMENT_3D ( 'NONE', #6413, #9498, #7933 ) ;
#1173 = AXIS2_PLACEMENT_3D ( 'NONE', #5736, #8727, #7060 ) ;
#1174 = DIRECTION ( 'NONE',  ( 1.000000000000000000, 0.000000000000000000, 0.000000000000000000 ) ) ;
#1175 = ORIENTED_EDGE ( 'NONE', *, *, #1875, .F. ) ;
#1176 = DIRECTION ( 'NONE',  ( -1.000000000000000000, 0.000000000000000000, 4.425314989736752882E-16 ) ) ;
#1177 = LINE ( 'NONE', #4379, #9149 ) ;
#1178 = EDGE_CURVE ( 'NONE', #5368, #9554, #2843, .T. ) ;
#1179 = ADVANCED_FACE ( 'NONE', ( #435 ), #8714, .F. ) ;
#1180 = AXIS2_PLACEMENT_3D ( 'NONE', #8752, #4111, #4311 ) ;
#1181 = CLOSED_SHELL ( 'NONE', ( #1742, #1622, #4374, #6326 ) ) ;
#1182 = ORIENTED_EDGE ( 'NONE', *, *, #3276, .F. ) ;
#1183 = PLANE ( 'NONE',  #2122 ) ;
#1184 = PLANE ( 'NONE',  #4735 ) ;
#1185 = FACE_OUTER_BOUND ( 'NONE', #8233, .T. ) ;
#1186 = AXIS2_PLACEMENT_3D ( 'NONE', #8735, #8645, #511 ) ;
#1187 = DIRECTION ( 'NONE',  ( 1.309893236962104487E-13, 0.000000000000000000, 1.000000000000000000 ) ) ;
#1188 = CARTESIAN_POINT ( 'NONE',  ( 0.7500000000000193179, 0.1519999999999999962, 1.099999999999972777 ) ) ;
#1189 = ORIENTED_EDGE ( 'NONE', *, *, #4267, .F. ) ;
#1190 = ORIENTED_EDGE ( 'NONE', *, *, #5468, .F. ) ;
#1191 = DIRECTION ( 'NONE',  ( 1.000000000000000000, 0.000000000000000000, 0.000000000000000000 ) ) ;
#1192 = ADVANCED_FACE ( 'NONE', ( #9398 ), #5822, .T. ) ;
#1193 = ORIENTED_EDGE ( 'NONE', *, *, #6700, .T. ) ;
#1194 = ORIENTED_EDGE ( 'NONE', *, *, #6022, .F. ) ;
#1195 = CARTESIAN_POINT ( 'NONE',  ( 1.225000000000007638, 0.05000000000000002359, 0.7499999999999692468 ) ) ;
#1196 = LINE ( 'NONE', #3323, #128 ) ;
#1197 = EDGE_CURVE ( 'NONE', #2432, #3638, #5049, .T. ) ;
#1198 = LINE ( 'NONE', #1246, #3508 ) ;
#1199 = CARTESIAN_POINT ( 'NONE',  ( 0.6250000000000044409, 0.1519999999999999962, -1.224999999999997868 ) ) ;
#1200 = LINE ( 'NONE', #3574, #8922 ) ;
#1201 = ORIENTED_EDGE ( 'NONE', *, *, #7091, .F. ) ;
#1202 = CARTESIAN_POINT ( 'NONE',  ( -0.1399999999999807510, 0.000000000000000000, 1.499999999999983347 ) ) ;
#1203 = ORIENTED_EDGE ( 'NONE', *, *, #1000, .T. ) ;
#1204 = VERTEX_POINT ( 'NONE', #3037 ) ;
#1205 = DIRECTION ( 'NONE',  ( -3.614007241618338910E-15, 0.000000000000000000, 1.000000000000000000 ) ) ;
#1206 = VERTEX_POINT ( 'NONE', #6655 ) ;
#1207 = CARTESIAN_POINT ( 'NONE',  ( 0.8600000000000194156, 0.1519999999999999962, 1.499999999999972689 ) ) ;
#1208 = CARTESIAN_POINT ( 'NONE',  ( 1.469999999999991980, 0.1519999999999999962, -0.6400000000000309885 ) ) ;
#1209 = DIRECTION ( 'NONE',  ( 0.000000000000000000, 0.000000000000000000, -1.000000000000000000 ) ) ;
#1210 = VERTEX_POINT ( 'NONE', #637 ) ;
#1211 = DIRECTION ( 'NONE',  ( -1.000000000000000000, 0.000000000000000000, -3.942553354492744616E-15 ) ) ;
#1212 = CARTESIAN_POINT ( 'NONE',  ( -0.8599999999999807798, 0.000000000000000000, 1.469999999999988649 ) ) ;
#1213 = ORIENTED_EDGE ( 'NONE', *, *, #266, .F. ) ;
#1214 = EDGE_CURVE ( 'NONE', #2792, #577, #1416, .T. ) ;
#1215 = DIRECTION ( 'NONE',  ( 0.000000000000000000, 0.000000000000000000, -1.000000000000000000 ) ) ;
#1216 = EDGE_CURVE ( 'NONE', #3755, #8356, #5914, .T. ) ;
#1217 = PLANE ( 'NONE',  #3653 ) ;
#1218 = CIRCLE ( 'NONE', #598, 0.1249999999999998890 ) ;
#1219 = DIRECTION ( 'NONE',  ( 0.000000000000000000, -1.000000000000000000, 0.000000000000000000 ) ) ;
#1220 = CARTESIAN_POINT ( 'NONE',  ( -1.470000000000000195, 0.1519999999999999962, -0.8599999999999999867 ) ) ;
#1221 = DIRECTION ( 'NONE',  ( 1.000000000000000000, 0.000000000000000000, 4.425314989736752882E-16 ) ) ;
#1222 = VERTEX_POINT ( 'NONE', #769 ) ;
#1223 = PLANE ( 'NONE',  #2668 ) ;
#1224 = CARTESIAN_POINT ( 'NONE',  ( -1.499999999999989786, 0.05000000000000002359, 0.1400000000000000411 ) ) ;
#1225 = EDGE_CURVE ( 'NONE', #8871, #9342, #5145, .T. ) ;
#1226 = ORIENTED_EDGE ( 'NONE', *, *, #1230, .F. ) ;
#1227 = CARTESIAN_POINT ( 'NONE',  ( -1.224999999999989875, 0.05000000000000002359, 0.1250000000000001110 ) ) ;
#1228 = DIRECTION ( 'NONE',  ( 1.000000000000000000, 0.000000000000000000, 0.000000000000000000 ) ) ;
#1229 = VECTOR ( 'NONE', #3274, 1000.000000000000000 ) ;
#1230 = EDGE_CURVE ( 'NONE', #8351, #2942, #4418, .T. ) ;
#1231 = VECTOR ( 'NONE', #7396, 1000.000000000000000 ) ;
#1232 = EDGE_CURVE ( 'NONE', #9374, #8750, #7388, .T. ) ;
#1233 = EDGE_CURVE ( 'NONE', #4940, #8469, #3784, .T. ) ;
#1234 = LINE ( 'NONE', #6380, #1090 ) ;
#1235 = LINE ( 'NONE', #7211, #5321 ) ;
#1236 = LINE ( 'NONE', #8054, #4466 ) ;
#1237 = VECTOR ( 'NONE', #3133, 1000.000000000000000 ) ;
#1238 = VECTOR ( 'NONE', #5525, 1000.000000000000000 ) ;
#1239 = ORIENTED_EDGE ( 'NONE', *, *, #8570, .F. ) ;
#1240 = ORIENTED_EDGE ( 'NONE', *, *, #2294, .F. ) ;
#1241 = DIRECTION ( 'NONE',  ( 7.228014483236677820E-15, 0.000000000000000000, 1.000000000000000000 ) ) ;
#1242 = ORIENTED_EDGE ( 'NONE', *, *, #322, .T. ) ;
#1243 = VERTEX_POINT ( 'NONE', #9007 ) ;
#1244 = LINE ( 'NONE', #4248, #1113 ) ;
#1245 = DIRECTION ( 'NONE',  ( 0.000000000000000000, 0.000000000000000000, -1.000000000000000000 ) ) ;
#1246 = CARTESIAN_POINT ( 'NONE',  ( -0.1250000000000004718, 0.05000000000000002359, -4.840188270024591538E-16 ) ) ;
#1247 = DIRECTION ( 'NONE',  ( -3.614007241618338910E-15, 0.000000000000000000, 1.000000000000000000 ) ) ;
#1248 = VECTOR ( 'NONE', #8603, 1000.000000000000000 ) ;
#1249 = AXIS2_PLACEMENT_3D ( 'NONE', #3809, #8349, #992 ) ;
#1250 = DIRECTION ( 'NONE',  ( 0.000000000000000000, 1.000000000000000000, -0.000000000000000000 ) ) ;
#1251 = EDGE_CURVE ( 'NONE', #8550, #6252, #8180, .T. ) ;
#1252 = EDGE_CURVE ( 'NONE', #5261, #3748, #4465, .T. ) ;
#1253 = ORIENTED_EDGE ( 'NONE', *, *, #4344, .F. ) ;
#1254 = ORIENTED_EDGE ( 'NONE', *, *, #1887, .T. ) ;
#1255 = DIRECTION ( 'NONE',  ( 0.000000000000000000, 0.000000000000000000, 1.000000000000000000 ) ) ;
#1256 = AXIS2_PLACEMENT_3D ( 'NONE', #6028, #6764, #5300 ) ;
#1257 = ORIENTED_EDGE ( 'NONE', *, *, #9696, .F. ) ;
#1258 = ORIENTED_EDGE ( 'NONE', *, *, #6704, .F. ) ;
#1259 = DIRECTION ( 'NONE',  ( -1.000000000000000000, 0.000000000000000000, -3.942553354492745404E-15 ) ) ;
#1260 = ORIENTED_EDGE ( 'NONE', *, *, #2610, .T. ) ;
#1261 = CARTESIAN_POINT ( 'NONE',  ( -1.469999999999994866, 0.1519999999999999962, -0.3750000000000000000 ) ) ;
#1262 = LINE ( 'NONE', #2689, #2723 ) ;
#1263 = DIRECTION ( 'NONE',  ( 0.000000000000000000, 0.000000000000000000, -1.000000000000000000 ) ) ;
#1264 = ORIENTED_EDGE ( 'NONE', *, *, #7772, .T. ) ;
#1265 =( GEOMETRIC_REPRESENTATION_CONTEXT ( 3 ) GLOBAL_UNCERTAINTY_ASSIGNED_CONTEXT ( ( #7025 ) ) GLOBAL_UNIT_ASSIGNED_CONTEXT ( ( #9564, #2799, #6523 ) ) REPRESENTATION_CONTEXT ( 'NONE', 'WORKASPACE' ) );
#1266 = PLANE ( 'NONE',  #5557 ) ;
#1267 = LINE ( 'NONE', #1369, #5401 ) ;
#1268 = EDGE_CURVE ( 'NONE', #540, #6384, #8227, .T. ) ;
#1269 = VERTEX_POINT ( 'NONE', #9050 ) ;
#1270 = CARTESIAN_POINT ( 'NONE',  ( -1.499999999999984679, 0.000000000000000000, 0.6400000000000000133 ) ) ;
#1271 = AXIS2_PLACEMENT_3D ( 'NONE', #6786, #9044, #2338 ) ;
#1272 = CARTESIAN_POINT ( 'NONE',  ( -0.1399999999999948230, 0.1519999999999999962, -1.469999999999989981 ) ) ;
#1273 = DIRECTION ( 'NONE',  ( -1.000000000000000000, 0.000000000000000000, 7.228014483236677820E-15 ) ) ;
#1274 = DIRECTION ( 'NONE',  ( 0.000000000000000000, -1.000000000000000000, 0.000000000000000000 ) ) ;
#1275 = DIRECTION ( 'NONE',  ( 0.000000000000000000, -0.000000000000000000, -1.000000000000000000 ) ) ;
#1276 = ORIENTED_EDGE ( 'NONE', *, *, #1793, .F. ) ;
#1277 = EDGE_CURVE ( 'NONE', #2961, #3773, #682, .T. ) ;
#1278 = DIRECTION ( 'NONE',  ( -0.000000000000000000, -1.000000000000000000, -0.000000000000000000 ) ) ;
#1279 = DIRECTION ( 'NONE',  ( 0.000000000000000000, -1.000000000000000000, 0.000000000000000000 ) ) ;
#1280 = VECTOR ( 'NONE', #1565, 1000.000000000000000 ) ;
#1281 = EDGE_LOOP ( 'NONE', ( #4377, #7875, #5984, #3664 ) ) ;
#1282 = CARTESIAN_POINT ( 'NONE',  ( 1.499999999999997113, 0.1519999999999999962, -0.3600000000000307954 ) ) ;
#1283 = PLANE ( 'NONE',  #4885 ) ;
#1284 = AXIS2_PLACEMENT_3D ( 'NONE', #1860, #438, #491 ) ;
#1285 = CARTESIAN_POINT ( 'NONE',  ( 0.3750000000000193179, 0.1519999999999999962, 1.469999999999977991 ) ) ;
#1286 = ADVANCED_FACE ( 'NONE', ( #2941 ), #37, .T. ) ;
#1287 = CARTESIAN_POINT ( 'NONE',  ( -1.499999999999989786, 0.000000000000000000, 0.3599999999999999867 ) ) ;
#1288 = DIRECTION ( 'NONE',  ( -0.000000000000000000, -1.000000000000000000, -0.000000000000000000 ) ) ;
#1289 = VECTOR ( 'NONE', #8823, 1000.000000000000000 ) ;
#1290 = VERTEX_POINT ( 'NONE', #2155 ) ;
#1291 = ORIENTED_EDGE ( 'NONE', *, *, #6553, .T. ) ;
#1292 = LINE ( 'NONE', #1831, #7122 ) ;
#1293 = ORIENTED_EDGE ( 'NONE', *, *, #2629, .F. ) ;
#1294 = ORIENTED_EDGE ( 'NONE', *, *, #4582, .F. ) ;
#1295 = LINE ( 'NONE', #7776, #9100 ) ;
#1296 = CARTESIAN_POINT ( 'NONE',  ( 0.6400000000000053424, 0.1519999999999999962, -1.499999999999997780 ) ) ;
#1297 = LINE ( 'NONE', #4835, #2826 ) ;
#1298 = CIRCLE ( 'NONE', #3185, 0.1249999999999998890 ) ;
#1299 = CARTESIAN_POINT ( 'NONE',  ( -1.500000000000000222, 0.000000000000000000, -0.8599999999999999867 ) ) ;
#1300 = ORIENTED_EDGE ( 'NONE', *, *, #7755, .T. ) ;
#1301 = VERTEX_POINT ( 'NONE', #7439 ) ;
#1302 = ADVANCED_FACE ( 'NONE', ( #9695 ), #821, .F. ) ;
#1303 = DIRECTION ( 'NONE',  ( -1.000000000000000000, -0.000000000000000000, -0.000000000000000000 ) ) ;
#1304 = EDGE_CURVE ( 'NONE', #2287, #48, #6791, .T. ) ;
#1305 = VECTOR ( 'NONE', #1540, 1000.000000000000000 ) ;
#1306 = ORIENTED_EDGE ( 'NONE', *, *, #6080, .T. ) ;
#1307 = ORIENTED_EDGE ( 'NONE', *, *, #4005, .T. ) ;
#1308 = CARTESIAN_POINT ( 'NONE',  ( 1.469999999999991980, 0.05000000000000002359, -0.6250000000000308642 ) ) ;
#1309 = ORIENTED_EDGE ( 'NONE', *, *, #8710, .F. ) ;
#1310 = PRODUCT_RELATED_PRODUCT_CATEGORY ( 'part', '', ( #9319 ) ) ;
#1311 = DIRECTION ( 'NONE',  ( 0.000000000000000000, -1.000000000000000000, 0.000000000000000000 ) ) ;
#1312 = LINE ( 'NONE', #6601, #6316 ) ;
#1313 = CARTESIAN_POINT ( 'NONE',  ( -0.3749999999999806821, 0.1519999999999999962, 1.469999999999983320 ) ) ;
#1314 = ORIENTED_EDGE ( 'NONE', *, *, #4443, .F. ) ;
#1315 = CIRCLE ( 'NONE', #8047, 0.1249999999999998890 ) ;
#1316 = DIRECTION ( 'NONE',  ( -0.000000000000000000, -1.000000000000000000, -0.000000000000000000 ) ) ;
#1317 = CARTESIAN_POINT ( 'NONE',  ( -0.3599999999999806688, 0.1519999999999999962, 1.499999999999983347 ) ) ;
#1318 = VERTEX_POINT ( 'NONE', #5237 ) ;
#1319 = CARTESIAN_POINT ( 'NONE',  ( -1.224999999999994982, 0.1519999999999999962, -0.2500000000000000000 ) ) ;
#1320 = EDGE_CURVE ( 'NONE', #8887, #4842, #8229, .T. ) ;
#1321 = CARTESIAN_POINT ( 'NONE',  ( 3.872150616019655876E-16, 0.05000000000000002359, -0.8749999999999993339 ) ) ;
#1322 = DIRECTION ( 'NONE',  ( 0.000000000000000000, 1.000000000000000000, -0.000000000000000000 ) ) ;
#1323 = DIRECTION ( 'NONE',  ( -0.000000000000000000, -1.000000000000000000, -0.000000000000000000 ) ) ;
#1324 = EDGE_CURVE ( 'NONE', #1703, #2764, #5282, .T. ) ;
#1325 = DIRECTION ( 'NONE',  ( -0.000000000000000000, -1.000000000000000000, -0.000000000000000000 ) ) ;
#1326 = ORIENTED_EDGE ( 'NONE', *, *, #2190, .F. ) ;
#1327 = AXIS2_PLACEMENT_3D ( 'NONE', #2715, #6577, #6626 ) ;
#1328 = CARTESIAN_POINT ( 'NONE',  ( -1.469999999999984652, 0.1519999999999999962, 0.6250000000000000000 ) ) ;
#1329 = ORIENTED_EDGE ( 'NONE', *, *, #2911, .T. ) ;
#1330 = DIRECTION ( 'NONE',  ( 0.000000000000000000, 0.000000000000000000, 1.000000000000000000 ) ) ;
#1331 = VECTOR ( 'NONE', #4185, 1000.000000000000000 ) ;
#1332 = DIRECTION ( 'NONE',  ( -1.000000000000000000, 0.000000000000000000, -0.000000000000000000 ) ) ;
#1333 = VECTOR ( 'NONE', #5393, 1000.000000000000000 ) ;
#1334 = CARTESIAN_POINT ( 'NONE',  ( 1.470000000000002416, 0.000000000000000000, 0.1249999999999691358 ) ) ;
#1335 = FACE_OUTER_BOUND ( 'NONE', #5317, .T. ) ;
#1336 = CYLINDRICAL_SURFACE ( 'NONE', #2114, 0.1249999999999998890 ) ;
#1337 = VECTOR ( 'NONE', #6556, 1000.000000000000000 ) ;
#1338 = AXIS2_PLACEMENT_3D ( 'NONE', #4144, #307, #7009 ) ;
#1339 = VERTEX_POINT ( 'NONE', #3088 ) ;
#1340 = ORIENTED_EDGE ( 'NONE', *, *, #7012, .T. ) ;
#1341 = DIRECTION ( 'NONE',  ( -4.425314989736752882E-16, 0.000000000000000000, -1.000000000000000000 ) ) ;
#1342 = VERTEX_POINT ( 'NONE', #2346 ) ;
#1343 = FACE_OUTER_BOUND ( 'NONE', #4985, .T. ) ;
#1344 = EDGE_CURVE ( 'NONE', #9199, #2684, #6054, .T. ) ;
#1345 = EDGE_CURVE ( 'NONE', #6487, #8048, #7337, .T. ) ;
#1346 = VERTEX_POINT ( 'NONE', #6104 ) ;
#1347 = VECTOR ( 'NONE', #3860, 1000.000000000000000 ) ;
#1348 = PLANE ( 'NONE',  #4595 ) ;
#1349 = DIRECTION ( 'NONE',  ( 0.000000000000000000, -0.000000000000000000, -1.000000000000000000 ) ) ;
#1350 = SURFACE_STYLE_USAGE ( .BOTH. , #569 ) ;
#1351 = CARTESIAN_POINT ( 'NONE',  ( -1.499999999999984679, 0.1519999999999999962, 0.8599999999999999867 ) ) ;
#1352 = FACE_OUTER_BOUND ( 'NONE', #4295, .T. ) ;
#1353 = UNCERTAINTY_MEASURE_WITH_UNIT (LENGTH_MEASURE( 1.000000000000000082E-05 ), #1163, 'distance_accuracy_value', 'NONE');
#1354 = ORIENTED_EDGE ( 'NONE', *, *, #1233, .F. ) ;
#1355 = ORIENTED_EDGE ( 'NONE', *, *, #3816, .T. ) ;
#1356 = CARTESIAN_POINT ( 'NONE',  ( -1.224999999999989875, 0.1519999999999999962, 0.2500000000000000000 ) ) ;
#1357 = ORIENTED_EDGE ( 'NONE', *, *, #5599, .F. ) ;
#1358 = ORIENTED_EDGE ( 'NONE', *, *, #2347, .F. ) ;
#1359 = LINE ( 'NONE', #7279, #2789 ) ;
#1360 = ORIENTED_EDGE ( 'NONE', *, *, #7937, .F. ) ;
#1361 = DIRECTION ( 'NONE',  ( 0.000000000000000000, -0.000000000000000000, 1.000000000000000000 ) ) ;
#1362 = ADVANCED_BREP_SHAPE_REPRESENTATION ( 'ADA4351-2ACPZ-R7', ( #9581, #3102, #2957, #2994, #3042, #15, #9511, #3170, #9423, #6331, #3074, #3057, #6314, #6297, #9630, #6261, #6279, #6180, #8966 ), #6158 ) ;
#1363 = LINE ( 'NONE', #8078, #2258 ) ;
#1364 = LINE ( 'NONE', #4365, #3452 ) ;
#1365 = EDGE_CURVE ( 'NONE', #329, #3290, #9195, .T. ) ;
#1366 = EDGE_CURVE ( 'NONE', #6327, #5628, #5868, .T. ) ;
#1367 = ORIENTED_EDGE ( 'NONE', *, *, #8837, .T. ) ;
#1368 = CARTESIAN_POINT ( 'NONE',  ( -0.6399999999999808065, 0.1519999999999999962, 1.469999999999988649 ) ) ;
#1369 = CARTESIAN_POINT ( 'NONE',  ( 1.499999999999992006, 0.1519999999999999962, -0.8600000000000308509 ) ) ;
#1370 = VERTEX_POINT ( 'NONE', #274 ) ;
#1371 = LINE ( 'NONE', #2793, #5494 ) ;
#1372 = LINE ( 'NONE', #2897, #8493 ) ;
#1373 = LINE ( 'NONE', #4423, #5993 ) ;
#1374 = CARTESIAN_POINT ( 'NONE',  ( -0.000000000000000000, 0.05000000000000002359, -0.8600000000000308509 ) ) ;
#1375 = VERTEX_POINT ( 'NONE', #2584 ) ;
#1376 = CARTESIAN_POINT ( 'NONE',  ( -1.470000000000000195, 0.1519999999999999962, -0.6400000000000000133 ) ) ;
#1377 = PLANE ( 'NONE',  #2901 ) ;
#1378 = ADVANCED_FACE ( 'NONE', ( #4796 ), #1658, .F. ) ;
#1379 = VECTOR ( 'NONE', #7381, 1000.000000000000000 ) ;
#1380 = ORIENTED_EDGE ( 'NONE', *, *, #4249, .F. ) ;
#1381 = DIRECTION ( 'NONE',  ( 0.000000000000000000, 0.000000000000000000, -1.000000000000000000 ) ) ;
#1382 = EDGE_CURVE ( 'NONE', #718, #1206, #1056, .T. ) ;
#1383 = LINE ( 'NONE', #3750, #815 ) ;
#1384 = CARTESIAN_POINT ( 'NONE',  ( 1.500000000000007550, 0.1519999999999999962, 0.6399999999999691491 ) ) ;
#1385 = DIRECTION ( 'NONE',  ( 0.000000000000000000, 0.000000000000000000, -1.000000000000000000 ) ) ;
#1386 = CARTESIAN_POINT ( 'NONE',  ( 1.470000000000007523, 0.1519999999999999962, 0.8599999999999691225 ) ) ;
#1387 = ORIENTED_EDGE ( 'NONE', *, *, #1216, .F. ) ;
#1388 = EDGE_LOOP ( 'NONE', ( #6946, #3333, #9326, #2591 ) ) ;
#1389 = DIRECTION ( 'NONE',  ( 0.000000000000000000, 0.000000000000000000, -1.000000000000000000 ) ) ;
#1390 = EDGE_CURVE ( 'NONE', #65, #7193, #6933, .T. ) ;
#1391 = VECTOR ( 'NONE', #3056, 1000.000000000000000 ) ;
#1392 = ORIENTED_EDGE ( 'NONE', *, *, #6989, .F. ) ;
#1393 = CARTESIAN_POINT ( 'NONE',  ( -0.8749999999999947820, 0.1519999999999999962, -1.469999999999987317 ) ) ;
#1394 =( GEOMETRIC_REPRESENTATION_CONTEXT ( 3 ) GLOBAL_UNCERTAINTY_ASSIGNED_CONTEXT ( ( #3426 ) ) GLOBAL_UNIT_ASSIGNED_CONTEXT ( ( #3403, #592, #7939 ) ) REPRESENTATION_CONTEXT ( 'NONE', 'WORKASPACE' ) );
#1395 = DIRECTION ( 'NONE',  ( 0.000000000000000000, 0.000000000000000000, -1.000000000000000000 ) ) ;
#1396 = CARTESIAN_POINT ( 'NONE',  ( 0.3600000000000052047, 0.1519999999999999962, -1.469999999999993534 ) ) ;
#1397 = PLANE ( 'NONE',  #9229 ) ;
#1398 = PLANE ( 'NONE',  #3293 ) ;
#1399 = VECTOR ( 'NONE', #3086, 1000.000000000000000 ) ;
#1400 = EDGE_CURVE ( 'NONE', #6778, #5835, #2394, .T. ) ;
#1401 = EDGE_LOOP ( 'NONE', ( #4170, #1306, #2423, #1852 ) ) ;
#1402 = ORIENTED_EDGE ( 'NONE', *, *, #99, .T. ) ;
#1403 = CARTESIAN_POINT ( 'NONE',  ( 1.469999999999997087, 0.1519999999999999962, -0.1400000000000309053 ) ) ;
#1404 = VERTEX_POINT ( 'NONE', #1701 ) ;
#1405 = ORIENTED_EDGE ( 'NONE', *, *, #2712, .T. ) ;
#1406 = CARTESIAN_POINT ( 'NONE',  ( 1.224999999999997202, 0.1519999999999999962, -0.1250000000000309475 ) ) ;
#1407 = ORIENTED_EDGE ( 'NONE', *, *, #1607, .T. ) ;
#1408 = VECTOR ( 'NONE', #5022, 1000.000000000000000 ) ;
#1409 = FACE_OUTER_BOUND ( 'NONE', #2142, .T. ) ;
#1410 = VECTOR ( 'NONE', #1777, 1000.000000000000000 ) ;
#1411 = CARTESIAN_POINT ( 'NONE',  ( -0.8599999999999947686, 0.1519999999999999962, -1.469999999999987317 ) ) ;
#1412 = DIRECTION ( 'NONE',  ( 1.000000000000000000, 0.000000000000000000, 3.614007241618338910E-15 ) ) ;
#1413 = ORIENTED_EDGE ( 'NONE', *, *, #1304, .T. ) ;
#1414 = EDGE_CURVE ( 'NONE', #9686, #4899, #3967, .T. ) ;
#1415 = AXIS2_PLACEMENT_3D ( 'NONE', #6323, #1972, #5539 ) ;
#1416 = LINE ( 'NONE', #1513, #9468 ) ;
#1417 = EDGE_LOOP ( 'NONE', ( #702, #2928, #1360, #6075 ) ) ;
#1418 = CARTESIAN_POINT ( 'NONE',  ( 1.470000000000002416, 0.000000000000000000, 0.3749999999999691358 ) ) ;
#1419 = EDGE_CURVE ( 'NONE', #6515, #3728, #871, .T. ) ;
#1420 = EDGE_CURVE ( 'NONE', #2291, #2099, #130, .T. ) ;
#1421 = DIRECTION ( 'NONE',  ( -1.000000000000000000, 0.000000000000000000, -3.942553354492744616E-15 ) ) ;
#1422 = CARTESIAN_POINT ( 'NONE',  ( 0.1250000000000008327, 0.05000000000000002359, 3.733859522590410836E-16 ) ) ;
#1423 = DIRECTION ( 'NONE',  ( 5.531643737170941473E-16, -0.000000000000000000, 1.000000000000000000 ) ) ;
#1424 = AXIS2_PLACEMENT_3D ( 'NONE', #6998, #496, #3504 ) ;
#1425 = ORIENTED_EDGE ( 'NONE', *, *, #4786, .F. ) ;
#1426 = CYLINDRICAL_SURFACE ( 'NONE', #3791, 0.1249999999999998890 ) ;
#1427 = PLANE ( 'NONE',  #5703 ) ;
#1428 = AXIS2_PLACEMENT_3D ( 'NONE', #1319, #541, #5147 ) ;
#1429 = ORIENTED_EDGE ( 'NONE', *, *, #7066, .T. ) ;
#1430 = LINE ( 'NONE', #2806, #9464 ) ;
#1431 = EDGE_CURVE ( 'NONE', #9554, #6686, #4605, .T. ) ;
#1432 = EDGE_CURVE ( 'NONE', #733, #4073, #913, .T. ) ;
#1433 = DIRECTION ( 'NONE',  ( 0.000000000000000000, 0.000000000000000000, -1.000000000000000000 ) ) ;
#1434 = CARTESIAN_POINT ( 'NONE',  ( -0.1399999999999948230, 0.000000000000000000, -1.469999999999989981 ) ) ;
#1435 = VECTOR ( 'NONE', #2870, 1000.000000000000000 ) ;
#1436 = DIRECTION ( 'NONE',  ( 0.000000000000000000, 1.000000000000000000, -0.000000000000000000 ) ) ;
#1437 = DIRECTION ( 'NONE',  ( 1.000000000000000000, 0.000000000000000000, -7.228014483236677820E-15 ) ) ;
#1438 = EDGE_CURVE ( 'NONE', #964, #425, #5471, .T. ) ;
#1439 = ORIENTED_EDGE ( 'NONE', *, *, #7944, .F. ) ;
#1440 = EDGE_LOOP ( 'NONE', ( #5858, #6055, #1258, #6752 ) ) ;
#1441 = CARTESIAN_POINT ( 'NONE',  ( 1.224999999999997202, 0.000000000000000000, -0.1250000000000309475 ) ) ;
#1442 = VECTOR ( 'NONE', #1578, 1000.000000000000000 ) ;
#1443 = ORIENTED_EDGE ( 'NONE', *, *, #4641, .T. ) ;
#1444 = CARTESIAN_POINT ( 'NONE',  ( -0.2500000000000128786, 0.1519999999999999962, 1.224999999999992095 ) ) ;
#1445 = ORIENTED_EDGE ( 'NONE', *, *, #5109, .T. ) ;
#1446 = DIRECTION ( 'NONE',  ( 0.000000000000000000, 1.000000000000000000, -0.000000000000000000 ) ) ;
#1447 = LINE ( 'NONE', #1396, #446 ) ;
#1448 = SHAPE_DEFINITION_REPRESENTATION ( #405, #1362 ) ;
#1449 = LINE ( 'NONE', #9678, #9380 ) ;
#1450 = CARTESIAN_POINT ( 'NONE',  ( -0.7499999999999956701, 0.1519999999999999962, -1.224999999999986988 ) ) ;
#1451 = EDGE_CURVE ( 'NONE', #6438, #8370, #7028, .T. ) ;
#1452 = VECTOR ( 'NONE', #8963, 1000.000000000000000 ) ;
#1453 = ORIENTED_EDGE ( 'NONE', *, *, #560, .F. ) ;
#1454 = VERTEX_POINT ( 'NONE', #5380 ) ;
#1455 = PLANE ( 'NONE',  #2755 ) ;
#1456 = ORIENTED_EDGE ( 'NONE', *, *, #8873, .F. ) ;
#1457 = EDGE_LOOP ( 'NONE', ( #1563, #1143, #996, #8721 ) ) ;
#1458 = CARTESIAN_POINT ( 'NONE',  ( 0.8600000000000191935, 0.1519999999999999962, 1.469999999999972662 ) ) ;
#1459 = ORIENTED_EDGE ( 'NONE', *, *, #4544, .F. ) ;
#1460 = VECTOR ( 'NONE', #8313, 1000.000000000000000 ) ;
#1461 = DIRECTION ( 'NONE',  ( 0.000000000000000000, 0.000000000000000000, -1.000000000000000000 ) ) ;
#1462 = LINE ( 'NONE', #8029, #6931 ) ;
#1463 = CYLINDRICAL_SURFACE ( 'NONE', #7011, 0.1499999999999999667 ) ;
#1464 = ORIENTED_EDGE ( 'NONE', *, *, #3340, .F. ) ;
#1465 = AXIS2_PLACEMENT_3D ( 'NONE', #9169, #2281, #3298 ) ;
#1466 = CARTESIAN_POINT ( 'NONE',  ( -1.499999999999984679, 0.1519999999999999962, 0.8599999999999999867 ) ) ;
#1467 = EDGE_LOOP ( 'NONE', ( #3977, #6727, #8970, #6035 ) ) ;
#1468 = LINE ( 'NONE', #5773, #8002 ) ;
#1469 = CARTESIAN_POINT ( 'NONE',  ( 0.6400000000000053424, 0.1519999999999999962, -1.499999999999997780 ) ) ;
#1470 = EDGE_CURVE ( 'NONE', #7539, #5682, #965, .T. ) ;
#1471 = EDGE_CURVE ( 'NONE', #5412, #275, #3135, .T. ) ;
#1472 = DIRECTION ( 'NONE',  ( 1.000000000000000000, 0.000000000000000000, -0.000000000000000000 ) ) ;
#1473 = FACE_OUTER_BOUND ( 'NONE', #701, .T. ) ;
#1474 = VECTOR ( 'NONE', #9045, 1000.000000000000000 ) ;
#1475 = ORIENTED_EDGE ( 'NONE', *, *, #1037, .F. ) ;
#1476 = PLANE ( 'NONE',  #6882 ) ;
#1477 = CARTESIAN_POINT ( 'NONE',  ( -1.499999999999989786, 0.1519999999999999962, 0.3599999999999999867 ) ) ;
#1478 = AXIS2_PLACEMENT_3D ( 'NONE', #4255, #2626, #2579 ) ;
#1479 = ORIENTED_EDGE ( 'NONE', *, *, #798, .T. ) ;
#1480 = DIRECTION ( 'NONE',  ( 0.000000000000000000, 0.000000000000000000, -1.000000000000000000 ) ) ;
#1481 = DIRECTION ( 'NONE',  ( 0.000000000000000000, -0.000000000000000000, -1.000000000000000000 ) ) ;
#1482 = DIRECTION ( 'NONE',  ( 1.000000000000000000, 0.000000000000000000, 0.000000000000000000 ) ) ;
#1483 = CARTESIAN_POINT ( 'NONE',  ( 1.470000000000007523, 0.1519999999999999962, 0.6249999999999691358 ) ) ;
#1484 = ADVANCED_FACE ( 'NONE', ( #5517 ), #1795, .T. ) ;
#1485 = LINE ( 'NONE', #4486, #4145 ) ;
#1486 = EDGE_CURVE ( 'NONE', #2933, #8452, #4657, .T. ) ;
#1487 = VECTOR ( 'NONE', #2546, 1000.000000000000000 ) ;
#1488 = AXIS2_PLACEMENT_3D ( 'NONE', #4236, #7206, #1924 ) ;
#1489 = ORIENTED_EDGE ( 'NONE', *, *, #3364, .F. ) ;
#1490 = ORIENTED_EDGE ( 'NONE', *, *, #7450, .T. ) ;
#1491 = DIRECTION ( 'NONE',  ( 0.000000000000000000, 1.000000000000000000, -0.000000000000000000 ) ) ;
#1492 = ORIENTED_EDGE ( 'NONE', *, *, #3735, .T. ) ;
#1493 = LINE ( 'NONE', #1393, #8318 ) ;
#1494 = ORIENTED_EDGE ( 'NONE', *, *, #3266, .T. ) ;
#1495 = DIRECTION ( 'NONE',  ( -0.000000000000000000, -1.000000000000000000, -0.000000000000000000 ) ) ;
#1496 = DIRECTION ( 'NONE',  ( -0.000000000000000000, 1.000000000000000000, -0.000000000000000000 ) ) ;
#1497 = LINE ( 'NONE', #7470, #5626 ) ;
#1498 = VECTOR ( 'NONE', #2742, 1000.000000000000000 ) ;
#1499 = LINE ( 'NONE', #3767, #4539 ) ;
#1500 = EDGE_CURVE ( 'NONE', #3728, #3186, #7626, .T. ) ;
#1501 = ORIENTED_EDGE ( 'NONE', *, *, #4075, .T. ) ;
#1502 = ORIENTED_EDGE ( 'NONE', *, *, #708, .F. ) ;
#1503 = CARTESIAN_POINT ( 'NONE',  ( 1.500000000000002442, 0.000000000000000000, 0.1399999999999691769 ) ) ;
#1504 = ORIENTED_EDGE ( 'NONE', *, *, #4072, .T. ) ;
#1505 = ORIENTED_EDGE ( 'NONE', *, *, #775, .F. ) ;
#1506 = LINE ( 'NONE', #5185, #5593 ) ;
#1507 = ADVANCED_FACE ( 'NONE', ( #7131 ), #2729, .F. ) ;
#1508 = LINE ( 'NONE', #31, #2710 ) ;
#1509 = DIRECTION ( 'NONE',  ( 3.982783490763077545E-15, 0.000000000000000000, -1.000000000000000000 ) ) ;
#1510 = CARTESIAN_POINT ( 'NONE',  ( -0.1249999999999947681, 0.000000000000000000, -1.469999999999989981 ) ) ;
#1511 = CARTESIAN_POINT ( 'NONE',  ( 1.225000000000002309, 0.1519999999999999962, 0.1249999999999692607 ) ) ;
#1512 = VECTOR ( 'NONE', #1241, 1000.000000000000000 ) ;
#1513 = CARTESIAN_POINT ( 'NONE',  ( 0.1400000000000193312, 0.000000000000000000, 1.499999999999978240 ) ) ;
#1514 = ORIENTED_EDGE ( 'NONE', *, *, #2967, .T. ) ;
#1515 = PLANE ( 'NONE',  #4269 ) ;
#1516 = VERTEX_POINT ( 'NONE', #8021 ) ;
#1517 = CARTESIAN_POINT ( 'NONE',  ( 1.470000000000007523, 0.1519999999999999962, 0.6249999999999691358 ) ) ;
#1518 = DIRECTION ( 'NONE',  ( -2.987087618072308553E-15, 0.000000000000000000, 1.000000000000000000 ) ) ;
#1519 = LINE ( 'NONE', #5920, #7175 ) ;
#1520 = ORIENTED_EDGE ( 'NONE', *, *, #708, .T. ) ;
#1521 =( LENGTH_UNIT ( ) NAMED_UNIT ( * ) SI_UNIT ( .MILLI., .METRE. ) );
#1522 = DIRECTION ( 'NONE',  ( 0.000000000000000000, 0.000000000000000000, -1.000000000000000000 ) ) ;
#1523 = EDGE_CURVE ( 'NONE', #6675, #6232, #5409, .T. ) ;
#1524 = ADVANCED_FACE ( 'NONE', ( #4841 ), #2683, .T. ) ;
#1525 = DIRECTION ( 'NONE',  ( -1.000000000000000000, 0.000000000000000000, 0.000000000000000000 ) ) ;
#1526 = PLANE ( 'NONE',  #1116 ) ;
#1527 = CARTESIAN_POINT ( 'NONE',  ( 0.8600000000000053157, 0.05000000000000002359, -1.499999999999996891 ) ) ;
#1528 = FACE_OUTER_BOUND ( 'NONE', #9683, .T. ) ;
#1529 = CARTESIAN_POINT ( 'NONE',  ( 0.8600000000000194156, 0.1519999999999999962, 1.499999999999972689 ) ) ;
#1530 = EDGE_CURVE ( 'NONE', #1948, #4097, #6451, .T. ) ;
#1531 = ORIENTED_EDGE ( 'NONE', *, *, #3286, .T. ) ;
#1532 = ORIENTED_EDGE ( 'NONE', *, *, #2153, .F. ) ;
#1533 = PLANE ( 'NONE',  #8700 ) ;
#1534 = EDGE_CURVE ( 'NONE', #159, #278, #372, .T. ) ;
#1535 = ORIENTED_EDGE ( 'NONE', *, *, #3594, .F. ) ;
#1536 = PLANE ( 'NONE',  #7532 ) ;
#1537 = ADVANCED_FACE ( 'NONE', ( #3429 ), #4261, .T. ) ;
#1538 = ORIENTED_EDGE ( 'NONE', *, *, #6049, .T. ) ;
#1539 = EDGE_CURVE ( 'NONE', #3383, #134, #526, .T. ) ;
#1540 = DIRECTION ( 'NONE',  ( 0.000000000000000000, -1.000000000000000000, 0.000000000000000000 ) ) ;
#1541 = CARTESIAN_POINT ( 'NONE',  ( 0.3600000000000052047, 0.000000000000000000, -1.469999999999993534 ) ) ;
#1542 = PRESENTATION_LAYER_ASSIGNMENT (  '', '', ( #8581 ) ) ;
#1543 = CARTESIAN_POINT ( 'NONE',  ( 1.499999999999997113, 0.1519999999999999962, -0.1400000000000309053 ) ) ;
#1544 = CARTESIAN_POINT ( 'NONE',  ( -0.1399999999999948230, 0.1519999999999999962, -1.469999999999989981 ) ) ;
#1545 = VECTOR ( 'NONE', #281, 1000.000000000000000 ) ;
#1546 = EDGE_LOOP ( 'NONE', ( #3089, #2118, #8938, #2152 ) ) ;
#1547 = VERTEX_POINT ( 'NONE', #6542 ) ;
#1548 = CARTESIAN_POINT ( 'NONE',  ( 1.225000000000007638, 0.1519999999999999962, 0.6249999999999693578 ) ) ;
#1549 = VERTEX_POINT ( 'NONE', #7970 ) ;
#1550 = ORIENTED_EDGE ( 'NONE', *, *, #829, .T. ) ;
#1551 = DIRECTION ( 'NONE',  ( -0.000000000000000000, 1.000000000000000000, -0.000000000000000000 ) ) ;
#1552 = DIRECTION ( 'NONE',  ( -0.000000000000000000, -1.000000000000000000, -0.000000000000000000 ) ) ;
#1553 = DIRECTION ( 'NONE',  ( -0.000000000000000000, -1.000000000000000000, -0.000000000000000000 ) ) ;
#1554 = EDGE_CURVE ( 'NONE', #6042, #1975, #3530, .T. ) ;
#1555 = LINE ( 'NONE', #7672, #4142 ) ;
#1556 = CARTESIAN_POINT ( 'NONE',  ( 0.8600000000000053157, 0.1519999999999999962, -1.499999999999996891 ) ) ;
#1557 = VECTOR ( 'NONE', #7150, 1000.000000000000000 ) ;
#1558 = DIRECTION ( 'NONE',  ( 0.000000000000000000, -1.000000000000000000, 0.000000000000000000 ) ) ;
#1559 = EDGE_CURVE ( 'NONE', #90, #1971, #9385, .T. ) ;
#1560 = ORIENTED_EDGE ( 'NONE', *, *, #3106, .T. ) ;
#1561 = DIRECTION ( 'NONE',  ( 0.000000000000000000, 0.000000000000000000, 1.000000000000000000 ) ) ;
#1562 = VECTOR ( 'NONE', #948, 1000.000000000000000 ) ;
#1563 = ORIENTED_EDGE ( 'NONE', *, *, #6623, .T. ) ;
#1564 = CIRCLE ( 'NONE', #2031, 0.1249999999999998890 ) ;
#1565 = DIRECTION ( 'NONE',  ( -0.000000000000000000, -1.000000000000000000, -0.000000000000000000 ) ) ;
#1566 = ORIENTED_EDGE ( 'NONE', *, *, #5707, .F. ) ;
#1567 = DIRECTION ( 'NONE',  ( 0.000000000000000000, -1.000000000000000000, 0.000000000000000000 ) ) ;
#1568 = DIRECTION ( 'NONE',  ( 1.000000000000000000, 0.000000000000000000, 0.000000000000000000 ) ) ;
#1569 = PLANE ( 'NONE',  #3603 ) ;
#1570 = ORIENTED_EDGE ( 'NONE', *, *, #6485, .F. ) ;
#1571 = AXIS2_PLACEMENT_3D ( 'NONE', #2221, #2270, #3753 ) ;
#1572 = CIRCLE ( 'NONE', #1249, 0.1249999999999998890 ) ;
#1573 =( NAMED_UNIT ( * ) SI_UNIT ( $, .STERADIAN. ) SOLID_ANGLE_UNIT ( ) );
#1574 = DIRECTION ( 'NONE',  ( 2.987087618072308553E-15, 0.000000000000000000, -1.000000000000000000 ) ) ;
#1575 = EDGE_CURVE ( 'NONE', #3171, #1739, #2632, .T. ) ;
#1576 = DIRECTION ( 'NONE',  ( 0.000000000000000000, 0.000000000000000000, -1.000000000000000000 ) ) ;
#1577 = AXIS2_PLACEMENT_3D ( 'NONE', #4378, #5879, #7994 ) ;
#1578 = DIRECTION ( 'NONE',  ( 1.000000000000000000, 0.000000000000000000, 0.000000000000000000 ) ) ;
#1579 = EDGE_CURVE ( 'NONE', #2275, #5743, #3382, .T. ) ;
#1580 = FACE_OUTER_BOUND ( 'NONE', #2685, .T. ) ;
#1581 = LINE ( 'NONE', #152, #6094 ) ;
#1582 = DIRECTION ( 'NONE',  ( -1.000000000000000000, 0.000000000000000000, -3.982783490763077545E-15 ) ) ;
#1583 = CIRCLE ( 'NONE', #6893, 0.1499999999999999667 ) ;
#1584 = EDGE_LOOP ( 'NONE', ( #5861, #1260, #8902, #2165 ) ) ;
#1585 = LINE ( 'NONE', #3992, #6168 ) ;
#1586 = VERTEX_POINT ( 'NONE', #3480 ) ;
#1587 = DIRECTION ( 'NONE',  ( -1.307680579467250963E-13, 0.000000000000000000, -1.000000000000000000 ) ) ;
#1588 = ORIENTED_EDGE ( 'NONE', *, *, #9025, .F. ) ;
#1589 = VECTOR ( 'NONE', #5988, 1000.000000000000000 ) ;
#1590 =( NAMED_UNIT ( * ) SI_UNIT ( $, .STERADIAN. ) SOLID_ANGLE_UNIT ( ) );
#1591 = EDGE_CURVE ( 'NONE', #3308, #745, #8655, .T. ) ;
#1592 = EDGE_CURVE ( 'NONE', #4297, #8940, #1946, .T. ) ;
#1593 = CARTESIAN_POINT ( 'NONE',  ( -1.200000000000000400, 0.7500000000000000000, -1.200000000000000178 ) ) ;
#1594 = DIRECTION ( 'NONE',  ( -3.614007241618338910E-15, 0.000000000000000000, 1.000000000000000000 ) ) ;
#1595 = AXIS2_PLACEMENT_3D ( 'NONE', #7356, #652, #1481 ) ;
#1596 = ORIENTED_EDGE ( 'NONE', *, *, #5259, .F. ) ;
#1597 = ORIENTED_EDGE ( 'NONE', *, *, #55, .T. ) ;
#1598 = CARTESIAN_POINT ( 'NONE',  ( 0.8750000000000052180, 0.1519999999999999962, -1.469999999999996865 ) ) ;
#1599 = ORIENTED_EDGE ( 'NONE', *, *, #5000, .T. ) ;
#1600 = EDGE_LOOP ( 'NONE', ( #638, #488, #5438, #7225 ) ) ;
#1601 = CARTESIAN_POINT ( 'NONE',  ( 1.470000000000007523, 0.1519999999999999962, 0.6399999999999691491 ) ) ;
#1602 = FACE_OUTER_BOUND ( 'NONE', #793, .T. ) ;
#1603 = DIRECTION ( 'NONE',  ( 1.000000000000000000, 0.000000000000000000, 0.000000000000000000 ) ) ;
#1604 = CARTESIAN_POINT ( 'NONE',  ( 1.225000000000007638, 0.1519999999999999962, 0.7499999999999692468 ) ) ;
#1605 = VECTOR ( 'NONE', #7631, 1000.000000000000000 ) ;
#1606 = LINE ( 'NONE', #7992, #5466 ) ;
#1607 = EDGE_CURVE ( 'NONE', #3335, #4002, #1103, .T. ) ;
#1608 = ORIENTED_EDGE ( 'NONE', *, *, #1713, .F. ) ;
#1609 = DIRECTION ( 'NONE',  ( 0.000000000000000000, 0.000000000000000000, -1.000000000000000000 ) ) ;
#1610 = AXIS2_PLACEMENT_3D ( 'NONE', #5748, #1395, #5031 ) ;
#1611 = ORIENTED_EDGE ( 'NONE', *, *, #4923, .T. ) ;
#1612 = DIRECTION ( 'NONE',  ( 3.614007241618338910E-15, 0.000000000000000000, -1.000000000000000000 ) ) ;
#1613 = VERTEX_POINT ( 'NONE', #8702 ) ;
#1614 = LINE ( 'NONE', #1754, #8181 ) ;
#1615 = FACE_OUTER_BOUND ( 'NONE', #4879, .T. ) ;
#1616 = DIRECTION ( 'NONE',  ( 3.982783490763077545E-15, -0.000000000000000000, -1.000000000000000000 ) ) ;
#1617 = ADVANCED_FACE ( 'NONE', ( #5611 ), #1997, .F. ) ;
#1618 = ORIENTED_EDGE ( 'NONE', *, *, #8911, .F. ) ;
#1619 = VECTOR ( 'NONE', #7235, 1000.000000000000000 ) ;
#1620 = SURFACE_STYLE_FILL_AREA ( #2357 ) ;
#1621 = DIRECTION ( 'NONE',  ( 4.425314989736752882E-16, 0.000000000000000000, -1.000000000000000000 ) ) ;
#1622 = ADVANCED_FACE ( 'NONE', ( #2778 ), #4159, .T. ) ;
#1623 = PLANE ( 'NONE',  #4629 ) ;
#1624 = VECTOR ( 'NONE', #4908, 1000.000000000000000 ) ;
#1625 = PLANE ( 'NONE',  #8486 ) ;
#1626 = EDGE_CURVE ( 'NONE', #4355, #1154, #7378, .T. ) ;
#1627 = CARTESIAN_POINT ( 'NONE',  ( 1.470000000000007523, 0.1519999999999999962, 0.6399999999999691491 ) ) ;
#1628 = ORIENTED_EDGE ( 'NONE', *, *, #8114, .T. ) ;
#1629 = CARTESIAN_POINT ( 'NONE',  ( 1.469999999999991980, 0.1519999999999999962, -0.6400000000000309885 ) ) ;
#1630 = CARTESIAN_POINT ( 'NONE',  ( 0.2500000000000192624, 0.000000000000000000, 1.224999999999978106 ) ) ;
#1631 = VECTOR ( 'NONE', #5666, 1000.000000000000000 ) ;
#1632 = VERTEX_POINT ( 'NONE', #3629 ) ;
#1633 = DIRECTION ( 'NONE',  ( -2.987087618072308159E-15, 0.000000000000000000, 1.000000000000000000 ) ) ;
#1634 = VECTOR ( 'NONE', #2913, 1000.000000000000000 ) ;
#1635 = VERTEX_POINT ( 'NONE', #4543 ) ;
#1636 = DIRECTION ( 'NONE',  ( 0.000000000000000000, 0.000000000000000000, -1.000000000000000000 ) ) ;
#1637 = VERTEX_POINT ( 'NONE', #5857 ) ;
#1638 = DIRECTION ( 'NONE',  ( 0.000000000000000000, 0.000000000000000000, 1.000000000000000000 ) ) ;
#1639 = CARTESIAN_POINT ( 'NONE',  ( 0.8600000000000052047, 0.05000000000000002359, -1.469999999999996865 ) ) ;
#1640 = DIRECTION ( 'NONE',  ( 1.000000000000000000, -0.000000000000000000, -0.000000000000000000 ) ) ;
#1641 = VERTEX_POINT ( 'NONE', #3024 ) ;
#1642 = AXIS2_PLACEMENT_3D ( 'NONE', #8631, #497, #3455 ) ;
#1643 = ADVANCED_FACE ( 'NONE', ( #5086 ), #622, .F. ) ;
#1644 = ORIENTED_EDGE ( 'NONE', *, *, #6568, .F. ) ;
#1645 = VERTEX_POINT ( 'NONE', #5273 ) ;
#1646 = DIRECTION ( 'NONE',  ( 0.000000000000000000, -1.000000000000000000, 0.000000000000000000 ) ) ;
#1647 = ADVANCED_FACE ( 'NONE', ( #8071 ), #3680, .T. ) ;
#1648 = ORIENTED_EDGE ( 'NONE', *, *, #1365, .T. ) ;
#1649 = EDGE_LOOP ( 'NONE', ( #1076, #895, #9470, #6557 ) ) ;
#1650 = CARTESIAN_POINT ( 'NONE',  ( -1.469999999999994866, 0.1519999999999999962, -0.3599999999999999867 ) ) ;
#1651 = CARTESIAN_POINT ( 'NONE',  ( 1.469999999999991980, 0.000000000000000000, -0.6250000000000308642 ) ) ;
#1652 = AXIS2_PLACEMENT_3D ( 'NONE', #7453, #2166, #651 ) ;
#1653 =( LENGTH_UNIT ( ) NAMED_UNIT ( * ) SI_UNIT ( .MILLI., .METRE. ) );
#1654 = DIRECTION ( 'NONE',  ( 0.000000000000000000, 1.000000000000000000, -0.000000000000000000 ) ) ;
#1655 = CARTESIAN_POINT ( 'NONE',  ( 1.225000000000007638, 0.1519999999999999962, 0.7499999999999692468 ) ) ;
#1656 = VECTOR ( 'NONE', #6488, 1000.000000000000000 ) ;
#1657 = EDGE_LOOP ( 'NONE', ( #5440, #1501, #2534, #6836 ) ) ;
#1658 = PLANE ( 'NONE',  #5108 ) ;
#1659 = VERTEX_POINT ( 'NONE', #1548 ) ;
#1660 = VERTEX_POINT ( 'NONE', #7324 ) ;
#1661 = CARTESIAN_POINT ( 'NONE',  ( -1.500000000000000222, 0.05000000000000002359, 1.500000000000000000 ) ) ;
#1662 = VERTEX_POINT ( 'NONE', #2977 ) ;
#1663 = PLANE ( 'NONE',  #192 ) ;
#1664 = EDGE_CURVE ( 'NONE', #3218, #4425, #8384, .T. ) ;
#1665 = EDGE_CURVE ( 'NONE', #3604, #3858, #2094, .T. ) ;
#1666 = PLANE ( 'NONE',  #3035 ) ;
#1667 = DIRECTION ( 'NONE',  ( 1.000000000000000000, 0.000000000000000000, 0.000000000000000000 ) ) ;
#1668 = VECTOR ( 'NONE', #9037, 1000.000000000000000 ) ;
#1669 = ORIENTED_EDGE ( 'NONE', *, *, #8118, .F. ) ;
#1670 = CARTESIAN_POINT ( 'NONE',  ( -0.3599999999999946021, 0.1519999999999999962, -1.499999999999990896 ) ) ;
#1671 = CARTESIAN_POINT ( 'NONE',  ( -0.1399999999999948230, 0.1519999999999999962, -1.469999999999989981 ) ) ;
#1672 = PLANE ( 'NONE',  #5202 ) ;
#1673 = EDGE_CURVE ( 'NONE', #8020, #1045, #9591, .T. ) ;
#1674 = DIRECTION ( 'NONE',  ( -3.982783490763077545E-15, 0.000000000000000000, 1.000000000000000000 ) ) ;
#1675 = ORIENTED_EDGE ( 'NONE', *, *, #8972, .T. ) ;
#1676 = FACE_OUTER_BOUND ( 'NONE', #8091, .T. ) ;
#1677 = CARTESIAN_POINT ( 'NONE',  ( 1.470000000000002416, 0.1519999999999999962, 0.1399999999999691769 ) ) ;
#1678 = ORIENTED_EDGE ( 'NONE', *, *, #3500, .F. ) ;
#1679 = FACE_OUTER_BOUND ( 'NONE', #4218, .T. ) ;
#1680 = ORIENTED_EDGE ( 'NONE', *, *, #1072, .T. ) ;
#1681 = DIRECTION ( 'NONE',  ( 0.000000000000000000, -1.000000000000000000, 0.000000000000000000 ) ) ;
#1682 = VERTEX_POINT ( 'NONE', #4357 ) ;
#1683 = DIRECTION ( 'NONE',  ( 1.000000000000000000, 0.000000000000000000, 0.000000000000000000 ) ) ;
#1684 = FACE_OUTER_BOUND ( 'NONE', #1657, .T. ) ;
#1685 =( NAMED_UNIT ( * ) PLANE_ANGLE_UNIT ( ) SI_UNIT ( $, .RADIAN. ) );
#1686 = EDGE_CURVE ( 'NONE', #8154, #608, #8857, .T. ) ;
#1687 = VERTEX_POINT ( 'NONE', #2144 ) ;
#1688 = EDGE_LOOP ( 'NONE', ( #5091, #4580, #7369, #6505, #2385, #683, #771, #250, #8915, #7837, #5131, #105, #3193, #3062, #5007, #8997, #3880, #345, #2187, #5028 ) ) ;
#1689 = CARTESIAN_POINT ( 'NONE',  ( 1.225000000000007638, 0.000000000000000000, 0.6249999999999693578 ) ) ;
#1690 = ORIENTED_EDGE ( 'NONE', *, *, #9080, .F. ) ;
#1691 = ORIENTED_EDGE ( 'NONE', *, *, #9373, .T. ) ;
#1692 = AXIS2_PLACEMENT_3D ( 'NONE', #6066, #9064, #145 ) ;
#1693 = DIRECTION ( 'NONE',  ( -1.000000000000000000, 0.000000000000000000, -3.614007241618338910E-15 ) ) ;
#1694 = CARTESIAN_POINT ( 'NONE',  ( 1.470000000000002416, 0.05000000000000002359, 0.1399999999999691769 ) ) ;
#1695 = CARTESIAN_POINT ( 'NONE',  ( 1.224999999999991873, 0.1519999999999999962, -0.8750000000000307532 ) ) ;
#1696 = LINE ( 'NONE', #6145, #4230 ) ;
#1697 = EDGE_CURVE ( 'NONE', #449, #733, #808, .T. ) ;
#1698 = FACE_OUTER_BOUND ( 'NONE', #2587, .T. ) ;
#1699 = AXIS2_PLACEMENT_3D ( 'NONE', #317, #1990, #4881 ) ;
#1700 = ORIENTED_EDGE ( 'NONE', *, *, #4949, .T. ) ;
#1701 = CARTESIAN_POINT ( 'NONE',  ( -1.469999999999989759, 0.1519999999999999962, 0.3599999999999999867 ) ) ;
#1702 = ORIENTED_EDGE ( 'NONE', *, *, #8346, .T. ) ;
#1703 = VERTEX_POINT ( 'NONE', #6780 ) ;
#1704 = LINE ( 'NONE', #4705, #2069 ) ;
#1705 = EDGE_LOOP ( 'NONE', ( #7898, #1818, #2048, #2174 ) ) ;
#1706 = FACE_OUTER_BOUND ( 'NONE', #1401, .T. ) ;
#1707 = CIRCLE ( 'NONE', #6551, 0.1499999999999999667 ) ;
#1708 = LINE ( 'NONE', #4710, #5228 ) ;
#1709 = LINE ( 'NONE', #7684, #7006 ) ;
#1710 = ORIENTED_EDGE ( 'NONE', *, *, #4167, .F. ) ;
#1711 = DIRECTION ( 'NONE',  ( 0.000000000000000000, -0.000000000000000000, -1.000000000000000000 ) ) ;
#1712 = AXIS2_PLACEMENT_3D ( 'NONE', #7021, #7622, #6929 ) ;
#1713 = EDGE_CURVE ( 'NONE', #9596, #1516, #671, .T. ) ;
#1714 = VERTEX_POINT ( 'NONE', #759 ) ;
#1715 = FACE_OUTER_BOUND ( 'NONE', #2191, .T. ) ;
#1716 = CYLINDRICAL_SURFACE ( 'NONE', #7386, 0.1249999999999998890 ) ;
#1717 = FACE_OUTER_BOUND ( 'NONE', #1935, .T. ) ;
#1718 = VECTOR ( 'NONE', #1981, 1000.000000000000000 ) ;
#1719 = VECTOR ( 'NONE', #6051, 1000.000000000000000 ) ;
#1720 = CARTESIAN_POINT ( 'NONE',  ( -1.469999999999984652, 0.000000000000000000, 0.8599999999999999867 ) ) ;
#1721 = ORIENTED_EDGE ( 'NONE', *, *, #9664, .F. ) ;
#1722 = CARTESIAN_POINT ( 'NONE',  ( -0.1399999999999807510, 0.1519999999999999962, 1.469999999999983320 ) ) ;
#1723 = CARTESIAN_POINT ( 'NONE',  ( 1.469999999999997087, 0.05000000000000002359, 0.000000000000000000 ) ) ;
#1724 = ADVANCED_FACE ( 'NONE', ( #8807 ), #8117, .T. ) ;
#1725 = ADVANCED_FACE ( 'NONE', ( #5181 ), #1455, .T. ) ;
#1726 = AXIS2_PLACEMENT_3D ( 'NONE', #984, #2364, #5447 ) ;
#1727 = ORIENTED_EDGE ( 'NONE', *, *, #1214, .T. ) ;
#1728 = CARTESIAN_POINT ( 'NONE',  ( -0.6399999999999808065, 0.1519999999999999962, 1.469999999999988649 ) ) ;
#1729 = ORIENTED_EDGE ( 'NONE', *, *, #2560, .T. ) ;
#1730 = LINE ( 'NONE', #4729, #2220 ) ;
#1731 = FACE_OUTER_BOUND ( 'NONE', #3516, .T. ) ;
#1732 = COLOUR_RGB ( '',0.7921568627450980005, 0.8196078431372548767, 0.9333333333333333481 ) ;
#1733 = CARTESIAN_POINT ( 'NONE',  ( 1.469999999999997087, 0.1519999999999999962, -0.1400000000000309053 ) ) ;
#1734 = ORIENTED_EDGE ( 'NONE', *, *, #3399, .T. ) ;
#1735 = VERTEX_POINT ( 'NONE', #5951 ) ;
#1736 = DIRECTION ( 'NONE',  ( -0.000000000000000000, 0.000000000000000000, 1.000000000000000000 ) ) ;
#1737 = VECTOR ( 'NONE', #3347, 1000.000000000000000 ) ;
#1738 = VERTEX_POINT ( 'NONE', #8949 ) ;
#1739 = VERTEX_POINT ( 'NONE', #3815 ) ;
#1740 = DIRECTION ( 'NONE',  ( 0.000000000000000000, 0.000000000000000000, -1.000000000000000000 ) ) ;
#1741 = CARTESIAN_POINT ( 'NONE',  ( -1.224999999999994982, 0.1519999999999999962, -0.1250000000000001110 ) ) ;
#1742 = ADVANCED_FACE ( 'NONE', ( #2288 ), #7426, .T. ) ;
#1743 = LINE ( 'NONE', #3226, #1778 ) ;
#1744 = CYLINDRICAL_SURFACE ( 'NONE', #9536, 0.1249999999999998890 ) ;
#1745 = CARTESIAN_POINT ( 'NONE',  ( -0.1399999999999807510, 0.05000000000000002359, 1.499999999999983347 ) ) ;
#1746 = CIRCLE ( 'NONE', #3644, 0.1249999999999998890 ) ;
#1747 = ORIENTED_EDGE ( 'NONE', *, *, #2347, .T. ) ;
#1748 = DIRECTION ( 'NONE',  ( 1.000000000000000000, 0.000000000000000000, 0.000000000000000000 ) ) ;
#1749 = ORIENTED_EDGE ( 'NONE', *, *, #4443, .T. ) ;
#1750 = ORIENTED_EDGE ( 'NONE', *, *, #2948, .F. ) ;
#1751 = FACE_OUTER_BOUND ( 'NONE', #5519, .T. ) ;
#1752 = ORIENTED_EDGE ( 'NONE', *, *, #3287, .T. ) ;
#1753 = VECTOR ( 'NONE', #7936, 1000.000000000000000 ) ;
#1754 = CARTESIAN_POINT ( 'NONE',  ( -1.500000000000000222, 0.1519999999999999962, -0.8599999999999999867 ) ) ;
#1755 = LINE ( 'NONE', #6985, #8197 ) ;
#1756 = DIRECTION ( 'NONE',  ( 1.000000000000000000, -0.000000000000000000, 4.425314989736752882E-16 ) ) ;
#1757 = EDGE_LOOP ( 'NONE', ( #1213, #2087, #4665, #5089 ) ) ;
#1758 = CARTESIAN_POINT ( 'NONE',  ( -1.469999999999984652, 0.1519999999999999962, 0.8599999999999999867 ) ) ;
#1759 = DIRECTION ( 'NONE',  ( 0.000000000000000000, -1.000000000000000000, 0.000000000000000000 ) ) ;
#1760 = VECTOR ( 'NONE', #3635, 1000.000000000000000 ) ;
#1761 = ORIENTED_EDGE ( 'NONE', *, *, #1431, .F. ) ;
#1762 = EDGE_CURVE ( 'NONE', #7154, #1404, #8217, .T. ) ;
#1763 = EDGE_CURVE ( 'NONE', #9593, #2961, #9233, .T. ) ;
#1764 = DIRECTION ( 'NONE',  ( -0.000000000000000000, 0.000000000000000000, -1.000000000000000000 ) ) ;
#1765 = DIRECTION ( 'NONE',  ( 0.000000000000000000, -1.000000000000000000, 0.000000000000000000 ) ) ;
#1766 = AXIS2_PLACEMENT_3D ( 'NONE', #1889, #6391, #7168 ) ;
#1767 = CARTESIAN_POINT ( 'NONE',  ( 1.470000000000002416, 0.1519999999999999962, 0.1249999999999691358 ) ) ;
#1768 = VERTEX_POINT ( 'NONE', #1689 ) ;
#1769 = LINE ( 'NONE', #3058, #1879 ) ;
#1770 = CARTESIAN_POINT ( 'NONE',  ( 1.224999999999991873, 0.1519999999999999962, -0.6250000000000308642 ) ) ;
#1771 = VECTOR ( 'NONE', #6891, 1000.000000000000000 ) ;
#1772 = ORIENTED_EDGE ( 'NONE', *, *, #2141, .T. ) ;
#1773 = CARTESIAN_POINT ( 'NONE',  ( -0.8750000000000126565, 0.1519999999999999962, 1.224999999999990763 ) ) ;
#1774 = DIRECTION ( 'NONE',  ( 0.000000000000000000, -0.000000000000000000, -1.000000000000000000 ) ) ;
#1775 = EDGE_CURVE ( 'NONE', #4781, #1290, #3957, .T. ) ;
#1776 = EDGE_CURVE ( 'NONE', #8167, #8781, #6825, .T. ) ;
#1777 = DIRECTION ( 'NONE',  ( 1.301042606982616933E-13, -0.000000000000000000, 1.000000000000000000 ) ) ;
#1778 = VECTOR ( 'NONE', #1603, 1000.000000000000000 ) ;
#1779 = PLANE ( 'NONE',  #469 ) ;
#1780 = FILL_AREA_STYLE ('',( #9181 ) ) ;
#1781 = ORIENTED_EDGE ( 'NONE', *, *, #8937, .T. ) ;
#1782 = VERTEX_POINT ( 'NONE', #4691 ) ;
#1783 = DIRECTION ( 'NONE',  ( -1.000000000000000000, 0.000000000000000000, -0.000000000000000000 ) ) ;
#1784 = COLOUR_RGB ( '',0.7921568627450980005, 0.8196078431372548767, 0.9333333333333333481 ) ;
#1785 = ORIENTED_EDGE ( 'NONE', *, *, #1626, .T. ) ;
#1786 = ORIENTED_EDGE ( 'NONE', *, *, #3765, .T. ) ;
#1787 = LINE ( 'NONE', #7914, #2865 ) ;
#1788 = PLANE ( 'NONE',  #1699 ) ;
#1789 = SURFACE_SIDE_STYLE ('',( #9238 ) ) ;
#1790 = CARTESIAN_POINT ( 'NONE',  ( -0.7500000000000127676, 0.000000000000000000, 1.099999999999992317 ) ) ;
#1791 = VECTOR ( 'NONE', #7056, 1000.000000000000000 ) ;
#1792 = DIRECTION ( 'NONE',  ( 0.000000000000000000, 1.000000000000000000, -0.000000000000000000 ) ) ;
#1793 = EDGE_CURVE ( 'NONE', #449, #5999, #4644, .T. ) ;
#1794 = VERTEX_POINT ( 'NONE', #4738 ) ;
#1795 = CYLINDRICAL_SURFACE ( 'NONE', #7754, 0.1249999999999998890 ) ;
#1796 = ADVANCED_FACE ( 'NONE', ( #7015 ), #3907, .T. ) ;
#1797 = AXIS2_PLACEMENT_3D ( 'NONE', #6364, #3542, #7982 ) ;
#1798 = ORIENTED_EDGE ( 'NONE', *, *, #6856, .F. ) ;
#1799 = ORIENTED_EDGE ( 'NONE', *, *, #7658, .T. ) ;
#1800 = VECTOR ( 'NONE', #1381, 1000.000000000000000 ) ;
#1801 = CARTESIAN_POINT ( 'NONE',  ( -0.6399999999999947953, 0.1519999999999999962, -1.499999999999986677 ) ) ;
#1802 = ORIENTED_EDGE ( 'NONE', *, *, #399, .F. ) ;
#1803 = CARTESIAN_POINT ( 'NONE',  ( -0.3599999999999946021, 0.1519999999999999962, -1.499999999999990896 ) ) ;
#1804 = DIRECTION ( 'NONE',  ( 0.000000000000000000, -1.000000000000000000, 0.000000000000000000 ) ) ;
#1805 = CARTESIAN_POINT ( 'NONE',  ( -0.6399999999999808065, 0.05000000000000002359, 1.469999999999988649 ) ) ;
#1806 = ORIENTED_EDGE ( 'NONE', *, *, #3054, .T. ) ;
#1807 = AXIS2_PLACEMENT_3D ( 'NONE', #1368, #6605, #9602 ) ;
#1808 = FILL_AREA_STYLE ('',( #7835 ) ) ;
#1809 = DIRECTION ( 'NONE',  ( 1.000000000000000000, 0.000000000000000000, 0.000000000000000000 ) ) ;
#1810 = EDGE_CURVE ( 'NONE', #4065, #941, #5316, .T. ) ;
#1811 = VERTEX_POINT ( 'NONE', #2430 ) ;
#1812 = CARTESIAN_POINT ( 'NONE',  ( 1.225000000000002309, 0.1519999999999999962, 0.1249999999999692607 ) ) ;
#1813 = VECTOR ( 'NONE', #6089, 1000.000000000000000 ) ;
#1814 = DIRECTION ( 'NONE',  ( 1.000000000000000000, -0.000000000000000000, -0.000000000000000000 ) ) ;
#1815 = PLANE ( 'NONE',  #527 ) ;
#1816 = CARTESIAN_POINT ( 'NONE',  ( -1.470000000000000195, 0.1519999999999999962, -0.8599999999999999867 ) ) ;
#1817 = DIRECTION ( 'NONE',  ( 0.000000000000000000, 1.000000000000000000, -0.000000000000000000 ) ) ;
#1818 = ORIENTED_EDGE ( 'NONE', *, *, #1554, .T. ) ;
#1819 = EDGE_CURVE ( 'NONE', #8854, #2393, #6187, .T. ) ;
#1820 = LINE ( 'NONE', #444, #9387 ) ;
#1821 = DIRECTION ( 'NONE',  ( 0.000000000000000000, 0.000000000000000000, -1.000000000000000000 ) ) ;
#1822 = ORIENTED_EDGE ( 'NONE', *, *, #5360, .F. ) ;
#1823 = PLANE ( 'NONE',  #1959 ) ;
#1824 = LINE ( 'NONE', #9077, #8787 ) ;
#1825 = CARTESIAN_POINT ( 'NONE',  ( -0.6399999999999947953, 0.1519999999999999962, -1.469999999999986429 ) ) ;
#1826 = EDGE_CURVE ( 'NONE', #7727, #462, #8354, .T. ) ;
#1827 = CARTESIAN_POINT ( 'NONE',  ( -1.499999999999989786, 0.1519999999999999962, 0.3599999999999999867 ) ) ;
#1828 = CARTESIAN_POINT ( 'NONE',  ( -0.8599999999999805578, 0.1519999999999999962, 1.499999999999988676 ) ) ;
#1829 = ORIENTED_EDGE ( 'NONE', *, *, #684, .F. ) ;
#1830 = ORIENTED_EDGE ( 'NONE', *, *, #2561, .T. ) ;
#1831 = CARTESIAN_POINT ( 'NONE',  ( -0.3749999999999947264, 0.000000000000000000, -1.469999999999990870 ) ) ;
#1832 = EDGE_CURVE ( 'NONE', #7214, #4630, #1043, .T. ) ;
#1833 = EDGE_CURVE ( 'NONE', #4862, #6934, #2382, .T. ) ;
#1834 = ORIENTED_EDGE ( 'NONE', *, *, #2363, .F. ) ;
#1835 = ORIENTED_EDGE ( 'NONE', *, *, #7587, .F. ) ;
#1836 = LINE ( 'NONE', #1938, #8968 ) ;
#1837 =( NAMED_UNIT ( * ) PLANE_ANGLE_UNIT ( ) SI_UNIT ( $, .RADIAN. ) );
#1838 = PRESENTATION_STYLE_ASSIGNMENT (( #4932 ) ) ;
#1839 = DIRECTION ( 'NONE',  ( 0.000000000000000000, 0.000000000000000000, -1.000000000000000000 ) ) ;
#1840 = LINE ( 'NONE', #7674, #7498 ) ;
#1841 = VERTEX_POINT ( 'NONE', #117 ) ;
#1842 = ADVANCED_FACE ( 'NONE', ( #6921 ), #167, .T. ) ;
#1843 = CARTESIAN_POINT ( 'NONE',  ( -0.6249999999999807931, 0.000000000000000000, 1.469999999999988649 ) ) ;
#1844 = ORIENTED_EDGE ( 'NONE', *, *, #8118, .T. ) ;
#1845 = ORIENTED_EDGE ( 'NONE', *, *, #504, .F. ) ;
#1846 = CARTESIAN_POINT ( 'NONE',  ( 0.6400000000000053424, 0.1519999999999999962, -1.499999999999997780 ) ) ;
#1847 = ORIENTED_EDGE ( 'NONE', *, *, #8097, .F. ) ;
#1848 = ADVANCED_FACE ( 'NONE', ( #3265 ), #904, .T. ) ;
#1849 = FACE_OUTER_BOUND ( 'NONE', #3523, .T. ) ;
#1850 =( NAMED_UNIT ( * ) SI_UNIT ( $, .STERADIAN. ) SOLID_ANGLE_UNIT ( ) );
#1851 = DIRECTION ( 'NONE',  ( 1.000000000000000000, -0.000000000000000000, -0.000000000000000000 ) ) ;
#1852 = ORIENTED_EDGE ( 'NONE', *, *, #4071, .F. ) ;
#1853 = EDGE_CURVE ( 'NONE', #1204, #6150, #7665, .T. ) ;
#1854 = SURFACE_SIDE_STYLE ('',( #5623 ) ) ;
#1855 = DIRECTION ( 'NONE',  ( 3.614007241618338910E-15, 0.000000000000000000, -1.000000000000000000 ) ) ;
#1856 = VECTOR ( 'NONE', #4522, 1000.000000000000000 ) ;
#1857 = ORIENTED_EDGE ( 'NONE', *, *, #1345, .T. ) ;
#1858 = AXIS2_PLACEMENT_3D ( 'NONE', #2306, #1423, #3790 ) ;
#1859 = DIRECTION ( 'NONE',  ( 1.000000000000000000, 0.000000000000000000, -0.000000000000000000 ) ) ;
#1860 = CARTESIAN_POINT ( 'NONE',  ( -1.469999999999994866, 0.1519999999999999962, -0.1400000000000000411 ) ) ;
#1861 = CARTESIAN_POINT ( 'NONE',  ( 1.469999999999991980, 0.1519999999999999962, -0.6400000000000309885 ) ) ;
#1862 = CARTESIAN_POINT ( 'NONE',  ( 1.469999999999997087, 0.1519999999999999962, -0.1250000000000308642 ) ) ;
#1863 = EDGE_CURVE ( 'NONE', #5999, #4073, #8454, .T. ) ;
#1864 = LINE ( 'NONE', #5584, #4846 ) ;
#1865 = EDGE_LOOP ( 'NONE', ( #8512, #1896, #5941, #2417 ) ) ;
#1866 = AXIS2_PLACEMENT_3D ( 'NONE', #6562, #5057, #8042 ) ;
#1867 = VECTOR ( 'NONE', #81, 1000.000000000000000 ) ;
#1868 = DIRECTION ( 'NONE',  ( -3.982783490763077545E-15, 0.000000000000000000, 1.000000000000000000 ) ) ;
#1869 = LINE ( 'NONE', #6524, #8525 ) ;
#1870 = ORIENTED_EDGE ( 'NONE', *, *, #5706, .F. ) ;
#1871 = DIRECTION ( 'NONE',  ( -1.000000000000000000, 0.000000000000000000, 8.850629979473505765E-16 ) ) ;
#1872 = VECTOR ( 'NONE', #9636, 1000.000000000000000 ) ;
#1873 = CARTESIAN_POINT ( 'NONE',  ( -1.469999999999994866, 0.1519999999999999962, -0.3599999999999999867 ) ) ;
#1874 = AXIS2_PLACEMENT_3D ( 'NONE', #1604, #5654, #2580 ) ;
#1875 = EDGE_CURVE ( 'NONE', #7582, #3383, #7761, .T. ) ;
#1876 = DIRECTION ( 'NONE',  ( 0.000000000000000000, 0.000000000000000000, -1.000000000000000000 ) ) ;
#1877 = LINE ( 'NONE', #9368, #6240 ) ;
#1878 =( NAMED_UNIT ( * ) SI_UNIT ( $, .STERADIAN. ) SOLID_ANGLE_UNIT ( ) );
#1879 = VECTOR ( 'NONE', #4675, 1000.000000000000000 ) ;
#1880 = VECTOR ( 'NONE', #4484, 1000.000000000000000 ) ;
#1881 = EDGE_LOOP ( 'NONE', ( #7567, #820, #4150, #7678 ) ) ;
#1882 = ORIENTED_EDGE ( 'NONE', *, *, #8178, .F. ) ;
#1883 = DIRECTION ( 'NONE',  ( -0.000000000000000000, -1.000000000000000000, -0.000000000000000000 ) ) ;
#1884 = ORIENTED_EDGE ( 'NONE', *, *, #1905, .T. ) ;
#1885 = VERTEX_POINT ( 'NONE', #312 ) ;
#1886 = EDGE_CURVE ( 'NONE', #3171, #6438, #6044, .T. ) ;
#1887 = EDGE_CURVE ( 'NONE', #65, #7071, #997, .T. ) ;
#1888 = COLOUR_RGB ( '',0.7921568627450980005, 0.8196078431372548767, 0.9333333333333333481 ) ;
#1889 = CARTESIAN_POINT ( 'NONE',  ( 1.224999999999997202, 0.1519999999999999962, -0.2500000000000308642 ) ) ;
#1890 = SURFACE_STYLE_FILL_AREA ( #2625 ) ;
#1891 = CARTESIAN_POINT ( 'NONE',  ( 1.500000000000007550, 0.1519999999999999962, 0.8599999999999691225 ) ) ;
#1892 = DIRECTION ( 'NONE',  ( 0.000000000000000000, 0.000000000000000000, -1.000000000000000000 ) ) ;
#1893 = AXIS2_PLACEMENT_3D ( 'NONE', #2010, #1025, #1859 ) ;
#1894 = VERTEX_POINT ( 'NONE', #856 ) ;
#1895 = DIRECTION ( 'NONE',  ( 0.000000000000000000, 0.000000000000000000, -1.000000000000000000 ) ) ;
#1896 = ORIENTED_EDGE ( 'NONE', *, *, #3481, .F. ) ;
#1897 = ORIENTED_EDGE ( 'NONE', *, *, #2551, .F. ) ;
#1898 = CARTESIAN_POINT ( 'NONE',  ( -0.8599999999999946576, 0.1519999999999999962, -1.499999999999987566 ) ) ;
#1899 = ORIENTED_EDGE ( 'NONE', *, *, #3594, .T. ) ;
#1900 = FACE_OUTER_BOUND ( 'NONE', #2224, .T. ) ;
#1901 = LINE ( 'NONE', #4897, #9610 ) ;
#1902 = LINE ( 'NONE', #5045, #4068 ) ;
#1903 = VECTOR ( 'NONE', #5334, 1000.000000000000000 ) ;
#1904 = EDGE_CURVE ( 'NONE', #9133, #6189, #5554, .T. ) ;
#1905 = EDGE_CURVE ( 'NONE', #3632, #8633, #8594, .T. ) ;
#1906 = ORIENTED_EDGE ( 'NONE', *, *, #1762, .F. ) ;
#1907 = PRESENTATION_STYLE_ASSIGNMENT (( #8618 ) ) ;
#1908 = DIRECTION ( 'NONE',  ( -1.000000000000000000, 0.000000000000000000, 4.425314989736752882E-16 ) ) ;
#1909 = CARTESIAN_POINT ( 'NONE',  ( -0.6400000000000001243, 0.05000000000000002359, -2.312964634635737533E-15 ) ) ;
#1910 = VECTOR ( 'NONE', #6025, 1000.000000000000000 ) ;
#1911 = ORIENTED_EDGE ( 'NONE', *, *, #369, .T. ) ;
#1912 = DIRECTION ( 'NONE',  ( -3.097720492815727067E-15, 0.000000000000000000, 1.000000000000000000 ) ) ;
#1913 = LINE ( 'NONE', #4128, #335 ) ;
#1914 = EDGE_CURVE ( 'NONE', #5097, #4509, #9278, .T. ) ;
#1915 = CARTESIAN_POINT ( 'NONE',  ( 0.6250000000000192069, 0.000000000000000000, 1.469999999999972662 ) ) ;
#1916 = LINE ( 'NONE', #493, #6709 ) ;
#1917 = DIRECTION ( 'NONE',  ( 0.000000000000000000, -0.000000000000000000, -1.000000000000000000 ) ) ;
#1918 = VERTEX_POINT ( 'NONE', #9472 ) ;
#1919 = VECTOR ( 'NONE', #378, 1000.000000000000000 ) ;
#1920 = LINE ( 'NONE', #5010, #8764 ) ;
#1921 = CARTESIAN_POINT ( 'NONE',  ( 0.6250000000000194289, 0.1519999999999999962, 1.224999999999972555 ) ) ;
#1922 = EDGE_CURVE ( 'NONE', #4464, #8294, #7128, .T. ) ;
#1923 = ORIENTED_EDGE ( 'NONE', *, *, #1268, .T. ) ;
#1924 = DIRECTION ( 'NONE',  ( -3.872150616019659031E-15, 0.000000000000000000, 1.000000000000000000 ) ) ;
#1925 = EDGE_CURVE ( 'NONE', #6399, #9199, #7956, .T. ) ;
#1926 = AXIS2_PLACEMENT_3D ( 'NONE', #4718, #931, #8987 ) ;
#1927 = PLANE ( 'NONE',  #4428 ) ;
#1928 = CARTESIAN_POINT ( 'NONE',  ( 0.6400000000000052314, 0.1519999999999999962, -1.469999999999997753 ) ) ;
#1929 = CARTESIAN_POINT ( 'NONE',  ( 0.8750000000000052180, 0.05000000000000002359, -1.469999999999996865 ) ) ;
#1930 = DIRECTION ( 'NONE',  ( 1.000000000000000000, 0.000000000000000000, -0.000000000000000000 ) ) ;
#1931 = VECTOR ( 'NONE', #6939, 1000.000000000000000 ) ;
#1932 = ORIENTED_EDGE ( 'NONE', *, *, #2168, .T. ) ;
#1933 = ORIENTED_EDGE ( 'NONE', *, *, #2071, .F. ) ;
#1934 = CARTESIAN_POINT ( 'NONE',  ( -1.470000000000000195, 0.1519999999999999962, -0.6250000000000000000 ) ) ;
#1935 = EDGE_LOOP ( 'NONE', ( #2380, #114, #2537, #9434 ) ) ;
#1936 = ORIENTED_EDGE ( 'NONE', *, *, #5685, .F. ) ;
#1937 = MECHANICAL_DESIGN_GEOMETRIC_PRESENTATION_REPRESENTATION (  '', ( #2105 ), #7096 ) ;
#1938 = CARTESIAN_POINT ( 'NONE',  ( -0.6249999999999807931, 0.1519999999999999962, 1.469999999999988649 ) ) ;
#1939 = PLANE ( 'NONE',  #1478 ) ;
#1940 = CARTESIAN_POINT ( 'NONE',  ( -0.8749999999999955591, 0.000000000000000000, -1.224999999999987432 ) ) ;
#1941 = FACE_OUTER_BOUND ( 'NONE', #525, .T. ) ;
#1942 = EDGE_CURVE ( 'NONE', #8076, #6408, #460, .T. ) ;
#1943 = EDGE_CURVE ( 'NONE', #7934, #4826, #1141, .T. ) ;
#1944 = MECHANICAL_DESIGN_GEOMETRIC_PRESENTATION_REPRESENTATION (  '', ( #7733 ), #7889 ) ;
#1945 = ORIENTED_EDGE ( 'NONE', *, *, #9213, .F. ) ;
#1946 = LINE ( 'NONE', #1202, #5719 ) ;
#1947 = EDGE_LOOP ( 'NONE', ( #4008, #4740, #8616, #6532, #4113, #6249, #7424, #5470 ) ) ;
#1948 = VERTEX_POINT ( 'NONE', #2720 ) ;
#1949 = CARTESIAN_POINT ( 'NONE',  ( 0.3600000000000053157, 0.1519999999999999962, -1.499999999999993561 ) ) ;
#1950 = ORIENTED_EDGE ( 'NONE', *, *, #7887, .T. ) ;
#1951 = AXIS2_PLACEMENT_3D ( 'NONE', #1630, #4627, #8580 ) ;
#1952 = CARTESIAN_POINT ( 'NONE',  ( -1.469999999999994866, 0.1519999999999999962, -0.1250000000000000000 ) ) ;
#1953 = CARTESIAN_POINT ( 'NONE',  ( 0.7500000000000193179, 0.1519999999999999962, 1.224999999999972555 ) ) ;
#1954 = LINE ( 'NONE', #4169, #7339 ) ;
#1955 = ORIENTED_EDGE ( 'NONE', *, *, #3245, .F. ) ;
#1956 = EDGE_CURVE ( 'NONE', #8934, #870, #4148, .T. ) ;
#1957 = CARTESIAN_POINT ( 'NONE',  ( -1.469999999999984652, 0.1519999999999999962, 0.8750000000000000000 ) ) ;
#1958 = AXIS2_PLACEMENT_3D ( 'NONE', #9302, #5439, #1065 ) ;
#1959 = AXIS2_PLACEMENT_3D ( 'NONE', #4773, #8680, #7155 ) ;
#1960 = CARTESIAN_POINT ( 'NONE',  ( 0.1400000000000193312, 0.1519999999999999962, 1.469999999999977991 ) ) ;
#1961 = ORIENTED_EDGE ( 'NONE', *, *, #7210, .T. ) ;
#1962 = LINE ( 'NONE', #4955, #3312 ) ;
#1963 = EDGE_CURVE ( 'NONE', #1346, #1516, #1292, .T. ) ;
#1964 = ADVANCED_FACE ( 'NONE', ( #1094 ), #8549, .T. ) ;
#1965 = CARTESIAN_POINT ( 'NONE',  ( 1.470000000000007523, 0.000000000000000000, 0.8599999999999691225 ) ) ;
#1966 = DIRECTION ( 'NONE',  ( 0.000000000000000000, 1.000000000000000000, -0.000000000000000000 ) ) ;
#1967 = CARTESIAN_POINT ( 'NONE',  ( 1.500000000000002442, 0.1519999999999999962, 0.1399999999999691769 ) ) ;
#1968 = VECTOR ( 'NONE', #3233, 1000.000000000000000 ) ;
#1969 = CLOSED_SHELL ( 'NONE', ( #3521, #3212, #788, #6244, #4288, #2433, #3051, #647, #7480, #8798 ) ) ;
#1970 = LINE ( 'NONE', #7199, #2176 ) ;
#1971 = VERTEX_POINT ( 'NONE', #5027 ) ;
#1972 = DIRECTION ( 'NONE',  ( 0.000000000000000000, 1.000000000000000000, -0.000000000000000000 ) ) ;
#1973 = PLANE ( 'NONE',  #8851 ) ;
#1974 = VECTOR ( 'NONE', #5810, 1000.000000000000000 ) ;
#1975 = VERTEX_POINT ( 'NONE', #361 ) ;
#1976 = FACE_OUTER_BOUND ( 'NONE', #4309, .T. ) ;
#1977 = DIRECTION ( 'NONE',  ( 3.097720492815727461E-15, 0.000000000000000000, -1.000000000000000000 ) ) ;
#1978 = EDGE_CURVE ( 'NONE', #2145, #4124, #3370, .T. ) ;
#1979 = DIRECTION ( 'NONE',  ( 1.000000000000000000, 0.000000000000000000, -0.000000000000000000 ) ) ;
#1980 = VECTOR ( 'NONE', #2131, 1000.000000000000000 ) ;
#1981 = DIRECTION ( 'NONE',  ( -7.228014483236677820E-15, 0.000000000000000000, -1.000000000000000000 ) ) ;
#1982 = DIRECTION ( 'NONE',  ( -1.000000000000000000, 0.000000000000000000, 0.000000000000000000 ) ) ;
#1983 = EDGE_CURVE ( 'NONE', #5906, #1894, #4876, .T. ) ;
#1984 = VERTEX_POINT ( 'NONE', #6436 ) ;
#1985 = ORIENTED_EDGE ( 'NONE', *, *, #7533, .F. ) ;
#1986 = DIRECTION ( 'NONE',  ( 0.000000000000000000, 0.000000000000000000, -1.000000000000000000 ) ) ;
#1987 = ORIENTED_EDGE ( 'NONE', *, *, #8925, .F. ) ;
#1988 = ORIENTED_EDGE ( 'NONE', *, *, #2027, .F. ) ;
#1989 = CARTESIAN_POINT ( 'NONE',  ( 0.8600000000000052047, 0.1519999999999999962, -1.469999999999996865 ) ) ;
#1990 = DIRECTION ( 'NONE',  ( 1.000000000000000000, -0.000000000000000000, 2.987087618072308553E-15 ) ) ;
#1991 = FILL_AREA_STYLE_COLOUR ( '', #1784 ) ;
#1992 = PLANE ( 'NONE',  #4551 ) ;
#1993 = FACE_OUTER_BOUND ( 'NONE', #9253, .T. ) ;
#1994 = EDGE_CURVE ( 'NONE', #1714, #1095, #9650, .T. ) ;
#1995 = EDGE_LOOP ( 'NONE', ( #2188, #3443, #5663, #2399 ) ) ;
#1996 = ORIENTED_EDGE ( 'NONE', *, *, #4717, .F. ) ;
#1997 = CYLINDRICAL_SURFACE ( 'NONE', #9016, 0.1249999999999998890 ) ;
#1998 = EDGE_LOOP ( 'NONE', ( #706, #7696 ) ) ;
#1999 = EDGE_LOOP ( 'NONE', ( #7618, #2620, #8842, #4583 ) ) ;
#2000 = PLANE ( 'NONE',  #6062 ) ;
#2001 = VERTEX_POINT ( 'NONE', #414 ) ;
#2002 = DIRECTION ( 'NONE',  ( 3.614007241618338910E-15, 0.000000000000000000, -1.000000000000000000 ) ) ;
#2003 = EDGE_CURVE ( 'NONE', #8515, #7908, #3318, .T. ) ;
#2004 = PLANE ( 'NONE',  #8831 ) ;
#2005 = CARTESIAN_POINT ( 'NONE',  ( -1.499999999999995115, 0.1519999999999999962, -0.1400000000000000411 ) ) ;
#2006 = ORIENTED_EDGE ( 'NONE', *, *, #4708, .F. ) ;
#2007 = CARTESIAN_POINT ( 'NONE',  ( 1.470000000000002416, 0.1519999999999999962, 0.1399999999999691769 ) ) ;
#2008 = DIRECTION ( 'NONE',  ( 0.000000000000000000, 0.000000000000000000, -1.000000000000000000 ) ) ;
#2009 = VERTEX_POINT ( 'NONE', #5744 ) ;
#2010 = CARTESIAN_POINT ( 'NONE',  ( 1.499999999999992006, 0.1519999999999999962, -0.8600000000000308509 ) ) ;
#2011 = CARTESIAN_POINT ( 'NONE',  ( -0.8599999999999807798, 0.1519999999999999962, 1.469999999999988649 ) ) ;
#2012 = CIRCLE ( 'NONE', #5911, 0.1249999999999998890 ) ;
#2013 = EDGE_CURVE ( 'NONE', #7205, #3124, #5598, .T. ) ;
#2014 = LINE ( 'NONE', #4129, #6310 ) ;
#2015 = CARTESIAN_POINT ( 'NONE',  ( -0.2499999999999956146, 0.000000000000000000, -1.224999999999990319 ) ) ;
#2016 = ORIENTED_EDGE ( 'NONE', *, *, #5087, .T. ) ;
#2017 = DIRECTION ( 'NONE',  ( 0.000000000000000000, -1.000000000000000000, 0.000000000000000000 ) ) ;
#2018 = DIRECTION ( 'NONE',  ( -0.000000000000000000, 0.000000000000000000, -1.000000000000000000 ) ) ;
#2019 =( GEOMETRIC_REPRESENTATION_CONTEXT ( 3 ) GLOBAL_UNCERTAINTY_ASSIGNED_CONTEXT ( ( #8803 ) ) GLOBAL_UNIT_ASSIGNED_CONTEXT ( ( #6291, #1837, #5701 ) ) REPRESENTATION_CONTEXT ( 'NONE', 'WORKASPACE' ) );
#2020 = ORIENTED_EDGE ( 'NONE', *, *, #5417, .F. ) ;
#2021 = DIRECTION ( 'NONE',  ( 0.000000000000000000, 0.000000000000000000, -1.000000000000000000 ) ) ;
#2022 = PLANE ( 'NONE',  #7547 ) ;
#2023 = VECTOR ( 'NONE', #4554, 1000.000000000000000 ) ;
#2024 = MECHANICAL_DESIGN_GEOMETRIC_PRESENTATION_REPRESENTATION (  '', ( #137 ), #1394 ) ;
#2025 = CARTESIAN_POINT ( 'NONE',  ( -1.200000000000000400, 0.8000000000000000444, -1.050000000000000044 ) ) ;
#2026 = PLANE ( 'NONE',  #3146 ) ;
#2027 = EDGE_CURVE ( 'NONE', #7526, #4784, #2671, .T. ) ;
#2028 = DIRECTION ( 'NONE',  ( 1.000000000000000000, 0.000000000000000000, 0.000000000000000000 ) ) ;
#2029 = EDGE_CURVE ( 'NONE', #6970, #4656, #2760, .T. ) ;
#2030 = AXIS2_PLACEMENT_3D ( 'NONE', #520, #3424, #5705 ) ;
#2031 = AXIS2_PLACEMENT_3D ( 'NONE', #8615, #5765, #1209 ) ;
#2032 = ORIENTED_EDGE ( 'NONE', *, *, #7635, .F. ) ;
#2033 = EDGE_LOOP ( 'NONE', ( #8890, #7401, #4243, #3929 ) ) ;
#2034 = DIRECTION ( 'NONE',  ( 1.000000000000000000, 0.000000000000000000, -4.425314989736752882E-16 ) ) ;
#2035 = ORIENTED_EDGE ( 'NONE', *, *, #8958, .T. ) ;
#2036 = ORIENTED_EDGE ( 'NONE', *, *, #5378, .F. ) ;
#2037 = CARTESIAN_POINT ( 'NONE',  ( -0.3599999999999806688, 0.1519999999999999962, 1.499999999999983347 ) ) ;
#2038 = LINE ( 'NONE', #516, #7239 ) ;
#2039 = SURFACE_STYLE_FILL_AREA ( #8942 ) ;
#2040 =( NAMED_UNIT ( * ) SI_UNIT ( $, .STERADIAN. ) SOLID_ANGLE_UNIT ( ) );
#2041 = CARTESIAN_POINT ( 'NONE',  ( -0.3599999999999946021, 0.1519999999999999962, -1.499999999999990896 ) ) ;
#2042 = VECTOR ( 'NONE', #2824, 1000.000000000000000 ) ;
#2043 = LINE ( 'NONE', #8699, #2981 ) ;
#2044 = ORIENTED_EDGE ( 'NONE', *, *, #4709, .F. ) ;
#2045 = ORIENTED_EDGE ( 'NONE', *, *, #211, .F. ) ;
#2046 = CARTESIAN_POINT ( 'NONE',  ( -2.765821868585473202E-16, 0.05000000000000002359, -0.6250000000000006661 ) ) ;
#2047 = ORIENTED_EDGE ( 'NONE', *, *, #4212, .T. ) ;
#2048 = ORIENTED_EDGE ( 'NONE', *, *, #3987, .T. ) ;
#2049 = PLANE ( 'NONE',  #4367 ) ;
#2050 = EDGE_CURVE ( 'NONE', #3986, #3467, #4296, .T. ) ;
#2051 = EDGE_LOOP ( 'NONE', ( #6980, #3168, #7808, #436 ) ) ;
#2052 = DIRECTION ( 'NONE',  ( 0.000000000000000000, 1.000000000000000000, -0.000000000000000000 ) ) ;
#2053 =( LENGTH_UNIT ( ) NAMED_UNIT ( * ) SI_UNIT ( .MILLI., .METRE. ) );
#2054 = CARTESIAN_POINT ( 'NONE',  ( 1.470000000000002416, 0.1519999999999999962, 0.3749999999999691358 ) ) ;
#2055 = ORIENTED_EDGE ( 'NONE', *, *, #8177, .T. ) ;
#2056 =( GEOMETRIC_REPRESENTATION_CONTEXT ( 3 ) GLOBAL_UNCERTAINTY_ASSIGNED_CONTEXT ( ( #1353 ) ) GLOBAL_UNIT_ASSIGNED_CONTEXT ( ( #1163, #5463, #8314 ) ) REPRESENTATION_CONTEXT ( 'NONE', 'WORKASPACE' ) );
#2057 = DIRECTION ( 'NONE',  ( -6.637972484605129570E-16, 0.000000000000000000, -1.000000000000000000 ) ) ;
#2058 = DIRECTION ( 'NONE',  ( 0.000000000000000000, 0.000000000000000000, -1.000000000000000000 ) ) ;
#2059 = ORIENTED_EDGE ( 'NONE', *, *, #8471, .F. ) ;
#2060 = DIRECTION ( 'NONE',  ( 1.000000000000000000, -0.000000000000000000, 4.425314989736752882E-16 ) ) ;
#2061 = VECTOR ( 'NONE', #6224, 1000.000000000000000 ) ;
#2062 = DIRECTION ( 'NONE',  ( -1.000000000000000000, 0.000000000000000000, 0.000000000000000000 ) ) ;
#2063 = PLANE ( 'NONE',  #4131 ) ;
#2064 = CARTESIAN_POINT ( 'NONE',  ( 1.224999999999997202, 0.1519999999999999962, -0.1250000000000309475 ) ) ;
#2065 = CYLINDRICAL_SURFACE ( 'NONE', #1866, 0.1249999999999998890 ) ;
#2066 = ORIENTED_EDGE ( 'NONE', *, *, #1420, .F. ) ;
#2067 = DIRECTION ( 'NONE',  ( 0.000000000000000000, 0.000000000000000000, -1.000000000000000000 ) ) ;
#2068 = DIRECTION ( 'NONE',  ( 1.000000000000000000, 0.000000000000000000, -0.000000000000000000 ) ) ;
#2069 = VECTOR ( 'NONE', #3139, 1000.000000000000000 ) ;
#2070 = EDGE_CURVE ( 'NONE', #8122, #1, #4927, .T. ) ;
#2071 = EDGE_CURVE ( 'NONE', #4862, #2241, #4178, .T. ) ;
#2072 = EDGE_LOOP ( 'NONE', ( #9281, #9038, #5915, #872 ) ) ;
#2073 = CARTESIAN_POINT ( 'NONE',  ( -0.8599999999999946576, 0.1519999999999999962, -1.499999999999987566 ) ) ;
#2074 = CARTESIAN_POINT ( 'NONE',  ( -0.000000000000000000, 0.05000000000000002359, 0.8749999999999691358 ) ) ;
#2075 = AXIS2_PLACEMENT_3D ( 'NONE', #5977, #7304, #694 ) ;
#2076 = DIRECTION ( 'NONE',  ( -0.000000000000000000, -1.000000000000000000, -0.000000000000000000 ) ) ;
#2077 = DIRECTION ( 'NONE',  ( -1.000000000000000000, 0.000000000000000000, 0.000000000000000000 ) ) ;
#2078 = CARTESIAN_POINT ( 'NONE',  ( -0.8599999999999805578, 0.05000000000000002359, 1.499999999999988676 ) ) ;
#2079 = AXIS2_PLACEMENT_3D ( 'NONE', #580, #8027, #8758 ) ;
#2080 = ORIENTED_EDGE ( 'NONE', *, *, #2786, .F. ) ;
#2081 = ORIENTED_EDGE ( 'NONE', *, *, #7158, .T. ) ;
#2082 = LINE ( 'NONE', #4530, #6188 ) ;
#2083 = VERTEX_POINT ( 'NONE', #9627 ) ;
#2084 = PLANE ( 'NONE',  #498 ) ;
#2085 = EDGE_CURVE ( 'NONE', #1738, #5602, #8792, .T. ) ;
#2086 = ADVANCED_FACE ( 'NONE', ( #6581 ), #1533, .F. ) ;
#2087 = ORIENTED_EDGE ( 'NONE', *, *, #2070, .T. ) ;
#2088 = DIRECTION ( 'NONE',  ( -1.000000000000000000, 0.000000000000000000, -0.000000000000000000 ) ) ;
#2089 = LINE ( 'NONE', #3726, #8923 ) ;
#2090 = VECTOR ( 'NONE', #4741, 1000.000000000000000 ) ;
#2091 = PLANE ( 'NONE',  #770 ) ;
#2092 = ORIENTED_EDGE ( 'NONE', *, *, #1673, .T. ) ;
#2093 = ORIENTED_EDGE ( 'NONE', *, *, #4654, .F. ) ;
#2094 = LINE ( 'NONE', #1503, #9323 ) ;
#2095 = VECTOR ( 'NONE', #8772, 1000.000000000000000 ) ;
#2096 = ORIENTED_EDGE ( 'NONE', *, *, #8223, .F. ) ;
#2097 = ORIENTED_EDGE ( 'NONE', *, *, #322, .F. ) ;
#2098 = DIRECTION ( 'NONE',  ( 0.000000000000000000, 0.000000000000000000, -1.000000000000000000 ) ) ;
#2099 = VERTEX_POINT ( 'NONE', #5169 ) ;
#2100 = LINE ( 'NONE', #8077, #5978 ) ;
#2101 = EDGE_CURVE ( 'NONE', #7364, #9008, #7310, .T. ) ;
#2102 =( NAMED_UNIT ( * ) SI_UNIT ( $, .STERADIAN. ) SOLID_ANGLE_UNIT ( ) );
#2103 = DIRECTION ( 'NONE',  ( 0.000000000000000000, -1.000000000000000000, 0.000000000000000000 ) ) ;
#2104 = VERTEX_POINT ( 'NONE', #8889 ) ;
#2105 = STYLED_ITEM ( 'NONE', ( #2838 ), #9511 ) ;
#2106 = CARTESIAN_POINT ( 'NONE',  ( 0.3750000000000191513, 0.000000000000000000, 1.224999999999978106 ) ) ;
#2107 = EDGE_CURVE ( 'NONE', #2161, #7811, #9577, .T. ) ;
#2108 = LINE ( 'NONE', #538, #1019 ) ;
#2109 = ORIENTED_EDGE ( 'NONE', *, *, #648, .F. ) ;
#2110 = DIRECTION ( 'NONE',  ( -8.850629979473505765E-16, -0.000000000000000000, 1.000000000000000000 ) ) ;
#2111 = CARTESIAN_POINT ( 'NONE',  ( -1.500000000000000222, 0.05000000000000002359, 1.500000000000000000 ) ) ;
#2112 = DIRECTION ( 'NONE',  ( 7.228014483236677820E-15, 0.000000000000000000, 1.000000000000000000 ) ) ;
#2113 = VERTEX_POINT ( 'NONE', #2962 ) ;
#2114 = AXIS2_PLACEMENT_3D ( 'NONE', #2126, #9416, #4343 ) ;
#2115 = CARTESIAN_POINT ( 'NONE',  ( 1.470000000000002416, 0.1519999999999999962, 0.3599999999999691225 ) ) ;
#2116 = LINE ( 'NONE', #9359, #385 ) ;
#2117 = EDGE_CURVE ( 'NONE', #462, #7226, #2082, .T. ) ;
#2118 = ORIENTED_EDGE ( 'NONE', *, *, #124, .F. ) ;
#2119 = DIRECTION ( 'NONE',  ( -1.000000000000000000, 0.000000000000000000, 0.000000000000000000 ) ) ;
#2120 = VECTOR ( 'NONE', #7251, 1000.000000000000000 ) ;
#2121 = DIRECTION ( 'NONE',  ( -0.000000000000000000, 0.000000000000000000, -1.000000000000000000 ) ) ;
#2122 = AXIS2_PLACEMENT_3D ( 'NONE', #1131, #4138, #4188 ) ;
#2123 = EDGE_CURVE ( 'NONE', #8262, #7881, #3666, .T. ) ;
#2124 = FACE_OUTER_BOUND ( 'NONE', #6857, .T. ) ;
#2125 = CARTESIAN_POINT ( 'NONE',  ( -1.499999999999989786, 0.1519999999999999962, 0.1400000000000000411 ) ) ;
#2126 = CARTESIAN_POINT ( 'NONE',  ( 0.2500000000000192624, 0.1519999999999999962, 1.224999999999978106 ) ) ;
#2127 = VECTOR ( 'NONE', #7336, 1000.000000000000000 ) ;
#2128 = CLOSED_SHELL ( 'NONE', ( #740, #7497, #1507, #1109, #1302, #9615, #890, #339, #4869, #7173 ) ) ;
#2129 = ORIENTED_EDGE ( 'NONE', *, *, #4250, .T. ) ;
#2130 = ORIENTED_EDGE ( 'NONE', *, *, #4613, .T. ) ;
#2131 = DIRECTION ( 'NONE',  ( -0.000000000000000000, -1.000000000000000000, -0.000000000000000000 ) ) ;
#2132 = VERTEX_POINT ( 'NONE', #7461 ) ;
#2133 = DIRECTION ( 'NONE',  ( 1.000000000000000000, 0.000000000000000000, -0.000000000000000000 ) ) ;
#2134 = AXIS2_PLACEMENT_3D ( 'NONE', #7228, #5659, #5709 ) ;
#2135 = FACE_OUTER_BOUND ( 'NONE', #3679, .T. ) ;
#2136 = CARTESIAN_POINT ( 'NONE',  ( 0.6250000000000192069, 0.05000000000000002359, 1.469999999999972662 ) ) ;
#2137 = EDGE_CURVE ( 'NONE', #7825, #5419, #5122, .T. ) ;
#2138 = CARTESIAN_POINT ( 'NONE',  ( -0.3599999999999946021, 0.1519999999999999962, -1.499999999999990896 ) ) ;
#2139 = DIRECTION ( 'NONE',  ( -1.000000000000000000, -0.000000000000000000, -0.000000000000000000 ) ) ;
#2140 = EDGE_CURVE ( 'NONE', #3858, #1139, #12, .T. ) ;
#2141 = EDGE_CURVE ( 'NONE', #5429, #745, #7919, .T. ) ;
#2142 = EDGE_LOOP ( 'NONE', ( #3553, #6834, #231, #4785 ) ) ;
#2143 = ORIENTED_EDGE ( 'NONE', *, *, #597, .F. ) ;
#2144 = CARTESIAN_POINT ( 'NONE',  ( -0.3749999999999947264, 0.1519999999999999962, -1.469999999999990870 ) ) ;
#2145 = VERTEX_POINT ( 'NONE', #1441 ) ;
#2146 = ORIENTED_EDGE ( 'NONE', *, *, #9305, .F. ) ;
#2147 = LINE ( 'NONE', #2242, #1054 ) ;
#2148 = ORIENTED_EDGE ( 'NONE', *, *, #5347, .F. ) ;
#2149 = LINE ( 'NONE', #532, #9270 ) ;
#2150 = DIRECTION ( 'NONE',  ( 1.000000000000000000, 0.000000000000000000, 4.425314989736752882E-16 ) ) ;
#2151 = FACE_OUTER_BOUND ( 'NONE', #8692, .T. ) ;
#2152 = ORIENTED_EDGE ( 'NONE', *, *, #6446, .T. ) ;
#2153 = EDGE_CURVE ( 'NONE', #6397, #6652, #4442, .T. ) ;
#2154 = ADVANCED_FACE ( 'NONE', ( #2276 ), #3757, .T. ) ;
#2155 = CARTESIAN_POINT ( 'NONE',  ( -1.469999999999994866, 0.1519999999999999962, -0.3750000000000000000 ) ) ;
#2156 = ORIENTED_EDGE ( 'NONE', *, *, #7791, .F. ) ;
#2157 = DIRECTION ( 'NONE',  ( 0.000000000000000000, 0.000000000000000000, 1.000000000000000000 ) ) ;
#2158 = LINE ( 'NONE', #8087, #1289 ) ;
#2159 = PLANE ( 'NONE',  #3358 ) ;
#2160 = DIRECTION ( 'NONE',  ( -0.000000000000000000, -1.000000000000000000, -0.000000000000000000 ) ) ;
#2161 = VERTEX_POINT ( 'NONE', #5215 ) ;
#2162 = FILL_AREA_STYLE_COLOUR ( '', #6578 ) ;
#2163 = CARTESIAN_POINT ( 'NONE',  ( -0.1249999999999808625, 0.05000000000000002359, 1.224999999999983213 ) ) ;
#2164 = VECTOR ( 'NONE', #3027, 1000.000000000000000 ) ;
#2165 = ORIENTED_EDGE ( 'NONE', *, *, #8206, .F. ) ;
#2166 = DIRECTION ( 'NONE',  ( 0.000000000000000000, -1.000000000000000000, 0.000000000000000000 ) ) ;
#2167 = DIRECTION ( 'NONE',  ( -0.000000000000000000, -1.000000000000000000, -0.000000000000000000 ) ) ;
#2168 = EDGE_CURVE ( 'NONE', #8612, #9488, #7366, .T. ) ;
#2169 = LINE ( 'NONE', #6528, #5607 ) ;
#2170 = VECTOR ( 'NONE', #3671, 1000.000000000000000 ) ;
#2171 = DIRECTION ( 'NONE',  ( -0.000000000000000000, -1.000000000000000000, -0.000000000000000000 ) ) ;
#2172 = CARTESIAN_POINT ( 'NONE',  ( -5.531643737170970069E-17, 0.05000000000000002359, 0.1250000000000006661 ) ) ;
#2173 = ORIENTED_EDGE ( 'NONE', *, *, #7755, .F. ) ;
#2174 = ORIENTED_EDGE ( 'NONE', *, *, #3229, .F. ) ;
#2175 = DIRECTION ( 'NONE',  ( 0.000000000000000000, 1.000000000000000000, -0.000000000000000000 ) ) ;
#2176 = VECTOR ( 'NONE', #1075, 1000.000000000000000 ) ;
#2177 = ORIENTED_EDGE ( 'NONE', *, *, #6518, .T. ) ;
#2178 = DIRECTION ( 'NONE',  ( 0.000000000000000000, 0.000000000000000000, -1.000000000000000000 ) ) ;
#2179 = VECTOR ( 'NONE', #3448, 1000.000000000000000 ) ;
#2180 = ORIENTED_EDGE ( 'NONE', *, *, #1197, .F. ) ;
#2181 = FACE_OUTER_BOUND ( 'NONE', #3483, .T. ) ;
#2182 = CARTESIAN_POINT ( 'NONE',  ( 0.1400000000000193312, 0.1519999999999999962, 1.499999999999978240 ) ) ;
#2183 = FACE_OUTER_BOUND ( 'NONE', #7200, .T. ) ;
#2184 = VECTOR ( 'NONE', #127, 1000.000000000000000 ) ;
#2185 = VECTOR ( 'NONE', #6459, 1000.000000000000000 ) ;
#2186 = EDGE_CURVE ( 'NONE', #3940, #7068, #9670, .T. ) ;
#2187 = ORIENTED_EDGE ( 'NONE', *, *, #4786, .T. ) ;
#2188 = ORIENTED_EDGE ( 'NONE', *, *, #1252, .T. ) ;
#2189 = DIRECTION ( 'NONE',  ( 0.000000000000000000, 0.000000000000000000, -1.000000000000000000 ) ) ;
#2190 = EDGE_CURVE ( 'NONE', #8644, #256, #9310, .T. ) ;
#2191 = EDGE_LOOP ( 'NONE', ( #1387, #7750, #7625, #6220 ) ) ;
#2192 = ORIENTED_EDGE ( 'NONE', *, *, #7247, .T. ) ;
#2193 = DIRECTION ( 'NONE',  ( 0.000000000000000000, 0.000000000000000000, -1.000000000000000000 ) ) ;
#2194 = ORIENTED_EDGE ( 'NONE', *, *, #1110, .T. ) ;
#2195 = VECTOR ( 'NONE', #6132, 1000.000000000000000 ) ;
#2196 = PLANE ( 'NONE',  #7867 ) ;
#2197 = VECTOR ( 'NONE', #2725, 1000.000000000000000 ) ;
#2198 = DIRECTION ( 'NONE',  ( -0.000000000000000000, -1.000000000000000000, -0.000000000000000000 ) ) ;
#2199 = DIRECTION ( 'NONE',  ( 0.000000000000000000, -1.000000000000000000, 0.000000000000000000 ) ) ;
#2200 = ORIENTED_EDGE ( 'NONE', *, *, #6673, .F. ) ;
#2201 = VECTOR ( 'NONE', #4388, 1000.000000000000000 ) ;
#2202 = CARTESIAN_POINT ( 'NONE',  ( 0.1250000000000193456, 0.1519999999999999962, 1.224999999999978106 ) ) ;
#2203 = ORIENTED_EDGE ( 'NONE', *, *, #1686, .T. ) ;
#2204 = CARTESIAN_POINT ( 'NONE',  ( -0.1399999999999807510, 0.1519999999999999962, 1.499999999999983347 ) ) ;
#2205 = CARTESIAN_POINT ( 'NONE',  ( 0.1400000000000193312, 0.1519999999999999962, 1.499999999999978240 ) ) ;
#2206 = ADVANCED_FACE ( 'NONE', ( #8249 ), #4347, .T. ) ;
#2207 = EDGE_CURVE ( 'NONE', #4899, #6399, #5892, .T. ) ;
#2208 = DIRECTION ( 'NONE',  ( -1.000000000000000000, 0.000000000000000000, -0.000000000000000000 ) ) ;
#2209 = DIRECTION ( 'NONE',  ( -1.000000000000000000, 0.000000000000000000, 0.000000000000000000 ) ) ;
#2210 = COLOUR_RGB ( '',0.7921568627450980005, 0.8196078431372548767, 0.9333333333333333481 ) ;
#2211 = ORIENTED_EDGE ( 'NONE', *, *, #8412, .F. ) ;
#2212 = PLANE ( 'NONE',  #2674 ) ;
#2213 = CARTESIAN_POINT ( 'NONE',  ( -0.7500000000000127676, 0.1519999999999999962, 1.224999999999992095 ) ) ;
#2214 = VECTOR ( 'NONE', #3188, 1000.000000000000000 ) ;
#2215 = EDGE_LOOP ( 'NONE', ( #5746, #4965, #3683, #6000 ) ) ;
#2216 = DIRECTION ( 'NONE',  ( 0.000000000000000000, 0.000000000000000000, -1.000000000000000000 ) ) ;
#2217 = PLANE ( 'NONE',  #3012 ) ;
#2218 = ADVANCED_FACE ( 'NONE', ( #7605 ), #9027, .F. ) ;
#2219 = LINE ( 'NONE', #9570, #6574 ) ;
#2220 = VECTOR ( 'NONE', #6276, 1000.000000000000000 ) ;
#2221 = CARTESIAN_POINT ( 'NONE',  ( 0.3600000000000192490, 0.1519999999999999962, 1.499999999999978240 ) ) ;
#2222 = LINE ( 'NONE', #5211, #2734 ) ;
#2223 = EDGE_CURVE ( 'NONE', #6500, #1645, #5353, .T. ) ;
#2224 = EDGE_LOOP ( 'NONE', ( #5987, #3682, #276, #5357 ) ) ;
#2225 = EDGE_LOOP ( 'NONE', ( #7397, #4702, #3116, #4408 ) ) ;
#2226 = CARTESIAN_POINT ( 'NONE',  ( 1.469999999999991980, 0.1519999999999999962, -0.8750000000000308642 ) ) ;
#2227 = VECTOR ( 'NONE', #5003, 1000.000000000000000 ) ;
#2228 = ORIENTED_EDGE ( 'NONE', *, *, #218, .T. ) ;
#2229 = CARTESIAN_POINT ( 'NONE',  ( 0.3749999999999993894, 0.05000000000000002359, 1.493543809036151713E-15 ) ) ;
#2230 = ORIENTED_EDGE ( 'NONE', *, *, #7658, .F. ) ;
#2231 = CYLINDRICAL_SURFACE ( 'NONE', #53, 0.1249999999999998890 ) ;
#2232 = DIRECTION ( 'NONE',  ( 0.000000000000000000, -1.000000000000000000, 0.000000000000000000 ) ) ;
#2233 = LINE ( 'NONE', #5221, #2663 ) ;
#2234 = CARTESIAN_POINT ( 'NONE',  ( 0.8600000000000052047, 0.000000000000000000, -1.469999999999996865 ) ) ;
#2235 = VECTOR ( 'NONE', #9108, 1000.000000000000000 ) ;
#2236 = UNCERTAINTY_MEASURE_WITH_UNIT (LENGTH_MEASURE( 1.000000000000000082E-05 ), #1653, 'distance_accuracy_value', 'NONE');
#2237 = ORIENTED_EDGE ( 'NONE', *, *, #390, .F. ) ;
#2238 = ORIENTED_EDGE ( 'NONE', *, *, #9240, .T. ) ;
#2239 = DIRECTION ( 'NONE',  ( 0.000000000000000000, 0.000000000000000000, 1.000000000000000000 ) ) ;
#2240 = VERTEX_POINT ( 'NONE', #6126 ) ;
#2241 = VERTEX_POINT ( 'NONE', #9221 ) ;
#2242 = CARTESIAN_POINT ( 'NONE',  ( -0.7500000000000127676, 0.1519999999999999962, 1.099999999999992317 ) ) ;
#2243 = VECTOR ( 'NONE', #6348, 1000.000000000000000 ) ;
#2244 = VECTOR ( 'NONE', #1552, 1000.000000000000000 ) ;
#2245 = PLANE ( 'NONE',  #6607 ) ;
#2246 = DIRECTION ( 'NONE',  ( -1.000000000000000000, 0.000000000000000000, -4.425314989736752882E-16 ) ) ;
#2247 = CARTESIAN_POINT ( 'NONE',  ( 0.6399999999999999023, 0.05000000000000002359, 2.312964634635736745E-15 ) ) ;
#2248 = ADVANCED_FACE ( 'NONE', ( #5404 ), #892, .T. ) ;
#2249 = LINE ( 'NONE', #7248, #766 ) ;
#2250 = EDGE_CURVE ( 'NONE', #3615, #3906, #795, .T. ) ;
#2251 = CIRCLE ( 'NONE', #9122, 0.1249999999999998890 ) ;
#2252 = CARTESIAN_POINT ( 'NONE',  ( 0.8600000000000194156, 0.1519999999999999962, 1.499999999999972689 ) ) ;
#2253 = ORIENTED_EDGE ( 'NONE', *, *, #5294, .F. ) ;
#2254 = CARTESIAN_POINT ( 'NONE',  ( 1.470000000000007523, 0.000000000000000000, 0.6399999999999691491 ) ) ;
#2255 = DIRECTION ( 'NONE',  ( 0.000000000000000000, -1.000000000000000000, 0.000000000000000000 ) ) ;
#2256 = CARTESIAN_POINT ( 'NONE',  ( 1.469999999999997087, 0.1519999999999999962, -0.3750000000000308642 ) ) ;
#2257 = CARTESIAN_POINT ( 'NONE',  ( -0.8749999999999955591, 0.05000000000000002359, -1.224999999999987432 ) ) ;
#2258 = VECTOR ( 'NONE', #5817, 1000.000000000000000 ) ;
#2259 = EDGE_CURVE ( 'NONE', #1210, #9293, #5304, .T. ) ;
#2260 = ORIENTED_EDGE ( 'NONE', *, *, #7570, .T. ) ;
#2261 = LINE ( 'NONE', #5111, #5794 ) ;
#2262 = DIRECTION ( 'NONE',  ( 1.000000000000000000, 0.000000000000000000, 0.000000000000000000 ) ) ;
#2263 = EDGE_CURVE ( 'NONE', #2852, #8329, #4578, .T. ) ;
#2264 = EDGE_CURVE ( 'NONE', #4715, #3415, #6957, .T. ) ;
#2265 =( GEOMETRIC_REPRESENTATION_CONTEXT ( 3 ) GLOBAL_UNCERTAINTY_ASSIGNED_CONTEXT ( ( #5566 ) ) GLOBAL_UNIT_ASSIGNED_CONTEXT ( ( #8697, #4792, #2677 ) ) REPRESENTATION_CONTEXT ( 'NONE', 'WORKASPACE' ) );
#2266 = DIRECTION ( 'NONE',  ( 0.000000000000000000, 0.000000000000000000, -1.000000000000000000 ) ) ;
#2267 = CARTESIAN_POINT ( 'NONE',  ( 0.3600000000000192490, 0.05000000000000002359, 0.000000000000000000 ) ) ;
#2268 = VECTOR ( 'NONE', #6029, 1000.000000000000000 ) ;
#2269 = DIRECTION ( 'NONE',  ( 0.000000000000000000, 0.000000000000000000, -1.000000000000000000 ) ) ;
#2270 = DIRECTION ( 'NONE',  ( -1.000000000000000000, 0.000000000000000000, 0.000000000000000000 ) ) ;
#2271 = LINE ( 'NONE', #5258, #3367 ) ;
#2272 = VECTOR ( 'NONE', #5672, 1000.000000000000000 ) ;
#2273 = AXIS2_PLACEMENT_3D ( 'NONE', #4395, #3010, #8058 ) ;
#2274 = VERTEX_POINT ( 'NONE', #8440 ) ;
#2275 = VERTEX_POINT ( 'NONE', #6910 ) ;
#2276 = FACE_OUTER_BOUND ( 'NONE', #396, .T. ) ;
#2277 = EDGE_CURVE ( 'NONE', #6046, #9262, #5704, .T. ) ;
#2278 = ORIENTED_EDGE ( 'NONE', *, *, #3326, .T. ) ;
#2279 = CARTESIAN_POINT ( 'NONE',  ( 0.1400000000000052869, 0.1519999999999999962, -1.469999999999994422 ) ) ;
#2280 = EDGE_LOOP ( 'NONE', ( #1945, #7181, #1240, #583, #5505, #5226, #8259, #7130 ) ) ;
#2281 = DIRECTION ( 'NONE',  ( -1.000000000000000000, 0.000000000000000000, -3.982783490763077545E-15 ) ) ;
#2282 = SURFACE_STYLE_FILL_AREA ( #343 ) ;
#2283 = DIRECTION ( 'NONE',  ( 1.000000000000000000, 0.000000000000000000, 0.000000000000000000 ) ) ;
#2284 = VECTOR ( 'NONE', #7536, 1000.000000000000000 ) ;
#2285 = DIRECTION ( 'NONE',  ( -1.000000000000000000, 0.000000000000000000, -3.942553354492744616E-15 ) ) ;
#2286 = ORIENTED_EDGE ( 'NONE', *, *, #4686, .T. ) ;
#2287 = VERTEX_POINT ( 'NONE', #9075 ) ;
#2288 = FACE_OUTER_BOUND ( 'NONE', #8821, .T. ) ;
#2289 = AXIS2_PLACEMENT_3D ( 'NONE', #7713, #8307, #3173 ) ;
#2290 = ORIENTED_EDGE ( 'NONE', *, *, #5328, .F. ) ;
#2291 = VERTEX_POINT ( 'NONE', #4727 ) ;
#2292 = DIRECTION ( 'NONE',  ( 0.000000000000000000, 1.000000000000000000, -0.000000000000000000 ) ) ;
#2293 = DIRECTION ( 'NONE',  ( 1.000000000000000000, 0.000000000000000000, -4.425314989736752882E-16 ) ) ;
#2294 = EDGE_CURVE ( 'NONE', #8612, #2721, #9160, .T. ) ;
#2295 = CARTESIAN_POINT ( 'NONE',  ( 0.8600000000000052047, 0.000000000000000000, -1.469999999999996865 ) ) ;
#2296 = CARTESIAN_POINT ( 'NONE',  ( -2.765821868585473202E-16, 0.05000000000000002359, 0.6250000000000006661 ) ) ;
#2297 = DIRECTION ( 'NONE',  ( 0.000000000000000000, 0.000000000000000000, -1.000000000000000000 ) ) ;
#2298 = VERTEX_POINT ( 'NONE', #6768 ) ;
#2299 = CARTESIAN_POINT ( 'NONE',  ( 1.470000000000007523, 0.1519999999999999962, 0.8599999999999691225 ) ) ;
#2300 = ORIENTED_EDGE ( 'NONE', *, *, #4895, .F. ) ;
#2301 = EDGE_CURVE ( 'NONE', #2933, #3254, #1585, .T. ) ;
#2302 = LINE ( 'NONE', #3829, #4099 ) ;
#2303 = ORIENTED_EDGE ( 'NONE', *, *, #3647, .T. ) ;
#2304 = CARTESIAN_POINT ( 'NONE',  ( -1.469999999999989759, 0.1519999999999999962, 0.1250000000000000000 ) ) ;
#2305 = CARTESIAN_POINT ( 'NONE',  ( -1.469999999999989759, 0.1519999999999999962, 0.3599999999999999867 ) ) ;
#2306 = CARTESIAN_POINT ( 'NONE',  ( 1.470000000000002416, 0.1519999999999999962, 0.1249999999999691358 ) ) ;
#2307 = ORIENTED_EDGE ( 'NONE', *, *, #4787, .T. ) ;
#2308 =( NAMED_UNIT ( * ) PLANE_ANGLE_UNIT ( ) SI_UNIT ( $, .RADIAN. ) );
#2309 = DIRECTION ( 'NONE',  ( 0.000000000000000000, 1.000000000000000000, -0.000000000000000000 ) ) ;
#2310 = ADVANCED_FACE ( 'NONE', ( #6221 ), #62, .T. ) ;
#2311 = DIRECTION ( 'NONE',  ( -8.673617379884043361E-16, 0.000000000000000000, -1.000000000000000000 ) ) ;
#2312 = PLANE ( 'NONE',  #6120 ) ;
#2313 = PLANE ( 'NONE',  #2646 ) ;
#2314 = FACE_OUTER_BOUND ( 'NONE', #5675, .T. ) ;
#2315 = DIRECTION ( 'NONE',  ( -7.228014483236677820E-15, 0.000000000000000000, -1.000000000000000000 ) ) ;
#2316 = AXIS2_PLACEMENT_3D ( 'NONE', #1949, #4211, #8755 ) ;
#2317 = ORIENTED_EDGE ( 'NONE', *, *, #8586, .F. ) ;
#2318 = DIRECTION ( 'NONE',  ( 0.000000000000000000, 0.000000000000000000, -1.000000000000000000 ) ) ;
#2319 = ORIENTED_EDGE ( 'NONE', *, *, #560, .T. ) ;
#2320 = CARTESIAN_POINT ( 'NONE',  ( -1.500000000000000222, 0.1519999999999999962, -0.6400000000000000133 ) ) ;
#2321 = ORIENTED_EDGE ( 'NONE', *, *, #8430, .T. ) ;
#2322 = LINE ( 'NONE', #1816, #5608 ) ;
#2323 = ADVANCED_FACE ( 'NONE', ( #1679 ), #6033, .T. ) ;
#2324 = EDGE_CURVE ( 'NONE', #2961, #1885, #6813, .T. ) ;
#2325 = FACE_OUTER_BOUND ( 'NONE', #8402, .T. ) ;
#2326 = CARTESIAN_POINT ( 'NONE',  ( -0.6250000000000128786, 0.05000000000000002359, 1.224999999999993427 ) ) ;
#2327 = EDGE_CURVE ( 'NONE', #1, #5596, #3207, .T. ) ;
#2328 = VECTOR ( 'NONE', #8149, 1000.000000000000000 ) ;
#2329 = VECTOR ( 'NONE', #1063, 1000.000000000000000 ) ;
#2330 = EDGE_LOOP ( 'NONE', ( #9006, #3268, #8712, #4040 ) ) ;
#2331 = ORIENTED_EDGE ( 'NONE', *, *, #5000, .F. ) ;
#2332 = CARTESIAN_POINT ( 'NONE',  ( 1.469999999999991980, 0.1519999999999999962, -0.6400000000000309885 ) ) ;
#2333 = ORIENTED_EDGE ( 'NONE', *, *, #8869, .T. ) ;
#2334 = ORIENTED_EDGE ( 'NONE', *, *, #1853, .T. ) ;
#2335 = EDGE_CURVE ( 'NONE', #6734, #8426, #3159, .T. ) ;
#2336 = FILL_AREA_STYLE_COLOUR ( '', #8109 ) ;
#2337 = PLANE ( 'NONE',  #4439 ) ;
#2338 = DIRECTION ( 'NONE',  ( 0.000000000000000000, -0.000000000000000000, -1.000000000000000000 ) ) ;
#2339 = LINE ( 'NONE', #1098, #8986 ) ;
#2340 = CARTESIAN_POINT ( 'NONE',  ( -1.499999999999984679, 0.000000000000000000, 0.6400000000000000133 ) ) ;
#2341 = VECTOR ( 'NONE', #3303, 1000.000000000000000 ) ;
#2342 = VECTOR ( 'NONE', #4994, 1000.000000000000000 ) ;
#2343 = CARTESIAN_POINT ( 'NONE',  ( -1.500000000000000222, 0.1519999999999999962, -0.6400000000000000133 ) ) ;
#2344 = EDGE_CURVE ( 'NONE', #5800, #9329, #942, .T. ) ;
#2345 = EDGE_LOOP ( 'NONE', ( #1193, #7376, #2377, #5714 ) ) ;
#2346 = CARTESIAN_POINT ( 'NONE',  ( 0.7500000000000193179, 0.05000000000000002359, 1.099999999999972777 ) ) ;
#2347 = EDGE_CURVE ( 'NONE', #2432, #9491, #450, .T. ) ;
#2348 = ORIENTED_EDGE ( 'NONE', *, *, #868, .F. ) ;
#2349 = AXIS2_PLACEMENT_3D ( 'NONE', #5501, #2375, #849 ) ;
#2350 = DIRECTION ( 'NONE',  ( 1.000000000000000000, 0.000000000000000000, 0.000000000000000000 ) ) ;
#2351 = ORIENTED_EDGE ( 'NONE', *, *, #2680, .F. ) ;
#2352 = CYLINDRICAL_SURFACE ( 'NONE', #3020, 0.1249999999999998890 ) ;
#2353 = DIRECTION ( 'NONE',  ( 0.000000000000000000, 0.000000000000000000, 1.000000000000000000 ) ) ;
#2354 = FACE_OUTER_BOUND ( 'NONE', #7139, .T. ) ;
#2355 = ORIENTED_EDGE ( 'NONE', *, *, #8892, .F. ) ;
#2356 = VECTOR ( 'NONE', #840, 1000.000000000000000 ) ;
#2357 = FILL_AREA_STYLE ('',( #4517 ) ) ;
#2358 = CARTESIAN_POINT ( 'NONE',  ( 1.470000000000002416, 0.1519999999999999962, 0.3749999999999691358 ) ) ;
#2359 = CARTESIAN_POINT ( 'NONE',  ( -1.470000000000000195, 0.1519999999999999962, -0.8750000000000000000 ) ) ;
#2360 = PRESENTATION_LAYER_ASSIGNMENT (  '', '', ( #9561 ) ) ;
#2361 = FACE_OUTER_BOUND ( 'NONE', #6465, .T. ) ;
#2362 = DIRECTION ( 'NONE',  ( 1.000000000000000000, -0.000000000000000000, 3.614007241618338910E-15 ) ) ;
#2363 = EDGE_CURVE ( 'NONE', #2684, #1637, #1034, .T. ) ;
#2364 = DIRECTION ( 'NONE',  ( -0.000000000000000000, -1.000000000000000000, -0.000000000000000000 ) ) ;
#2365 = CARTESIAN_POINT ( 'NONE',  ( -1.224999999999994982, 0.000000000000000000, -0.3749999999999998890 ) ) ;
#2366 = EDGE_CURVE ( 'NONE', #5110, #2009, #9362, .T. ) ;
#2367 = VECTOR ( 'NONE', #5422, 1000.000000000000000 ) ;
#2368 = ORIENTED_EDGE ( 'NONE', *, *, #606, .F. ) ;
#2369 = CARTESIAN_POINT ( 'NONE',  ( -0.2500000000000128786, 0.1519999999999999962, 1.224999999999992095 ) ) ;
#2370 = ORIENTED_EDGE ( 'NONE', *, *, #8365, .F. ) ;
#2371 = CARTESIAN_POINT ( 'NONE',  ( -1.499999999999989786, 0.1519999999999999962, 0.3599999999999999867 ) ) ;
#2372 = ORIENTED_EDGE ( 'NONE', *, *, #1252, .F. ) ;
#2373 = VECTOR ( 'NONE', #7265, 1000.000000000000000 ) ;
#2374 = DIRECTION ( 'NONE',  ( 0.000000000000000000, -0.000000000000000000, 1.000000000000000000 ) ) ;
#2375 = DIRECTION ( 'NONE',  ( 0.000000000000000000, -0.000000000000000000, 1.000000000000000000 ) ) ;
#2376 = CARTESIAN_POINT ( 'NONE',  ( 0.1400000000000193312, 0.1519999999999999962, 1.469999999999977991 ) ) ;
#2377 = ORIENTED_EDGE ( 'NONE', *, *, #3540, .F. ) ;
#2378 = VECTOR ( 'NONE', #4905, 1000.000000000000000 ) ;
#2379 = EDGE_LOOP ( 'NONE', ( #4440, #1402, #5571, #4259 ) ) ;
#2380 = ORIENTED_EDGE ( 'NONE', *, *, #5569, .F. ) ;
#2381 = ADVANCED_FACE ( 'NONE', ( #1081 ), #2660, .F. ) ;
#2382 = LINE ( 'NONE', #9088, #1026 ) ;
#2383 = ADVANCED_FACE ( 'NONE', ( #4041 ), #3457, .T. ) ;
#2384 = VERTEX_POINT ( 'NONE', #350 ) ;
#2385 = ORIENTED_EDGE ( 'NONE', *, *, #5612, .T. ) ;
#2386 = LINE ( 'NONE', #3864, #3269 ) ;
#2387 = DIRECTION ( 'NONE',  ( -0.000000000000000000, -1.000000000000000000, -0.000000000000000000 ) ) ;
#2388 = CARTESIAN_POINT ( 'NONE',  ( -1.499999999999989786, 0.000000000000000000, 0.1400000000000000411 ) ) ;
#2389 = DIRECTION ( 'NONE',  ( -1.000000000000000000, 0.000000000000000000, -3.982783490763077545E-15 ) ) ;
#2390 = LINE ( 'NONE', #865, #2974 ) ;
#2391 = VECTOR ( 'NONE', #2993, 1000.000000000000000 ) ;
#2392 = CARTESIAN_POINT ( 'NONE',  ( -0.3750000000000288103, 0.1519999999999999962, 1.224999999999990763 ) ) ;
#2393 = VERTEX_POINT ( 'NONE', #7108 ) ;
#2394 = LINE ( 'NONE', #6835, #1968 ) ;
#2395 = VECTOR ( 'NONE', #2923, 1000.000000000000000 ) ;
#2396 = EDGE_LOOP ( 'NONE', ( #5922, #8230, #8442, #4270 ) ) ;
#2397 = ORIENTED_EDGE ( 'NONE', *, *, #8153, .F. ) ;
#2398 = DIRECTION ( 'NONE',  ( 0.000000000000000000, 0.000000000000000000, 1.000000000000000000 ) ) ;
#2399 = ORIENTED_EDGE ( 'NONE', *, *, #6376, .T. ) ;
#2400 = ADVANCED_FACE ( 'NONE', ( #8541 ), #1823, .T. ) ;
#2401 = CARTESIAN_POINT ( 'NONE',  ( -0.6399999999999947953, 0.1519999999999999962, -1.499999999999986677 ) ) ;
#2402 = CARTESIAN_POINT ( 'NONE',  ( 1.499999999999997113, 0.000000000000000000, -0.1400000000000309053 ) ) ;
#2403 = LINE ( 'NONE', #6843, #9057 ) ;
#2404 = ORIENTED_EDGE ( 'NONE', *, *, #7566, .T. ) ;
#2405 = AXIS2_PLACEMENT_3D ( 'NONE', #2305, #1472, #46 ) ;
#2406 = FILL_AREA_STYLE_COLOUR ( '', #7675 ) ;
#2407 = CARTESIAN_POINT ( 'NONE',  ( -1.224999999999994982, 0.1519999999999999962, -0.1250000000000001110 ) ) ;
#2408 = CARTESIAN_POINT ( 'NONE',  ( -0.3599999999999806688, 0.1519999999999999962, 1.469999999999983320 ) ) ;
#2409 = PRESENTATION_LAYER_ASSIGNMENT (  '', '', ( #536 ) ) ;
#2410 = LINE ( 'NONE', #6901, #3954 ) ;
#2411 = ADVANCED_FACE ( 'NONE', ( #1976 ), #3409, .T. ) ;
#2412 = CARTESIAN_POINT ( 'NONE',  ( 0.3750000000000052736, 0.1519999999999999962, -1.469999999999993534 ) ) ;
#2413 = VERTEX_POINT ( 'NONE', #403 ) ;
#2414 = DIRECTION ( 'NONE',  ( 3.614007241618338910E-15, 0.000000000000000000, -1.000000000000000000 ) ) ;
#2415 = CARTESIAN_POINT ( 'NONE',  ( -1.469999999999994866, 0.000000000000000000, -0.1400000000000000411 ) ) ;
#2416 = STYLED_ITEM ( 'NONE', ( #1838 ), #9630 ) ;
#2417 = ORIENTED_EDGE ( 'NONE', *, *, #758, .T. ) ;
#2418 = CARTESIAN_POINT ( 'NONE',  ( 0.6250000000000052180, 0.1519999999999999962, -1.469999999999997753 ) ) ;
#2419 = VECTOR ( 'NONE', #6530, 1000.000000000000000 ) ;
#2420 = ORIENTED_EDGE ( 'NONE', *, *, #3054, .F. ) ;
#2421 = CARTESIAN_POINT ( 'NONE',  ( 0.3600000000000052047, 0.1519999999999999962, -1.469999999999993534 ) ) ;
#2422 = EDGE_CURVE ( 'NONE', #5596, #7425, #7946, .T. ) ;
#2423 = ORIENTED_EDGE ( 'NONE', *, *, #4043, .T. ) ;
#2424 = FACE_OUTER_BOUND ( 'NONE', #4751, .T. ) ;
#2425 = CARTESIAN_POINT ( 'NONE',  ( 0.3600000000000192490, 0.000000000000000000, 1.499999999999978240 ) ) ;
#2426 = VERTEX_POINT ( 'NONE', #1227 ) ;
#2427 = CIRCLE ( 'NONE', #7109, 0.1249999999999998890 ) ;
#2428 = VERTEX_POINT ( 'NONE', #3360 ) ;
#2429 = ORIENTED_EDGE ( 'NONE', *, *, #7649, .F. ) ;
#2430 = CARTESIAN_POINT ( 'NONE',  ( 1.225000000000007638, 0.05000000000000002359, 0.6249999999999693578 ) ) ;
#2431 = ORIENTED_EDGE ( 'NONE', *, *, #2366, .T. ) ;
#2432 = VERTEX_POINT ( 'NONE', #7751 ) ;
#2433 = ADVANCED_FACE ( 'NONE', ( #6378 ), #7850, .F. ) ;
#2434 = VECTOR ( 'NONE', #4220, 1000.000000000000000 ) ;
#2435 = DIRECTION ( 'NONE',  ( 1.000000000000000000, 0.000000000000000000, -4.425314989736752882E-16 ) ) ;
#2436 = CARTESIAN_POINT ( 'NONE',  ( -1.224999999999994982, 0.1519999999999999962, -0.2500000000000000000 ) ) ;
#2437 = VECTOR ( 'NONE', #6426, 1000.000000000000000 ) ;
#2438 =( NAMED_UNIT ( * ) SI_UNIT ( $, .STERADIAN. ) SOLID_ANGLE_UNIT ( ) );
#2439 = CARTESIAN_POINT ( 'NONE',  ( -1.224999999999989875, 0.05000000000000002359, 0.2500000000000000000 ) ) ;
#2440 = CYLINDRICAL_SURFACE ( 'NONE', #3758, 0.1249999999999998890 ) ;
#2441 = ADVANCED_FACE ( 'NONE', ( #7002 ), #2612, .F. ) ;
#2442 = VECTOR ( 'NONE', #7922, 1000.000000000000000 ) ;
#2443 = EDGE_LOOP ( 'NONE', ( #6738, #4681, #6439, #1162, #4772, #4334, #6045, #623 ) ) ;
#2444 = DIRECTION ( 'NONE',  ( 0.000000000000000000, 0.000000000000000000, 1.000000000000000000 ) ) ;
#2445 = ORIENTED_EDGE ( 'NONE', *, *, #1833, .F. ) ;
#2446 = ORIENTED_EDGE ( 'NONE', *, *, #8192, .T. ) ;
#2447 = CARTESIAN_POINT ( 'NONE',  ( -1.469999999999984652, 0.1519999999999999962, 0.8599999999999999867 ) ) ;
#2448 = ORIENTED_EDGE ( 'NONE', *, *, #6390, .F. ) ;
#2449 = LINE ( 'NONE', #4024, #4579 ) ;
#2450 = DIRECTION ( 'NONE',  ( 1.307680579467250963E-13, 0.000000000000000000, 1.000000000000000000 ) ) ;
#2451 = DIRECTION ( 'NONE',  ( -0.000000000000000000, -1.000000000000000000, -0.000000000000000000 ) ) ;
#2452 = VECTOR ( 'NONE', #1389, 1000.000000000000000 ) ;
#2453 = ADVANCED_FACE ( 'NONE', ( #7798 ), #6275, .F. ) ;
#2454 = EDGE_CURVE ( 'NONE', #7068, #540, #4917, .T. ) ;
#2455 = EDGE_LOOP ( 'NONE', ( #1453, #634, #2816, #4149 ) ) ;
#2456 = CARTESIAN_POINT ( 'NONE',  ( -0.3599999999999946021, 0.1519999999999999962, -1.499999999999990896 ) ) ;
#2457 = ORIENTED_EDGE ( 'NONE', *, *, #554, .T. ) ;
#2458 = DIRECTION ( 'NONE',  ( -0.000000000000000000, 1.000000000000000000, -0.000000000000000000 ) ) ;
#2459 = CARTESIAN_POINT ( 'NONE',  ( 1.470000000000007523, 0.000000000000000000, 0.6249999999999691358 ) ) ;
#2460 = ADVANCED_FACE ( 'NONE', ( #4867 ), #1183, .T. ) ;
#2461 = DIRECTION ( 'NONE',  ( -0.000000000000000000, -1.000000000000000000, -0.000000000000000000 ) ) ;
#2462 = DIRECTION ( 'NONE',  ( 0.000000000000000000, -1.000000000000000000, 0.000000000000000000 ) ) ;
#2463 = ORIENTED_EDGE ( 'NONE', *, *, #819, .T. ) ;
#2464 = DIRECTION ( 'NONE',  ( -1.000000000000000000, 0.000000000000000000, -0.000000000000000000 ) ) ;
#2465 = DIRECTION ( 'NONE',  ( -1.000000000000000000, 0.000000000000000000, 5.531643737170941473E-16 ) ) ;
#2466 = VERTEX_POINT ( 'NONE', #9411 ) ;
#2467 = CARTESIAN_POINT ( 'NONE',  ( 1.469999999999997087, 0.1519999999999999962, -0.1400000000000309053 ) ) ;
#2468 = EDGE_CURVE ( 'NONE', #6189, #1342, #7434, .T. ) ;
#2469 = EDGE_LOOP ( 'NONE', ( #1644, #1799, #8215, #4247 ) ) ;
#2470 = CYLINDRICAL_SURFACE ( 'NONE', #8008, 0.1249999999999998890 ) ;
#2471 = LINE ( 'NONE', #5453, #4076 ) ;
#2472 = DIRECTION ( 'NONE',  ( 0.000000000000000000, -1.000000000000000000, 0.000000000000000000 ) ) ;
#2473 =( LENGTH_UNIT ( ) NAMED_UNIT ( * ) SI_UNIT ( .MILLI., .METRE. ) );
#2474 = ORIENTED_EDGE ( 'NONE', *, *, #2717, .T. ) ;
#2475 = ORIENTED_EDGE ( 'NONE', *, *, #812, .T. ) ;
#2476 = CARTESIAN_POINT ( 'NONE',  ( -0.000000000000000000, 0.05000000000000002359, 1.469999999999988649 ) ) ;
#2477 = ORIENTED_EDGE ( 'NONE', *, *, #9517, .F. ) ;
#2478 = ORIENTED_EDGE ( 'NONE', *, *, #8062, .F. ) ;
#2479 = VECTOR ( 'NONE', #8659, 1000.000000000000000 ) ;
#2480 = DIRECTION ( 'NONE',  ( 1.000000000000000000, 0.000000000000000000, 0.000000000000000000 ) ) ;
#2481 = LINE ( 'NONE', #3866, #2681 ) ;
#2482 = CARTESIAN_POINT ( 'NONE',  ( 0.1250000000000044964, 0.000000000000000000, -1.224999999999994316 ) ) ;
#2483 = CARTESIAN_POINT ( 'NONE',  ( -1.470000000000000195, 0.05000000000000002359, -0.000000000000000000 ) ) ;
#2484 = DIRECTION ( 'NONE',  ( 0.000000000000000000, -1.000000000000000000, 0.000000000000000000 ) ) ;
#2485 = EDGE_CURVE ( 'NONE', #8273, #7727, #7591, .T. ) ;
#2486 = EDGE_CURVE ( 'NONE', #9476, #8419, #6526, .T. ) ;
#2487 = ORIENTED_EDGE ( 'NONE', *, *, #43, .T. ) ;
#2488 = CARTESIAN_POINT ( 'NONE',  ( -1.470000000000000195, 0.1519999999999999962, -0.8750000000000000000 ) ) ;
#2489 = ORIENTED_EDGE ( 'NONE', *, *, #3106, .F. ) ;
#2490 = ORIENTED_EDGE ( 'NONE', *, *, #3949, .T. ) ;
#2491 = CARTESIAN_POINT ( 'NONE',  ( 1.470000000000002416, 0.000000000000000000, 0.3599999999999691225 ) ) ;
#2492 = VERTEX_POINT ( 'NONE', #8049 ) ;
#2493 = DIRECTION ( 'NONE',  ( 0.000000000000000000, 0.000000000000000000, -1.000000000000000000 ) ) ;
#2494 = AXIS2_PLACEMENT_3D ( 'NONE', #4804, #189, #6255 ) ;
#2495 = CARTESIAN_POINT ( 'NONE',  ( 0.6400000000000053424, 0.1519999999999999962, -1.499999999999997780 ) ) ;
#2496 = CARTESIAN_POINT ( 'NONE',  ( 0.6250000000000052180, 0.1519999999999999962, -1.469999999999997753 ) ) ;
#2497 = VERTEX_POINT ( 'NONE', #9618 ) ;
#2498 = DIRECTION ( 'NONE',  ( 1.000000000000000000, 0.000000000000000000, 0.000000000000000000 ) ) ;
#2499 = FACE_OUTER_BOUND ( 'NONE', #6860, .T. ) ;
#2500 = CIRCLE ( 'NONE', #5934, 0.1249999999999998890 ) ;
#2501 = CIRCLE ( 'NONE', #6077, 0.1249999999999998890 ) ;
#2502 = ORIENTED_EDGE ( 'NONE', *, *, #1451, .F. ) ;
#2503 = ADVANCED_FACE ( 'NONE', ( #9514 ), #600, .T. ) ;
#2504 = EDGE_CURVE ( 'NONE', #8452, #8476, #3749, .T. ) ;
#2505 = CARTESIAN_POINT ( 'NONE',  ( -0.8599999999999807798, 0.1519999999999999962, 1.469999999999988649 ) ) ;
#2506 = CARTESIAN_POINT ( 'NONE',  ( 1.499999999999997113, 0.1519999999999999962, -0.3600000000000307954 ) ) ;
#2507 = VECTOR ( 'NONE', #2285, 1000.000000000000000 ) ;
#2508 = AXIS2_PLACEMENT_3D ( 'NONE', #9130, #8399, #3853 ) ;
#2509 = CARTESIAN_POINT ( 'NONE',  ( 1.470000000000007523, 0.1519999999999999962, 0.8599999999999691225 ) ) ;
#2510 = EDGE_LOOP ( 'NONE', ( #429, #3330, #7278, #8903, #4187, #8261, #4348, #3022 ) ) ;
#2511 = CARTESIAN_POINT ( 'NONE',  ( -1.499999999999995115, 0.1519999999999999962, -0.3599999999999999867 ) ) ;
#2512 = CARTESIAN_POINT ( 'NONE',  ( -0.3749999999999947264, 0.1519999999999999962, -1.469999999999990870 ) ) ;
#2513 = ORIENTED_EDGE ( 'NONE', *, *, #523, .F. ) ;
#2514 = DIRECTION ( 'NONE',  ( 8.850629979473505765E-16, 0.000000000000000000, 1.000000000000000000 ) ) ;
#2515 = FACE_OUTER_BOUND ( 'NONE', #9395, .T. ) ;
#2516 = ADVANCED_FACE ( 'NONE', ( #8833 ), #4338, .F. ) ;
#2517 = DIRECTION ( 'NONE',  ( -0.000000000000000000, -1.000000000000000000, -0.000000000000000000 ) ) ;
#2518 = PLANE ( 'NONE',  #7189 ) ;
#2519 = LINE ( 'NONE', #7065, #852 ) ;
#2520 = EDGE_CURVE ( 'NONE', #8389, #1662, #1430, .T. ) ;
#2521 = VERTEX_POINT ( 'NONE', #2073 ) ;
#2522 = ORIENTED_EDGE ( 'NONE', *, *, #1486, .T. ) ;
#2523 = DIRECTION ( 'NONE',  ( -2.212657494868376441E-16, -0.000000000000000000, 1.000000000000000000 ) ) ;
#2524 = AXIS2_PLACEMENT_3D ( 'NONE', #4328, #587, #7242 ) ;
#2525 = ORIENTED_EDGE ( 'NONE', *, *, #4855, .F. ) ;
#2526 = ORIENTED_EDGE ( 'NONE', *, *, #9646, .F. ) ;
#2527 = DIRECTION ( 'NONE',  ( 0.000000000000000000, 1.000000000000000000, -0.000000000000000000 ) ) ;
#2528 = CARTESIAN_POINT ( 'NONE',  ( -1.224999999999989875, 0.000000000000000000, 0.1250000000000001110 ) ) ;
#2529 = LINE ( 'NONE', #319, #1719 ) ;
#2530 = CARTESIAN_POINT ( 'NONE',  ( -1.469999999999994866, 0.000000000000000000, -0.3599999999999999867 ) ) ;
#2531 = AXIS2_PLACEMENT_3D ( 'NONE', #5940, #3760, #6724 ) ;
#2532 = ORIENTED_EDGE ( 'NONE', *, *, #2914, .T. ) ;
#2533 = DIRECTION ( 'NONE',  ( -1.000000000000000000, 0.000000000000000000, 0.000000000000000000 ) ) ;
#2534 = ORIENTED_EDGE ( 'NONE', *, *, #1225, .T. ) ;
#2535 = VERTEX_POINT ( 'NONE', #5064 ) ;
#2536 = DIRECTION ( 'NONE',  ( 0.000000000000000000, -1.000000000000000000, 0.000000000000000000 ) ) ;
#2537 = ORIENTED_EDGE ( 'NONE', *, *, #6016, .T. ) ;
#2538 = VECTOR ( 'NONE', #501, 1000.000000000000000 ) ;
#2539 = DIRECTION ( 'NONE',  ( -3.614007241618338910E-15, 0.000000000000000000, 1.000000000000000000 ) ) ;
#2540 = EDGE_CURVE ( 'NONE', #2692, #8739, #3605, .T. ) ;
#2541 = ADVANCED_FACE ( 'NONE', ( #6619 ), #5884, .T. ) ;
#2542 = ADVANCED_FACE ( 'NONE', ( #6571 ), #3002, .F. ) ;
#2543 = CARTESIAN_POINT ( 'NONE',  ( 0.8600000000000052047, 0.1519999999999999962, -1.469999999999996865 ) ) ;
#2544 = LINE ( 'NONE', #6157, #1238 ) ;
#2545 = ORIENTED_EDGE ( 'NONE', *, *, #4671, .T. ) ;
#2546 = DIRECTION ( 'NONE',  ( 0.000000000000000000, -1.000000000000000000, 0.000000000000000000 ) ) ;
#2547 = AXIS2_PLACEMENT_3D ( 'NONE', #6984, #5617, #3284 ) ;
#2548 = ORIENTED_EDGE ( 'NONE', *, *, #5359, .F. ) ;
#2549 = DIRECTION ( 'NONE',  ( -6.637972484605129570E-16, 0.000000000000000000, -1.000000000000000000 ) ) ;
#2550 = CYLINDRICAL_SURFACE ( 'NONE', #6603, 0.1249999999999998890 ) ;
#2551 = EDGE_CURVE ( 'NONE', #3381, #964, #7402, .T. ) ;
#2552 = CARTESIAN_POINT ( 'NONE',  ( -0.6249999999999807931, 0.1519999999999999962, 1.469999999999988649 ) ) ;
#2553 = SURFACE_STYLE_FILL_AREA ( #3299 ) ;
#2554 = VECTOR ( 'NONE', #9632, 1000.000000000000000 ) ;
#2555 = CARTESIAN_POINT ( 'NONE',  ( 0.8750000000000192069, 0.1519999999999999962, 1.224999999999972555 ) ) ;
#2556 = EDGE_LOOP ( 'NONE', ( #4768, #7262, #9549, #5796 ) ) ;
#2557 = EDGE_CURVE ( 'NONE', #3108, #1204, #2858, .T. ) ;
#2558 = CARTESIAN_POINT ( 'NONE',  ( 0.1250000000000196232, 0.05000000000000002359, 2.765821868585905041E-17 ) ) ;
#2559 = CARTESIAN_POINT ( 'NONE',  ( -1.470000000000000195, 0.000000000000000000, -0.6400000000000000133 ) ) ;
#2560 = EDGE_CURVE ( 'NONE', #5157, #8304, #2953, .T. ) ;
#2561 = EDGE_CURVE ( 'NONE', #5193, #7390, #5115, .T. ) ;
#2562 = AXIS2_PLACEMENT_3D ( 'NONE', #5267, #750, #981 ) ;
#2563 = ORIENTED_EDGE ( 'NONE', *, *, #6531, .T. ) ;
#2564 = DIRECTION ( 'NONE',  ( -8.850629979473505765E-16, -0.000000000000000000, 1.000000000000000000 ) ) ;
#2565 = LINE ( 'NONE', #9178, #805 ) ;
#2566 = PLANE ( 'NONE',  #4238 ) ;
#2567 = LINE ( 'NONE', #7064, #940 ) ;
#2568 = EDGE_CURVE ( 'NONE', #7030, #6202, #4382, .T. ) ;
#2569 = EDGE_LOOP ( 'NONE', ( #2092, #227, #7676, #2016 ) ) ;
#2570 = EDGE_CURVE ( 'NONE', #5844, #1703, #3655, .T. ) ;
#2571 = CLOSED_SHELL ( 'NONE', ( #2622, #7462, #818, #6961, #177, #5434, #5071, #7105, #5002, #5395, #6977 ) ) ;
#2572 = VERTEX_POINT ( 'NONE', #693 ) ;
#2573 = ORIENTED_EDGE ( 'NONE', *, *, #956, .T. ) ;
#2574 = DIRECTION ( 'NONE',  ( -0.000000000000000000, -1.000000000000000000, -0.000000000000000000 ) ) ;
#2575 = EDGE_LOOP ( 'NONE', ( #2487, #1532, #967, #4393 ) ) ;
#2576 = VERTEX_POINT ( 'NONE', #3706 ) ;
#2577 = DIRECTION ( 'NONE',  ( 0.000000000000000000, 0.000000000000000000, -1.000000000000000000 ) ) ;
#2578 = EDGE_CURVE ( 'NONE', #529, #6630, #6667, .T. ) ;
#2579 = DIRECTION ( 'NONE',  ( 3.097720492815727461E-15, 0.000000000000000000, -1.000000000000000000 ) ) ;
#2580 = DIRECTION ( 'NONE',  ( 0.000000000000000000, 0.000000000000000000, -1.000000000000000000 ) ) ;
#2581 = VECTOR ( 'NONE', #1288, 1000.000000000000000 ) ;
#2582 = CARTESIAN_POINT ( 'NONE',  ( 0.6400000000000194422, 0.1519999999999999962, 1.499999999999972689 ) ) ;
#2583 = ORIENTED_EDGE ( 'NONE', *, *, #5753, .F. ) ;
#2584 = CARTESIAN_POINT ( 'NONE',  ( 1.225000000000007638, 0.1519999999999999962, 0.8749999999999691358 ) ) ;
#2585 = VECTOR ( 'NONE', #4074, 1000.000000000000000 ) ;
#2586 = ORIENTED_EDGE ( 'NONE', *, *, #6031, .T. ) ;
#2587 = EDGE_LOOP ( 'NONE', ( #721, #7606, #5553, #9139, #9422, #1906, #2006, #6750 ) ) ;
#2588 = AXIS2_PLACEMENT_3D ( 'NONE', #2369, #4631, #3063 ) ;
#2589 = PLANE ( 'NONE',  #5344 ) ;
#2590 = ADVANCED_FACE ( 'NONE', ( #8242 ), #4620, .T. ) ;
#2591 = ORIENTED_EDGE ( 'NONE', *, *, #1066, .F. ) ;
#2592 = LINE ( 'NONE', #7977, #9417 ) ;
#2593 = LINE ( 'NONE', #6111, #2329 ) ;
#2594 = ORIENTED_EDGE ( 'NONE', *, *, #5195, .T. ) ;
#2595 = AXIS2_PLACEMENT_3D ( 'NONE', #3692, #9651, #9604 ) ;
#2596 = CARTESIAN_POINT ( 'NONE',  ( 6.914554671462014070E-17, 0.05000000000000002359, 0.1249999999999699407 ) ) ;
#2597 = CARTESIAN_POINT ( 'NONE',  ( -1.470000000000000195, 0.1519999999999999962, -0.6250000000000000000 ) ) ;
#2598 = ADVANCED_FACE ( 'NONE', ( #7549 ), #1623, .F. ) ;
#2599 = ORIENTED_EDGE ( 'NONE', *, *, #3285, .T. ) ;
#2600 = LINE ( 'NONE', #7935, #490 ) ;
#2601 = VECTOR ( 'NONE', #4828, 1000.000000000000000 ) ;
#2602 = LINE ( 'NONE', #5729, #6445 ) ;
#2603 = CARTESIAN_POINT ( 'NONE',  ( -0.2500000000000128786, 0.000000000000000000, 1.224999999999992095 ) ) ;
#2604 =( NAMED_UNIT ( * ) PLANE_ANGLE_UNIT ( ) SI_UNIT ( $, .RADIAN. ) );
#2605 = DIRECTION ( 'NONE',  ( 0.000000000000000000, 0.000000000000000000, -1.000000000000000000 ) ) ;
#2606 = ORIENTED_EDGE ( 'NONE', *, *, #4622, .T. ) ;
#2607 = DIRECTION ( 'NONE',  ( 0.000000000000000000, 1.000000000000000000, -0.000000000000000000 ) ) ;
#2608 = DIRECTION ( 'NONE',  ( 1.000000000000000000, 0.000000000000000000, 0.000000000000000000 ) ) ;
#2609 = EDGE_CURVE ( 'NONE', #3097, #6450, #836, .T. ) ;
#2610 = EDGE_CURVE ( 'NONE', #4355, #3618, #3795, .T. ) ;
#2611 = VERTEX_POINT ( 'NONE', #3150 ) ;
#2612 = PLANE ( 'NONE',  #6019 ) ;
#2613 = DIRECTION ( 'NONE',  ( -1.000000000000000000, 0.000000000000000000, 0.000000000000000000 ) ) ;
#2614 = LINE ( 'NONE', #7159, #3923 ) ;
#2615 = DIRECTION ( 'NONE',  ( -0.000000000000000000, -1.000000000000000000, -0.000000000000000000 ) ) ;
#2616 = ORIENTED_EDGE ( 'NONE', *, *, #5612, .F. ) ;
#2617 = ORIENTED_EDGE ( 'NONE', *, *, #3157, .F. ) ;
#2618 = EDGE_LOOP ( 'NONE', ( #5636, #5239, #2490, #3583 ) ) ;
#2619 = DIRECTION ( 'NONE',  ( -3.097720492815727067E-15, 0.000000000000000000, 1.000000000000000000 ) ) ;
#2620 = ORIENTED_EDGE ( 'NONE', *, *, #2013, .F. ) ;
#2621 = ORIENTED_EDGE ( 'NONE', *, *, #7341, .T. ) ;
#2622 = ADVANCED_FACE ( 'NONE', ( #9165 ), #7594, .T. ) ;
#2623 = EDGE_CURVE ( 'NONE', #7862, #5097, #9041, .T. ) ;
#2624 = FACE_OUTER_BOUND ( 'NONE', #2960, .T. ) ;
#2625 = FILL_AREA_STYLE ('',( #7074 ) ) ;
#2626 = DIRECTION ( 'NONE',  ( 1.000000000000000000, -0.000000000000000000, 3.097720492815727461E-15 ) ) ;
#2627 = PLANE ( 'NONE',  #6250 ) ;
#2628 = LINE ( 'NONE', #7272, #1082 ) ;
#2629 = EDGE_CURVE ( 'NONE', #5613, #6934, #1218, .T. ) ;
#2630 = VECTOR ( 'NONE', #7085, 1000.000000000000000 ) ;
#2631 = ORIENTED_EDGE ( 'NONE', *, *, #7832, .T. ) ;
#2632 = LINE ( 'NONE', #7275, #5882 ) ;
#2633 = VERTEX_POINT ( 'NONE', #100 ) ;
#2634 = ORIENTED_EDGE ( 'NONE', *, *, #3812, .T. ) ;
#2635 = CARTESIAN_POINT ( 'NONE',  ( -0.1249999999999947681, 0.1519999999999999962, -1.469999999999989981 ) ) ;
#2636 = VERTEX_POINT ( 'NONE', #882 ) ;
#2637 = CARTESIAN_POINT ( 'NONE',  ( 0.1400000000000052869, 0.1519999999999999962, -1.469999999999994422 ) ) ;
#2638 = EDGE_CURVE ( 'NONE', #3419, #2492, #3885, .T. ) ;
#2639 = DIRECTION ( 'NONE',  ( -0.000000000000000000, 1.000000000000000000, -0.000000000000000000 ) ) ;
#2640 = CARTESIAN_POINT ( 'NONE',  ( 1.470000000000007523, 0.1519999999999999962, 0.8599999999999691225 ) ) ;
#2641 = ORIENTED_EDGE ( 'NONE', *, *, #678, .T. ) ;
#2642 = CARTESIAN_POINT ( 'NONE',  ( -1.200000000000000400, 0.8000000000000000444, -1.050000000000000044 ) ) ;
#2643 = PLANE ( 'NONE',  #7270 ) ;
#2644 = ADVANCED_FACE ( 'NONE', ( #1715 ), #8283, .F. ) ;
#2645 = CARTESIAN_POINT ( 'NONE',  ( -1.224999999999984546, 0.000000000000000000, 0.6250000000000001110 ) ) ;
#2646 = AXIS2_PLACEMENT_3D ( 'NONE', #2412, #7695, #1674 ) ;
#2647 = ORIENTED_EDGE ( 'NONE', *, *, #6139, .T. ) ;
#2648 = VECTOR ( 'NONE', #4331, 1000.000000000000000 ) ;
#2649 = DIRECTION ( 'NONE',  ( -3.614007241618338910E-15, 0.000000000000000000, 1.000000000000000000 ) ) ;
#2650 = LINE ( 'NONE', #2011, #3494 ) ;
#2651 = DIRECTION ( 'NONE',  ( -0.000000000000000000, -0.000000000000000000, 1.000000000000000000 ) ) ;
#2652 = CARTESIAN_POINT ( 'NONE',  ( -1.469999999999994866, 0.05000000000000002359, -0.1250000000000000000 ) ) ;
#2653 = DIRECTION ( 'NONE',  ( 0.000000000000000000, 0.000000000000000000, -1.000000000000000000 ) ) ;
#2654 = VERTEX_POINT ( 'NONE', #8428 ) ;
#2655 = AXIS2_PLACEMENT_3D ( 'NONE', #6146, #1792, #5376 ) ;
#2656 = VECTOR ( 'NONE', #2199, 1000.000000000000000 ) ;
#2657 = DIRECTION ( 'NONE',  ( -1.000000000000000000, 0.000000000000000000, -0.000000000000000000 ) ) ;
#2658 = DIRECTION ( 'NONE',  ( 0.000000000000000000, -1.000000000000000000, 0.000000000000000000 ) ) ;
#2659 = ORIENTED_EDGE ( 'NONE', *, *, #5195, .F. ) ;
#2660 = PLANE ( 'NONE',  #4324 ) ;
#2661 = VECTOR ( 'NONE', #3463, 1000.000000000000000 ) ;
#2662 = DIRECTION ( 'NONE',  ( -0.000000000000000000, -1.000000000000000000, -0.000000000000000000 ) ) ;
#2663 = VECTOR ( 'NONE', #8212, 1000.000000000000000 ) ;
#2664 = EDGE_CURVE ( 'NONE', #4062, #718, #6116, .T. ) ;
#2665 = EDGE_CURVE ( 'NONE', #2466, #8379, #5251, .T. ) ;
#2666 = CARTESIAN_POINT ( 'NONE',  ( 1.470000000000002416, 0.1519999999999999962, 0.1399999999999691769 ) ) ;
#2667 = DIRECTION ( 'NONE',  ( 1.000000000000000000, 0.000000000000000000, 0.000000000000000000 ) ) ;
#2668 = AXIS2_PLACEMENT_3D ( 'NONE', #8536, #9407, #7152 ) ;
#2669 = ORIENTED_EDGE ( 'NONE', *, *, #3996, .F. ) ;
#2670 = ORIENTED_EDGE ( 'NONE', *, *, #4948, .F. ) ;
#2671 = LINE ( 'NONE', #9420, #1512 ) ;
#2672 = ORIENTED_EDGE ( 'NONE', *, *, #7157, .T. ) ;
#2673 = ORIENTED_EDGE ( 'NONE', *, *, #5594, .F. ) ;
#2674 = AXIS2_PLACEMENT_3D ( 'NONE', #8044, #6663, #547 ) ;
#2675 = FACE_OUTER_BOUND ( 'NONE', #3342, .T. ) ;
#2676 =( NAMED_UNIT ( * ) SI_UNIT ( $, .STERADIAN. ) SOLID_ANGLE_UNIT ( ) );
#2677 =( NAMED_UNIT ( * ) SI_UNIT ( $, .STERADIAN. ) SOLID_ANGLE_UNIT ( ) );
#2678 = DIRECTION ( 'NONE',  ( -1.000000000000000000, 0.000000000000000000, 0.000000000000000000 ) ) ;
#2679 = PLANE ( 'NONE',  #8601 ) ;
#2680 = EDGE_CURVE ( 'NONE', #313, #8006, #8333, .T. ) ;
#2681 = VECTOR ( 'NONE', #7670, 1000.000000000000000 ) ;
#2682 = VERTEX_POINT ( 'NONE', #1671 ) ;
#2683 = PLANE ( 'NONE',  #2134 ) ;
#2684 = VERTEX_POINT ( 'NONE', #5441 ) ;
#2685 = EDGE_LOOP ( 'NONE', ( #626, #8950, #5137, #1786 ) ) ;
#2686 = DIRECTION ( 'NONE',  ( -1.000000000000000000, 0.000000000000000000, -3.872150616019659031E-15 ) ) ;
#2687 = ORIENTED_EDGE ( 'NONE', *, *, #7038, .T. ) ;
#2688 = CARTESIAN_POINT ( 'NONE',  ( -1.225000000000000089, 0.000000000000000000, -0.7500000000000000000 ) ) ;
#2689 = CARTESIAN_POINT ( 'NONE',  ( -1.469999999999989759, 0.000000000000000000, 0.1250000000000000000 ) ) ;
#2690 = DIRECTION ( 'NONE',  ( 0.000000000000000000, -1.000000000000000000, 0.000000000000000000 ) ) ;
#2691 = VECTOR ( 'NONE', #6076, 1000.000000000000000 ) ;
#2692 = VERTEX_POINT ( 'NONE', #929 ) ;
#2693 = DIRECTION ( 'NONE',  ( 0.000000000000000000, 0.000000000000000000, -1.000000000000000000 ) ) ;
#2694 = CARTESIAN_POINT ( 'NONE',  ( -1.224999999999984546, 0.05000000000000002359, 0.8749999999999998890 ) ) ;
#2695 = EDGE_CURVE ( 'NONE', #8203, #8329, #3934, .T. ) ;
#2696 = VECTOR ( 'NONE', #5159, 1000.000000000000000 ) ;
#2697 = ORIENTED_EDGE ( 'NONE', *, *, #6769, .T. ) ;
#2698 = CARTESIAN_POINT ( 'NONE',  ( -0.1249999999999947681, 0.1519999999999999962, -1.469999999999989981 ) ) ;
#2699 = DIRECTION ( 'NONE',  ( 0.000000000000000000, -1.000000000000000000, 0.000000000000000000 ) ) ;
#2700 = EDGE_CURVE ( 'NONE', #3986, #7636, #6900, .T. ) ;
#2701 = LINE ( 'NONE', #6319, #8974 ) ;
#2702 = LINE ( 'NONE', #8773, #2802 ) ;
#2703 = DIRECTION ( 'NONE',  ( 1.000000000000000000, 0.000000000000000000, 0.000000000000000000 ) ) ;
#2704 = ORIENTED_EDGE ( 'NONE', *, *, #464, .F. ) ;
#2705 = AXIS2_PLACEMENT_3D ( 'NONE', #4609, #6839, #6109 ) ;
#2706 = LINE ( 'NONE', #4815, #7991 ) ;
#2707 = CARTESIAN_POINT ( 'NONE',  ( 0.3600000000000192490, 0.000000000000000000, 1.499999999999978240 ) ) ;
#2708 = ORIENTED_EDGE ( 'NONE', *, *, #2695, .F. ) ;
#2709 = DIRECTION ( 'NONE',  ( 1.000000000000000000, 0.000000000000000000, -0.000000000000000000 ) ) ;
#2710 = VECTOR ( 'NONE', #908, 1000.000000000000000 ) ;
#2711 = PLANE ( 'NONE',  #661 ) ;
#2712 = EDGE_CURVE ( 'NONE', #9702, #2384, #1106, .T. ) ;
#2713 = CARTESIAN_POINT ( 'NONE',  ( 1.470000000000002416, 0.1519999999999999962, 0.3599999999999691225 ) ) ;
#2714 = FACE_OUTER_BOUND ( 'NONE', #5509, .T. ) ;
#2715 = CARTESIAN_POINT ( 'NONE',  ( -0.6399999999999808065, 0.1519999999999999962, 1.469999999999988649 ) ) ;
#2716 = VECTOR ( 'NONE', #237, 1000.000000000000000 ) ;
#2717 = EDGE_CURVE ( 'NONE', #8311, #6141, #4206, .T. ) ;
#2718 = ORIENTED_EDGE ( 'NONE', *, *, #5848, .T. ) ;
#2719 = ORIENTED_EDGE ( 'NONE', *, *, #3933, .F. ) ;
#2720 = CARTESIAN_POINT ( 'NONE',  ( -1.470000000000000195, 0.05000000000000002359, -0.6250000000000000000 ) ) ;
#2721 = VERTEX_POINT ( 'NONE', #4520 ) ;
#2722 = ORIENTED_EDGE ( 'NONE', *, *, #2027, .T. ) ;
#2723 = VECTOR ( 'NONE', #481, 1000.000000000000000 ) ;
#2724 = DIRECTION ( 'NONE',  ( -0.000000000000000000, -1.000000000000000000, -0.000000000000000000 ) ) ;
#2725 = DIRECTION ( 'NONE',  ( -0.000000000000000000, -0.000000000000000000, -1.000000000000000000 ) ) ;
#2726 = DIRECTION ( 'NONE',  ( -0.000000000000000000, -0.000000000000000000, 1.000000000000000000 ) ) ;
#2727 = UNCERTAINTY_MEASURE_WITH_UNIT (LENGTH_MEASURE( 1.000000000000000082E-05 ), #2822, 'distance_accuracy_value', 'NONE');
#2728 = VERTEX_POINT ( 'NONE', #4361 ) ;
#2729 = PLANE ( 'NONE',  #4016 ) ;
#2730 = ORIENTED_EDGE ( 'NONE', *, *, #7705, .F. ) ;
#2731 = VERTEX_POINT ( 'NONE', #9390 ) ;
#2732 = LINE ( 'NONE', #7180, #4045 ) ;
#2733 = ORIENTED_EDGE ( 'NONE', *, *, #5806, .T. ) ;
#2734 = VECTOR ( 'NONE', #7409, 1000.000000000000000 ) ;
#2735 = DIRECTION ( 'NONE',  ( 0.000000000000000000, 1.000000000000000000, -0.000000000000000000 ) ) ;
#2736 = LINE ( 'NONE', #7039, #3363 ) ;
#2737 = FACE_OUTER_BOUND ( 'NONE', #3187, .T. ) ;
#2738 = ORIENTED_EDGE ( 'NONE', *, *, #6568, .T. ) ;
#2739 = FACE_OUTER_BOUND ( 'NONE', #6177, .T. ) ;
#2740 = VECTOR ( 'NONE', #5684, 1000.000000000000000 ) ;
#2741 = VECTOR ( 'NONE', #255, 1000.000000000000000 ) ;
#2742 = DIRECTION ( 'NONE',  ( 3.614007241618338910E-15, 0.000000000000000000, -1.000000000000000000 ) ) ;
#2743 = EDGE_LOOP ( 'NONE', ( #5601, #1669, #2059, #4146 ) ) ;
#2744 = CARTESIAN_POINT ( 'NONE',  ( -1.469999999999994866, 0.05000000000000002359, -0.3599999999999999867 ) ) ;
#2745 = DIRECTION ( 'NONE',  ( -1.000000000000000000, 0.000000000000000000, 0.000000000000000000 ) ) ;
#2746 = ADVANCED_FACE ( 'NONE', ( #4163 ), #4942, .T. ) ;
#2747 = ADVANCED_FACE ( 'NONE', ( #9341 ), #2000, .F. ) ;
#2748 = CARTESIAN_POINT ( 'NONE',  ( -1.470000000000000195, 0.1519999999999999962, -0.8599999999999999867 ) ) ;
#2749 = DIRECTION ( 'NONE',  ( 1.000000000000000000, 0.000000000000000000, -0.000000000000000000 ) ) ;
#2750 = VECTOR ( 'NONE', #5870, 1000.000000000000000 ) ;
#2751 = PLANE ( 'NONE',  #3451 ) ;
#2752 = ORIENTED_EDGE ( 'NONE', *, *, #1451, .T. ) ;
#2753 = CARTESIAN_POINT ( 'NONE',  ( 0.2500000000000043854, 0.1519999999999999962, -1.224999999999993872 ) ) ;
#2754 = LINE ( 'NONE', #4232, #2120 ) ;
#2755 = AXIS2_PLACEMENT_3D ( 'NONE', #4454, #3077, #8995 ) ;
#2756 = ORIENTED_EDGE ( 'NONE', *, *, #4724, .F. ) ;
#2757 = DIRECTION ( 'NONE',  ( 0.000000000000000000, -1.000000000000000000, 0.000000000000000000 ) ) ;
#2758 = DIRECTION ( 'NONE',  ( 0.000000000000000000, 0.000000000000000000, -1.000000000000000000 ) ) ;
#2759 = CARTESIAN_POINT ( 'NONE',  ( 1.470000000000007523, 0.05000000000000002359, 0.6399999999999691491 ) ) ;
#2760 = CIRCLE ( 'NONE', #1186, 0.1499999999999999667 ) ;
#2761 = DIRECTION ( 'NONE',  ( -0.000000000000000000, -0.000000000000000000, -1.000000000000000000 ) ) ;
#2762 = DIRECTION ( 'NONE',  ( 0.000000000000000000, -1.000000000000000000, 0.000000000000000000 ) ) ;
#2763 = EDGE_CURVE ( 'NONE', #1918, #998, #1359, .T. ) ;
#2764 = VERTEX_POINT ( 'NONE', #6401 ) ;
#2765 = ORIENTED_EDGE ( 'NONE', *, *, #6582, .T. ) ;
#2766 = DIRECTION ( 'NONE',  ( -0.000000000000000000, 1.000000000000000000, -0.000000000000000000 ) ) ;
#2767 = ORIENTED_EDGE ( 'NONE', *, *, #1686, .F. ) ;
#2768 = ORIENTED_EDGE ( 'NONE', *, *, #9664, .T. ) ;
#2769 = CARTESIAN_POINT ( 'NONE',  ( 1.469999999999997087, 0.1519999999999999962, -0.3750000000000308642 ) ) ;
#2770 = EDGE_LOOP ( 'NONE', ( #7810, #8344, #6978, #9538 ) ) ;
#2771 = CARTESIAN_POINT ( 'NONE',  ( 0.6400000000000194422, 0.1519999999999999962, 1.499999999999972689 ) ) ;
#2772 = PRESENTATION_STYLE_ASSIGNMENT (( #7864 ) ) ;
#2773 = CARTESIAN_POINT ( 'NONE',  ( 0.000000000000000000, 0.000000000000000000, 0.000000000000000000 ) ) ;
#2774 = LINE ( 'NONE', #5605, #3614 ) ;
#2775 = DIRECTION ( 'NONE',  ( -1.000000000000000000, 0.000000000000000000, 0.000000000000000000 ) ) ;
#2776 = ORIENTED_EDGE ( 'NONE', *, *, #6334, .F. ) ;
#2777 = VERTEX_POINT ( 'NONE', #6545 ) ;
#2778 = FACE_OUTER_BOUND ( 'NONE', #7522, .T. ) ;
#2779 = ORIENTED_EDGE ( 'NONE', *, *, #9053, .T. ) ;
#2780 = ORIENTED_EDGE ( 'NONE', *, *, #6609, .T. ) ;
#2781 = CARTESIAN_POINT ( 'NONE',  ( -0.6399999999999806954, 0.1519999999999999962, 1.499999999999988676 ) ) ;
#2782 = ORIENTED_EDGE ( 'NONE', *, *, #6191, .F. ) ;
#2783 = CARTESIAN_POINT ( 'NONE',  ( 1.469999999999997087, 0.1519999999999999962, -0.1400000000000309053 ) ) ;
#2784 = FACE_OUTER_BOUND ( 'NONE', #6190, .T. ) ;
#2785 = LINE ( 'NONE', #8761, #7978 ) ;
#2786 = EDGE_CURVE ( 'NONE', #7165, #2692, #6454, .T. ) ;
#2787 = EDGE_CURVE ( 'NONE', #6686, #2466, #7876, .T. ) ;
#2788 = ORIENTED_EDGE ( 'NONE', *, *, #23, .F. ) ;
#2789 = VECTOR ( 'NONE', #1259, 1000.000000000000000 ) ;
#2790 = CARTESIAN_POINT ( 'NONE',  ( -0.8750000000000126565, 0.05000000000000002359, 1.224999999999990763 ) ) ;
#2791 = CARTESIAN_POINT ( 'NONE',  ( -1.469999999999989759, 0.1519999999999999962, 0.1400000000000000411 ) ) ;
#2792 = VERTEX_POINT ( 'NONE', #578 ) ;
#2793 = CARTESIAN_POINT ( 'NONE',  ( -0.3749999999999806821, 0.1519999999999999962, 1.469999999999983320 ) ) ;
#2794 = DIRECTION ( 'NONE',  ( 0.000000000000000000, 0.000000000000000000, -1.000000000000000000 ) ) ;
#2795 = DIRECTION ( 'NONE',  ( 0.000000000000000000, 1.000000000000000000, -0.000000000000000000 ) ) ;
#2796 = CARTESIAN_POINT ( 'NONE',  ( -1.224999999999984546, 0.1519999999999999962, 0.8749999999999998890 ) ) ;
#2797 = LINE ( 'NONE', #8226, #6074 ) ;
#2798 = VERTEX_POINT ( 'NONE', #7925 ) ;
#2799 =( NAMED_UNIT ( * ) PLANE_ANGLE_UNIT ( ) SI_UNIT ( $, .RADIAN. ) );
#2800 = LINE ( 'NONE', #1921, #5550 ) ;
#2801 = AXIS2_PLACEMENT_3D ( 'NONE', #3798, #2362, #7599 ) ;
#2802 = VECTOR ( 'NONE', #5679, 1000.000000000000000 ) ;
#2803 = ADVANCED_FACE ( 'NONE', ( #5615 ), #2049, .T. ) ;
#2804 = EDGE_CURVE ( 'NONE', #1454, #9435, #8705, .T. ) ;
#2805 = EDGE_LOOP ( 'NONE', ( #1405, #6793, #3792, #4115 ) ) ;
#2806 = CARTESIAN_POINT ( 'NONE',  ( 0.6400000000000085620, 0.05000000000000002359, -4.625929269271535809E-15 ) ) ;
#2807 = DIRECTION ( 'NONE',  ( -1.000000000000000000, 0.000000000000000000, -0.000000000000000000 ) ) ;
#2808 = VECTOR ( 'NONE', #8510, 1000.000000000000000 ) ;
#2809 = AXIS2_PLACEMENT_3D ( 'NONE', #270, #6099, #4744 ) ;
#2810 = CARTESIAN_POINT ( 'NONE',  ( -0.7499999999999956701, 0.1519999999999999962, -1.224999999999986988 ) ) ;
#2811 = CARTESIAN_POINT ( 'NONE',  ( -0.6399999999999808065, 0.000000000000000000, 1.469999999999988649 ) ) ;
#2812 = PLANE ( 'NONE',  #9455 ) ;
#2813 = CIRCLE ( 'NONE', #9379, 0.1249999999999998890 ) ;
#2814 = VECTOR ( 'NONE', #8850, 1000.000000000000000 ) ;
#2815 = EDGE_LOOP ( 'NONE', ( #6171, #6402, #5508, #5052 ) ) ;
#2816 = ORIENTED_EDGE ( 'NONE', *, *, #4771, .T. ) ;
#2817 = DIRECTION ( 'NONE',  ( 1.000000000000000000, 0.000000000000000000, -4.425314989736752882E-16 ) ) ;
#2818 = ADVANCED_FACE ( 'NONE', ( #6356 ), #8611, .F. ) ;
#2819 = VERTEX_POINT ( 'NONE', #9436 ) ;
#2820 = LINE ( 'NONE', #6982, #3799 ) ;
#2821 = LINE ( 'NONE', #1989, #4901 ) ;
#2822 =( LENGTH_UNIT ( ) NAMED_UNIT ( * ) SI_UNIT ( .MILLI., .METRE. ) );
#2823 = EDGE_CURVE ( 'NONE', #2521, #2001, #4264, .T. ) ;
#2824 = DIRECTION ( 'NONE',  ( -3.614007241618338910E-15, 0.000000000000000000, 1.000000000000000000 ) ) ;
#2825 = VECTOR ( 'NONE', #8245, 1000.000000000000000 ) ;
#2826 = VECTOR ( 'NONE', #1147, 1000.000000000000000 ) ;
#2827 = CARTESIAN_POINT ( 'NONE',  ( 0.3599999999999999312, 0.05000000000000002359, 1.301042606982601574E-15 ) ) ;
#2828 = ORIENTED_EDGE ( 'NONE', *, *, #5293, .F. ) ;
#2829 = ORIENTED_EDGE ( 'NONE', *, *, #9012, .F. ) ;
#2830 = CARTESIAN_POINT ( 'NONE',  ( 0.3600000000000052047, 0.1519999999999999962, -1.469999999999993534 ) ) ;
#2831 = PRESENTATION_LAYER_ASSIGNMENT (  '', '', ( #7204 ) ) ;
#2832 = EDGE_LOOP ( 'NONE', ( #747, #3665, #983, #8703, #4531, #4479, #714, #6354 ) ) ;
#2833 = ORIENTED_EDGE ( 'NONE', *, *, #1853, .F. ) ;
#2834 = DIRECTION ( 'NONE',  ( -1.000000000000000000, 0.000000000000000000, 7.228014483236677820E-15 ) ) ;
#2835 = ORIENTED_EDGE ( 'NONE', *, *, #2561, .F. ) ;
#2836 = CARTESIAN_POINT ( 'NONE',  ( 1.224999999999991873, 0.1519999999999999962, -0.8750000000000307532 ) ) ;
#2837 = ADVANCED_FACE ( 'NONE', ( #7327 ), #5813, .F. ) ;
#2838 = PRESENTATION_STYLE_ASSIGNMENT (( #5958 ) ) ;
#2839 = CARTESIAN_POINT ( 'NONE',  ( -0.3599999999999947131, 0.000000000000000000, -1.469999999999990870 ) ) ;
#2840 = ORIENTED_EDGE ( 'NONE', *, *, #5720, .T. ) ;
#2841 = VECTOR ( 'NONE', #7391, 1000.000000000000000 ) ;
#2842 = DIRECTION ( 'NONE',  ( 1.000000000000000000, -0.000000000000000000, 3.614007241618338910E-15 ) ) ;
#2843 = LINE ( 'NONE', #4175, #1498 ) ;
#2844 = ORIENTED_EDGE ( 'NONE', *, *, #7800, .T. ) ;
#2845 = ADVANCED_FACE ( 'NONE', ( #8811 ), #5090, .F. ) ;
#2846 = CARTESIAN_POINT ( 'NONE',  ( -0.3599999999999806688, 0.000000000000000000, 1.469999999999983320 ) ) ;
#2847 = AXIS2_PLACEMENT_3D ( 'NONE', #8795, #612, #9475 ) ;
#2848 = PLANE ( 'NONE',  #7234 ) ;
#2849 = CARTESIAN_POINT ( 'NONE',  ( -0.6249999999999947820, 0.1519999999999999962, -1.469999999999986429 ) ) ;
#2850 = CARTESIAN_POINT ( 'NONE',  ( -0.7500000000000127676, 0.1519999999999999962, 1.224999999999992095 ) ) ;
#2851 = CARTESIAN_POINT ( 'NONE',  ( -1.469999999999994866, 0.1519999999999999962, -0.3750000000000000000 ) ) ;
#2852 = VERTEX_POINT ( 'NONE', #1308 ) ;
#2853 = CARTESIAN_POINT ( 'NONE',  ( -0.7500000000000127676, 0.000000000000000000, 1.224999999999992095 ) ) ;
#2854 = DIRECTION ( 'NONE',  ( -0.000000000000000000, 1.000000000000000000, -0.000000000000000000 ) ) ;
#2855 = VECTOR ( 'NONE', #2745, 1000.000000000000000 ) ;
#2856 = EDGE_CURVE ( 'NONE', #9147, #9133, #2732, .T. ) ;
#2857 = ORIENTED_EDGE ( 'NONE', *, *, #4429, .F. ) ;
#2858 = LINE ( 'NONE', #6711, #8852 ) ;
#2859 = CARTESIAN_POINT ( 'NONE',  ( -1.500000000000000222, 0.05000000000000002359, 1.500000000000000000 ) ) ;
#2860 = AXIS2_PLACEMENT_3D ( 'NONE', #91, #3876, #6059 ) ;
#2861 = EDGE_CURVE ( 'NONE', #4088, #3873, #5713, .T. ) ;
#2862 = LINE ( 'NONE', #3004, #1880 ) ;
#2863 = CARTESIAN_POINT ( 'NONE',  ( -1.470000000000000195, 0.1519999999999999962, -0.8599999999999999867 ) ) ;
#2864 = PLANE ( 'NONE',  #377 ) ;
#2865 = VECTOR ( 'NONE', #4832, 1000.000000000000000 ) ;
#2866 = ORIENTED_EDGE ( 'NONE', *, *, #743, .T. ) ;
#2867 = VERTEX_POINT ( 'NONE', #3533 ) ;
#2868 = CARTESIAN_POINT ( 'NONE',  ( 0.1400000000000052869, 0.1519999999999999962, -1.469999999999994422 ) ) ;
#2869 = ORIENTED_EDGE ( 'NONE', *, *, #6485, .T. ) ;
#2870 = DIRECTION ( 'NONE',  ( -0.000000000000000000, -1.000000000000000000, -0.000000000000000000 ) ) ;
#2871 = CARTESIAN_POINT ( 'NONE',  ( 1.469999999999997087, 0.05000000000000002359, -0.1250000000000308642 ) ) ;
#2872 = ADVANCED_FACE ( 'NONE', ( #6506 ), #9490, .T. ) ;
#2873 =( LENGTH_UNIT ( ) NAMED_UNIT ( * ) SI_UNIT ( .MILLI., .METRE. ) );
#2874 = DIRECTION ( 'NONE',  ( 0.000000000000000000, 0.000000000000000000, 1.000000000000000000 ) ) ;
#2875 = AXIS2_PLACEMENT_3D ( 'NONE', #9505, #2795, #5055 ) ;
#2876 = CARTESIAN_POINT ( 'NONE',  ( 0.3600000000000053157, 0.1519999999999999962, -1.499999999999993561 ) ) ;
#2877 = EDGE_CURVE ( 'NONE', #3807, #9617, #30, .T. ) ;
#2878 = ORIENTED_EDGE ( 'NONE', *, *, #4127, .T. ) ;
#2879 = ORIENTED_EDGE ( 'NONE', *, *, #399, .T. ) ;
#2880 = DIRECTION ( 'NONE',  ( -6.637972484605129570E-16, 0.000000000000000000, -1.000000000000000000 ) ) ;
#2881 = VECTOR ( 'NONE', #7148, 1000.000000000000000 ) ;
#2882 = ORIENTED_EDGE ( 'NONE', *, *, #2003, .T. ) ;
#2883 = ORIENTED_EDGE ( 'NONE', *, *, #9336, .T. ) ;
#2884 = EDGE_CURVE ( 'NONE', #7217, #9702, #7477, .T. ) ;
#2885 = DIRECTION ( 'NONE',  ( -0.000000000000000000, 1.000000000000000000, -0.000000000000000000 ) ) ;
#2886 = ORIENTED_EDGE ( 'NONE', *, *, #6840, .F. ) ;
#2887 = CARTESIAN_POINT ( 'NONE',  ( -0.8749999999999947820, 0.1519999999999999962, -1.469999999999987317 ) ) ;
#2888 = DIRECTION ( 'NONE',  ( -4.425314989736752882E-16, 0.000000000000000000, 1.000000000000000000 ) ) ;
#2889 = DIRECTION ( 'NONE',  ( -1.000000000000000000, 0.000000000000000000, -3.942553354492744616E-15 ) ) ;
#2890 = VERTEX_POINT ( 'NONE', #4458 ) ;
#2891 = FACE_OUTER_BOUND ( 'NONE', #6208, .T. ) ;
#2892 = DIRECTION ( 'NONE',  ( -0.000000000000000000, -0.000000000000000000, -1.000000000000000000 ) ) ;
#2893 = EDGE_CURVE ( 'NONE', #3372, #311, #9512, .T. ) ;
#2894 = AXIS2_PLACEMENT_3D ( 'NONE', #1529, #8, #7555 ) ;
#2895 = EDGE_LOOP ( 'NONE', ( #8414, #5047, #4926, #382, #4633, #6343, #1125, #115 ) ) ;
#2896 = CARTESIAN_POINT ( 'NONE',  ( -0.8599999999999805578, 0.1519999999999999962, 1.499999999999988676 ) ) ;
#2897 = CARTESIAN_POINT ( 'NONE',  ( -0.6399999999999947953, 0.1519999999999999962, -1.469999999999986429 ) ) ;
#2898 = CARTESIAN_POINT ( 'NONE',  ( 0.8750000000000192069, 0.05000000000000002359, 1.469999999999972662 ) ) ;
#2899 = DIRECTION ( 'NONE',  ( 0.000000000000000000, 1.000000000000000000, 0.000000000000000000 ) ) ;
#2900 = VERTEX_POINT ( 'NONE', #75 ) ;
#2901 = AXIS2_PLACEMENT_3D ( 'NONE', #398, #7153, #3407 ) ;
#2902 = EDGE_CURVE ( 'NONE', #3638, #1613, #1506, .T. ) ;
#2903 = FILL_AREA_STYLE_COLOUR ( '', #1732 ) ;
#2904 = CARTESIAN_POINT ( 'NONE',  ( 0.1400000000000193312, 0.1519999999999999962, 1.499999999999978240 ) ) ;
#2905 = ORIENTED_EDGE ( 'NONE', *, *, #8856, .F. ) ;
#2906 = DIRECTION ( 'NONE',  ( -6.637972484605129570E-16, 0.000000000000000000, -1.000000000000000000 ) ) ;
#2907 = VECTOR ( 'NONE', #1609, 1000.000000000000000 ) ;
#2908 = FACE_OUTER_BOUND ( 'NONE', #9300, .T. ) ;
#2909 = AXIS2_PLACEMENT_3D ( 'NONE', #6478, #6328, #3507 ) ;
#2910 = DIRECTION ( 'NONE',  ( 0.000000000000000000, 0.000000000000000000, -1.000000000000000000 ) ) ;
#2911 = EDGE_CURVE ( 'NONE', #6525, #65, #9676, .T. ) ;
#2912 = CARTESIAN_POINT ( 'NONE',  ( -1.469999999999984652, 0.000000000000000000, 0.8599999999999999867 ) ) ;
#2913 = DIRECTION ( 'NONE',  ( -0.000000000000000000, -1.000000000000000000, -0.000000000000000000 ) ) ;
#2914 = EDGE_CURVE ( 'NONE', #4642, #3087, #9040, .T. ) ;
#2915 = VECTOR ( 'NONE', #4783, 1000.000000000000000 ) ;
#2916 = VECTOR ( 'NONE', #8448, 1000.000000000000000 ) ;
#2917 = ORIENTED_EDGE ( 'NONE', *, *, #1251, .T. ) ;
#2918 = VERTEX_POINT ( 'NONE', #1406 ) ;
#2919 = DIRECTION ( 'NONE',  ( -1.000000000000000000, 0.000000000000000000, 4.425314989736752882E-16 ) ) ;
#2920 = VERTEX_POINT ( 'NONE', #6692 ) ;
#2921 = CARTESIAN_POINT ( 'NONE',  ( 0.3750000000000052736, 0.1519999999999999962, -1.469999999999993534 ) ) ;
#2922 = VECTOR ( 'NONE', #2034, 1000.000000000000000 ) ;
#2923 = DIRECTION ( 'NONE',  ( -0.000000000000000000, -1.000000000000000000, -0.000000000000000000 ) ) ;
#2924 = CARTESIAN_POINT ( 'NONE',  ( 0.8600000000000053157, 0.1519999999999999962, -1.499999999999996891 ) ) ;
#2925 = FILL_AREA_STYLE ('',( #6494 ) ) ;
#2926 = CARTESIAN_POINT ( 'NONE',  ( 0.2500000000000043854, 0.05000000000000002359, -1.224999999999993872 ) ) ;
#2927 = CARTESIAN_POINT ( 'NONE',  ( 0.1400000000000052869, 0.000000000000000000, -1.469999999999994422 ) ) ;
#2928 = ORIENTED_EDGE ( 'NONE', *, *, #8449, .F. ) ;
#2929 = EDGE_LOOP ( 'NONE', ( #3015, #1445, #7428, #119 ) ) ;
#2930 = EDGE_CURVE ( 'NONE', #6934, #957, #5290, .T. ) ;
#2931 = CARTESIAN_POINT ( 'NONE',  ( -0.3749999999999806821, 0.1519999999999999962, 1.469999999999983320 ) ) ;
#2932 = EDGE_CURVE ( 'NONE', #736, #1948, #8121, .T. ) ;
#2933 = VERTEX_POINT ( 'NONE', #9687 ) ;
#2934 = VERTEX_POINT ( 'NONE', #8862 ) ;
#2935 = CARTESIAN_POINT ( 'NONE',  ( 0.6250000000000205391, 0.05000000000000002359, 5.531643737171122911E-16 ) ) ;
#2936 = ORIENTED_EDGE ( 'NONE', *, *, #8958, .F. ) ;
#2937 = DIRECTION ( 'NONE',  ( 0.000000000000000000, 1.000000000000000000, 0.000000000000000000 ) ) ;
#2938 = CARTESIAN_POINT ( 'NONE',  ( -1.224999999999984546, 0.000000000000000000, 0.7500000000000000000 ) ) ;
#2939 = CARTESIAN_POINT ( 'NONE',  ( 0.1250000000000052458, 0.1519999999999999962, -1.469999999999994422 ) ) ;
#2940 = ORIENTED_EDGE ( 'NONE', *, *, #9321, .T. ) ;
#2941 = FACE_OUTER_BOUND ( 'NONE', #2469, .T. ) ;
#2942 = VERTEX_POINT ( 'NONE', #6001 ) ;
#2943 = CARTESIAN_POINT ( 'NONE',  ( -1.469999999999989759, 0.000000000000000000, 0.1400000000000000411 ) ) ;
#2944 = EDGE_CURVE ( 'NONE', #311, #3918, #2147, .T. ) ;
#2945 = FACE_OUTER_BOUND ( 'NONE', #7924, .T. ) ;
#2946 = CARTESIAN_POINT ( 'NONE',  ( 1.225000000000002309, 0.000000000000000000, 0.2499999999999691636 ) ) ;
#2947 = DIRECTION ( 'NONE',  ( -0.000000000000000000, 0.000000000000000000, -1.000000000000000000 ) ) ;
#2948 = EDGE_CURVE ( 'NONE', #2728, #1635, #7429, .T. ) ;
#2949 = ORIENTED_EDGE ( 'NONE', *, *, #5545, .F. ) ;
#2950 = CARTESIAN_POINT ( 'NONE',  ( 0.7500000000000193179, 0.1519999999999999962, 1.224999999999972555 ) ) ;
#2951 = CARTESIAN_POINT ( 'NONE',  ( -1.469999999999984652, 0.05000000000000002359, 0.6400000000000000133 ) ) ;
#2952 = ORIENTED_EDGE ( 'NONE', *, *, #6049, .F. ) ;
#2953 = LINE ( 'NONE', #5927, #4780 ) ;
#2954 = DIRECTION ( 'NONE',  ( -1.000000000000000000, 0.000000000000000000, 0.000000000000000000 ) ) ;
#2955 = CARTESIAN_POINT ( 'NONE',  ( 1.500000000000002442, 0.1519999999999999962, 0.3599999999999691225 ) ) ;
#2956 = STYLED_ITEM ( 'NONE', ( #5803 ), #3057 ) ;
#2957 = MANIFOLD_SOLID_BREP ( 'Boss-Extrude3[1]', #1969 ) ;
#2958 = LINE ( 'NONE', #5163, #2825 ) ;
#2959 = DIRECTION ( 'NONE',  ( 0.000000000000000000, 1.000000000000000000, -0.000000000000000000 ) ) ;
#2960 = EDGE_LOOP ( 'NONE', ( #3818, #4183, #7261, #4874 ) ) ;
#2961 = VERTEX_POINT ( 'NONE', #3081 ) ;
#2962 = CARTESIAN_POINT ( 'NONE',  ( -0.6399999999999806954, 0.1519999999999999962, 1.499999999999988676 ) ) ;
#2963 = AXIS2_PLACEMENT_3D ( 'NONE', #7405, #5839, #5887 ) ;
#2964 = ORIENTED_EDGE ( 'NONE', *, *, #7902, .T. ) ;
#2965 = PLANE ( 'NONE',  #2531 ) ;
#2966 = COLOUR_RGB ( '',0.7921568627450980005, 0.8196078431372548767, 0.9333333333333333481 ) ;
#2967 = EDGE_CURVE ( 'NONE', #3396, #3112, #2012, .T. ) ;
#2968 = ADVANCED_FACE ( 'NONE', ( #3819 ), #4593, .T. ) ;
#2969 = ORIENTED_EDGE ( 'NONE', *, *, #1420, .T. ) ;
#2970 = LINE ( 'NONE', #8483, #7398 ) ;
#2971 = DIRECTION ( 'NONE',  ( -0.000000000000000000, -1.000000000000000000, -0.000000000000000000 ) ) ;
#2972 = DIRECTION ( 'NONE',  ( 0.000000000000000000, 0.000000000000000000, 1.000000000000000000 ) ) ;
#2973 = VECTOR ( 'NONE', #1558, 1000.000000000000000 ) ;
#2974 = VECTOR ( 'NONE', #1004, 1000.000000000000000 ) ;
#2975 = ORIENTED_EDGE ( 'NONE', *, *, #8892, .T. ) ;
#2976 = ORIENTED_EDGE ( 'NONE', *, *, #7778, .T. ) ;
#2977 = CARTESIAN_POINT ( 'NONE',  ( 0.6400000000000194422, 0.05000000000000002359, 1.499999999999972689 ) ) ;
#2978 = ORIENTED_EDGE ( 'NONE', *, *, #5142, .T. ) ;
#2979 = ORIENTED_EDGE ( 'NONE', *, *, #6519, .T. ) ;
#2980 = EDGE_CURVE ( 'NONE', #90, #3026, #2386, .T. ) ;
#2981 = VECTOR ( 'NONE', #2775, 1000.000000000000000 ) ;
#2982 = CARTESIAN_POINT ( 'NONE',  ( -1.224999999999989875, 0.1519999999999999962, 0.3749999999999998890 ) ) ;
#2983 = AXIS2_PLACEMENT_3D ( 'NONE', #4822, #5592, #9366 ) ;
#2984 = CYLINDRICAL_SURFACE ( 'NONE', #3524, 0.1249999999999998890 ) ;
#2985 = DIRECTION ( 'NONE',  ( -3.614007241618338910E-15, 0.000000000000000000, 1.000000000000000000 ) ) ;
#2986 = ADVANCED_FACE ( 'NONE', ( #5370 ), #6093, .T. ) ;
#2987 = EDGE_CURVE ( 'NONE', #3172, #5368, #120, .T. ) ;
#2988 = EDGE_CURVE ( 'NONE', #2241, #4625, #8696, .T. ) ;
#2989 = VECTOR ( 'NONE', #5256, 1000.000000000000000 ) ;
#2990 = CARTESIAN_POINT ( 'NONE',  ( -1.500000000000000222, 0.000000000000000000, -0.8599999999999999867 ) ) ;
#2991 = VERTEX_POINT ( 'NONE', #418 ) ;
#2992 = DIRECTION ( 'NONE',  ( -1.000000000000000000, 0.000000000000000000, 0.000000000000000000 ) ) ;
#2993 = DIRECTION ( 'NONE',  ( -0.000000000000000000, -0.000000000000000000, -1.000000000000000000 ) ) ;
#2994 = MANIFOLD_SOLID_BREP ( 'Boss-Extrude3[2]', #8387 ) ;
#2995 = CARTESIAN_POINT ( 'NONE',  ( 0.3600000000000192490, 0.1519999999999999962, 1.469999999999977991 ) ) ;
#2996 = CARTESIAN_POINT ( 'NONE',  ( -0.8599999999999807798, 0.1519999999999999962, 1.469999999999988649 ) ) ;
#2997 = ORIENTED_EDGE ( 'NONE', *, *, #7227, .T. ) ;
#2998 = CARTESIAN_POINT ( 'NONE',  ( -1.470000000000000195, 0.05000000000000002359, -0.6400000000000000133 ) ) ;
#2999 = EDGE_CURVE ( 'NONE', #3008, #6223, #3375, .T. ) ;
#3000 = AXIS2_PLACEMENT_3D ( 'NONE', #2436, #4011, #123 ) ;
#3001 = ORIENTED_EDGE ( 'NONE', *, *, #9631, .F. ) ;
#3002 = PLANE ( 'NONE',  #3709 ) ;
#3003 = LINE ( 'NONE', #9569, #1910 ) ;
#3004 = CARTESIAN_POINT ( 'NONE',  ( 1.500000000000002442, 0.1519999999999999962, 0.3599999999999691225 ) ) ;
#3005 = VECTOR ( 'NONE', #5030, 1000.000000000000000 ) ;
#3006 = DIRECTION ( 'NONE',  ( 0.000000000000000000, 0.000000000000000000, -1.000000000000000000 ) ) ;
#3007 = CARTESIAN_POINT ( 'NONE',  ( -0.6249999999999947820, 0.1519999999999999962, -1.469999999999986429 ) ) ;
#3008 = VERTEX_POINT ( 'NONE', #1145 ) ;
#3009 = VERTEX_POINT ( 'NONE', #6346 ) ;
#3010 = DIRECTION ( 'NONE',  ( 1.000000000000000000, 0.000000000000000000, 2.212657494868376441E-16 ) ) ;
#3011 = ADVANCED_FACE ( 'NONE', ( #4980 ), #6392, .F. ) ;
#3012 = AXIS2_PLACEMENT_3D ( 'NONE', #5116, #4521, #6668 ) ;
#3013 = ORIENTED_EDGE ( 'NONE', *, *, #3568, .T. ) ;
#3014 = FACE_OUTER_BOUND ( 'NONE', #1757, .T. ) ;
#3015 = ORIENTED_EDGE ( 'NONE', *, *, #2623, .F. ) ;
#3016 = CARTESIAN_POINT ( 'NONE',  ( -1.224999999999984546, 0.1519999999999999962, 0.8749999999999998890 ) ) ;
#3017 = CARTESIAN_POINT ( 'NONE',  ( -1.469999999999994866, 0.000000000000000000, -0.1400000000000000411 ) ) ;
#3018 = DIRECTION ( 'NONE',  ( -1.000000000000000000, 0.000000000000000000, -3.942553354492745404E-15 ) ) ;
#3019 = FACE_OUTER_BOUND ( 'NONE', #8961, .T. ) ;
#3020 = AXIS2_PLACEMENT_3D ( 'NONE', #236, #1567, #8420 ) ;
#3021 = ADVANCED_FACE ( 'NONE', ( #9377 ), #1788, .F. ) ;
#3022 = ORIENTED_EDGE ( 'NONE', *, *, #4617, .T. ) ;
#3023 = ORIENTED_EDGE ( 'NONE', *, *, #3356, .T. ) ;
#3024 = CARTESIAN_POINT ( 'NONE',  ( 0.8750000000000052180, 0.1519999999999999962, -1.469999999999996865 ) ) ;
#3025 = ORIENTED_EDGE ( 'NONE', *, *, #2137, .F. ) ;
#3026 = VERTEX_POINT ( 'NONE', #4152 ) ;
#3027 = DIRECTION ( 'NONE',  ( 0.000000000000000000, 0.000000000000000000, 1.000000000000000000 ) ) ;
#3028 = VECTOR ( 'NONE', #3422, 1000.000000000000000 ) ;
#3029 = VECTOR ( 'NONE', #9043, 1000.000000000000000 ) ;
#3030 = CARTESIAN_POINT ( 'NONE',  ( 1.469999999999991980, 0.1519999999999999962, -0.8750000000000308642 ) ) ;
#3031 = LINE ( 'NONE', #7481, #9289 ) ;
#3032 = CARTESIAN_POINT ( 'NONE',  ( -1.469999999999984652, 0.1519999999999999962, 0.6400000000000000133 ) ) ;
#3033 = FACE_OUTER_BOUND ( 'NONE', #2443, .T. ) ;
#3034 = EDGE_CURVE ( 'NONE', #8119, #2132, #1196, .T. ) ;
#3035 = AXIS2_PLACEMENT_3D ( 'NONE', #5479, #138, #9109 ) ;
#3036 = VERTEX_POINT ( 'NONE', #9479 ) ;
#3037 = CARTESIAN_POINT ( 'NONE',  ( -0.1399999999999948230, 0.05000000000000002359, -1.469999999999989981 ) ) ;
#3038 = ORIENTED_EDGE ( 'NONE', *, *, #8910, .T. ) ;
#3039 = LINE ( 'NONE', #1661, #8165 ) ;
#3040 = ORIENTED_EDGE ( 'NONE', *, *, #7058, .F. ) ;
#3041 = LINE ( 'NONE', #4707, #4893 ) ;
#3042 = MANIFOLD_SOLID_BREP ( 'Boss-Extrude3[3]', #241 ) ;
#3043 = LINE ( 'NONE', #6612, #8826 ) ;
#3044 = PLANE ( 'NONE',  #9528 ) ;
#3045 = VECTOR ( 'NONE', #5374, 1000.000000000000000 ) ;
#3046 = ORIENTED_EDGE ( 'NONE', *, *, #3276, .T. ) ;
#3047 = PLANE ( 'NONE',  #4406 ) ;
#3048 = CARTESIAN_POINT ( 'NONE',  ( -0.3599999999999947131, 0.1519999999999999962, -1.469999999999990870 ) ) ;
#3049 = CIRCLE ( 'NONE', #4920, 0.1249999999999998890 ) ;
#3050 = DIRECTION ( 'NONE',  ( 0.000000000000000000, 1.000000000000000000, -0.000000000000000000 ) ) ;
#3051 = ADVANCED_FACE ( 'NONE', ( #4833 ), #8649, .T. ) ;
#3052 = ADVANCED_FACE ( 'NONE', ( #8015 ), #7469, .T. ) ;
#3053 = DIRECTION ( 'NONE',  ( 1.000000000000000000, -0.000000000000000000, 0.000000000000000000 ) ) ;
#3054 = EDGE_CURVE ( 'NONE', #7859, #7894, #7491, .T. ) ;
#3055 = VECTOR ( 'NONE', #9173, 1000.000000000000000 ) ;
#3056 = DIRECTION ( 'NONE',  ( 0.000000000000000000, 0.000000000000000000, 1.000000000000000000 ) ) ;
#3057 = MANIFOLD_SOLID_BREP ( 'Boss-Extrude3[10]', #5877 ) ;
#3058 = CARTESIAN_POINT ( 'NONE',  ( -0.3599999999999806688, 0.000000000000000000, 1.499999999999983347 ) ) ;
#3059 = DIRECTION ( 'NONE',  ( 1.000000000000000000, 0.000000000000000000, 0.000000000000000000 ) ) ;
#3060 = VECTOR ( 'NONE', #1279, 1000.000000000000000 ) ;
#3061 = VECTOR ( 'NONE', #2021, 1000.000000000000000 ) ;
#3062 = ORIENTED_EDGE ( 'NONE', *, *, #799, .T. ) ;
#3063 = DIRECTION ( 'NONE',  ( 0.000000000000000000, -0.000000000000000000, -1.000000000000000000 ) ) ;
#3064 = VERTEX_POINT ( 'NONE', #665 ) ;
#3065 = LINE ( 'NONE', #2229, #9409 ) ;
#3066 = EDGE_LOOP ( 'NONE', ( #499, #73, #5384, #3546 ) ) ;
#3067 = EDGE_CURVE ( 'NONE', #9617, #4674, #8797, .T. ) ;
#3068 = FACE_OUTER_BOUND ( 'NONE', #3759, .T. ) ;
#3069 = FACE_OUTER_BOUND ( 'NONE', #1998, .T. ) ;
#3070 = AXIS2_PLACEMENT_3D ( 'NONE', #6366, #4953, #3591 ) ;
#3071 = CLOSED_SHELL ( 'NONE', ( #816, #2381, #2818, #978, #8780, #3021, #1484, #4791, #8241, #6101 ) ) ;
#3072 = CARTESIAN_POINT ( 'NONE',  ( 1.470000000000007523, 0.1519999999999999962, 0.6249999999999691358 ) ) ;
#3073 = ADVANCED_FACE ( 'NONE', ( #8849 ), #7419, .T. ) ;
#3074 = MANIFOLD_SOLID_BREP ( 'Boss-Extrude3[9]', #4790 ) ;
#3075 = ORIENTED_EDGE ( 'NONE', *, *, #4508, .F. ) ;
#3076 = VERTEX_POINT ( 'NONE', #4301 ) ;
#3077 = DIRECTION ( 'NONE',  ( 0.000000000000000000, -1.000000000000000000, 0.000000000000000000 ) ) ;
#3078 = VECTOR ( 'NONE', #7569, 1000.000000000000000 ) ;
#3079 = ORIENTED_EDGE ( 'NONE', *, *, #4140, .F. ) ;
#3080 = ORIENTED_EDGE ( 'NONE', *, *, #868, .T. ) ;
#3081 = CARTESIAN_POINT ( 'NONE',  ( -1.499999999999984679, 0.1519999999999999962, 0.8599999999999999867 ) ) ;
#3082 = CARTESIAN_POINT ( 'NONE',  ( 0.6400000000000192202, 0.05000000000000002359, 1.469999999999972662 ) ) ;
#3083 = CARTESIAN_POINT ( 'NONE',  ( -1.469999999999994866, 0.1519999999999999962, -0.3599999999999999867 ) ) ;
#3084 = FILL_AREA_STYLE ('',( #4598 ) ) ;
#3085 = CARTESIAN_POINT ( 'NONE',  ( -1.500000000000000222, 0.000000000000000000, -0.6400000000000000133 ) ) ;
#3086 = DIRECTION ( 'NONE',  ( 1.000000000000000000, 0.000000000000000000, 0.000000000000000000 ) ) ;
#3087 = VERTEX_POINT ( 'NONE', #2136 ) ;
#3088 = CARTESIAN_POINT ( 'NONE',  ( 1.469999999999991980, 0.1519999999999999962, -0.8600000000000308509 ) ) ;
#3089 = ORIENTED_EDGE ( 'NONE', *, *, #503, .T. ) ;
#3090 = CARTESIAN_POINT ( 'NONE',  ( -1.470000000000000195, 0.1519999999999999962, -0.8599999999999999867 ) ) ;
#3091 = ORIENTED_EDGE ( 'NONE', *, *, #8377, .F. ) ;
#3092 = FACE_OUTER_BOUND ( 'NONE', #8417, .T. ) ;
#3093 = EDGE_CURVE ( 'NONE', #7094, #7205, #1447, .T. ) ;
#3094 = ADVANCED_FACE ( 'NONE', ( #4448 ), #6681, .T. ) ;
#3095 = CARTESIAN_POINT ( 'NONE',  ( -0.8749999999999807931, 0.000000000000000000, 1.469999999999988649 ) ) ;
#3096 = DIRECTION ( 'NONE',  ( -1.000000000000000000, 0.000000000000000000, -0.000000000000000000 ) ) ;
#3097 = VERTEX_POINT ( 'NONE', #7051 ) ;
#3098 = CARTESIAN_POINT ( 'NONE',  ( -1.470000000000000195, 0.1519999999999999962, -0.8750000000000000000 ) ) ;
#3099 = CARTESIAN_POINT ( 'NONE',  ( -0.2500000000000128786, 0.1519999999999999962, 1.224999999999992095 ) ) ;
#3100 = DIRECTION ( 'NONE',  ( 1.000000000000000000, 0.000000000000000000, -7.228014483236677820E-15 ) ) ;
#3101 = CARTESIAN_POINT ( 'NONE',  ( -1.499999999999995115, 0.05000000000000002359, -0.3599999999999999867 ) ) ;
#3102 = MANIFOLD_SOLID_BREP ( 'Cut-Extrude2', #5410 ) ;
#3103 = CARTESIAN_POINT ( 'NONE',  ( 0.7500000000000193179, 0.000000000000000000, 1.224999999999972555 ) ) ;
#3104 = ADVANCED_FACE ( 'NONE', ( #6864 ), #8576, .F. ) ;
#3105 = DIRECTION ( 'NONE',  ( 0.000000000000000000, -1.000000000000000000, 0.000000000000000000 ) ) ;
#3106 = EDGE_CURVE ( 'NONE', #1632, #9383, #8348, .T. ) ;
#3107 = VECTOR ( 'NONE', #1525, 1000.000000000000000 ) ;
#3108 = VERTEX_POINT ( 'NONE', #4130 ) ;
#3109 = DIRECTION ( 'NONE',  ( 0.000000000000000000, -1.000000000000000000, 0.000000000000000000 ) ) ;
#3110 = ORIENTED_EDGE ( 'NONE', *, *, #6065, .T. ) ;
#3111 = CARTESIAN_POINT ( 'NONE',  ( 0.7500000000000193179, 0.1519999999999999962, 1.224999999999972555 ) ) ;
#3112 = VERTEX_POINT ( 'NONE', #7099 ) ;
#3113 = LINE ( 'NONE', #6079, #9365 ) ;
#3114 = LINE ( 'NONE', #4870, #6412 ) ;
#3115 = CARTESIAN_POINT ( 'NONE',  ( -0.8599999999999946576, 0.000000000000000000, -1.499999999999987566 ) ) ;
#3116 = ORIENTED_EDGE ( 'NONE', *, *, #5900, .F. ) ;
#3117 = EDGE_CURVE ( 'NONE', #425, #3946, #7609, .T. ) ;
#3118 = VECTOR ( 'NONE', #3152, 1000.000000000000000 ) ;
#3119 = AXIS2_PLACEMENT_3D ( 'NONE', #4536, #2374, #802 ) ;
#3120 = ORIENTED_EDGE ( 'NONE', *, *, #5834, .F. ) ;
#3121 = ORIENTED_EDGE ( 'NONE', *, *, #2557, .F. ) ;
#3122 = DIRECTION ( 'NONE',  ( -1.000000000000000000, 0.000000000000000000, 0.000000000000000000 ) ) ;
#3123 = ORIENTED_EDGE ( 'NONE', *, *, #6673, .T. ) ;
#3124 = VERTEX_POINT ( 'NONE', #1541 ) ;
#3125 = DIRECTION ( 'NONE',  ( 1.000000000000000000, 0.000000000000000000, -5.531643737170941473E-16 ) ) ;
#3126 = ADVANCED_FACE ( 'NONE', ( #7517 ), #6038, .F. ) ;
#3127 = DIRECTION ( 'NONE',  ( 0.000000000000000000, 0.000000000000000000, 1.000000000000000000 ) ) ;
#3128 = CARTESIAN_POINT ( 'NONE',  ( -0.6249999999999947820, 0.1519999999999999962, -1.469999999999986429 ) ) ;
#3129 = CYLINDRICAL_SURFACE ( 'NONE', #7252, 0.1249999999999998890 ) ;
#3130 = FACE_OUTER_BOUND ( 'NONE', #6304, .T. ) ;
#3131 = VECTOR ( 'NONE', #9261, 1000.000000000000000 ) ;
#3132 = VECTOR ( 'NONE', #2103, 1000.000000000000000 ) ;
#3133 = DIRECTION ( 'NONE',  ( 0.000000000000000000, 0.000000000000000000, 1.000000000000000000 ) ) ;
#3134 = ORIENTED_EDGE ( 'NONE', *, *, #1697, .T. ) ;
#3135 = LINE ( 'NONE', #180, #4638 ) ;
#3136 = VECTOR ( 'NONE', #2472, 1000.000000000000000 ) ;
#3137 = ORIENTED_EDGE ( 'NONE', *, *, #5912, .T. ) ;
#3138 = AXIS2_PLACEMENT_3D ( 'NONE', #2041, #7222, #518 ) ;
#3139 = DIRECTION ( 'NONE',  ( -0.000000000000000000, -0.000000000000000000, 1.000000000000000000 ) ) ;
#3140 = ADVANCED_FACE ( 'NONE', ( #4584 ), #3808, .F. ) ;
#3141 = ORIENTED_EDGE ( 'NONE', *, *, #5546, .F. ) ;
#3142 = LINE ( 'NONE', #6796, #8641 ) ;
#3143 = CARTESIAN_POINT ( 'NONE',  ( -1.469999999999994866, 0.1519999999999999962, -0.1250000000000000000 ) ) ;
#3144 = CARTESIAN_POINT ( 'NONE',  ( -1.225000000000000089, 0.1519999999999999962, -0.6250000000000001110 ) ) ;
#3145 = EDGE_LOOP ( 'NONE', ( #1596, #8238, #179, #5379 ) ) ;
#3146 = AXIS2_PLACEMENT_3D ( 'NONE', #7258, #3563, #454 ) ;
#3147 = DIRECTION ( 'NONE',  ( 0.000000000000000000, 1.000000000000000000, -0.000000000000000000 ) ) ;
#3148 = LINE ( 'NONE', #4616, #699 ) ;
#3149 = ADVANCED_FACE ( 'NONE', ( #3068 ), #8531, .T. ) ;
#3150 = CARTESIAN_POINT ( 'NONE',  ( -0.3749999999999806821, 0.000000000000000000, 1.469999999999983320 ) ) ;
#3151 = DIRECTION ( 'NONE',  ( -0.000000000000000000, -1.000000000000000000, -0.000000000000000000 ) ) ;
#3152 = DIRECTION ( 'NONE',  ( -0.000000000000000000, -1.000000000000000000, -0.000000000000000000 ) ) ;
#3153 = ORIENTED_EDGE ( 'NONE', *, *, #6447, .T. ) ;
#3154 = DIRECTION ( 'NONE',  ( 0.000000000000000000, -1.000000000000000000, 0.000000000000000000 ) ) ;
#3155 = CARTESIAN_POINT ( 'NONE',  ( -1.469999999999989759, 0.05000000000000002359, 0.000000000000000000 ) ) ;
#3156 = VECTOR ( 'NONE', #9653, 1000.000000000000000 ) ;
#3157 = EDGE_CURVE ( 'NONE', #5800, #6487, #2322, .T. ) ;
#3158 = VERTEX_POINT ( 'NONE', #7562 ) ;
#3159 = LINE ( 'NONE', #4678, #7115 ) ;
#3160 = ORIENTED_EDGE ( 'NONE', *, *, #8973, .T. ) ;
#3161 = CARTESIAN_POINT ( 'NONE',  ( 1.225000000000007638, 0.1519999999999999962, 0.7499999999999692468 ) ) ;
#3162 = EDGE_CURVE ( 'NONE', #9102, #4310, #3113, .T. ) ;
#3163 = ORIENTED_EDGE ( 'NONE', *, *, #1530, .F. ) ;
#3164 = ADVANCED_FACE ( 'NONE', ( #4812 ), #7790, .F. ) ;
#3165 = AXIS2_PLACEMENT_3D ( 'NONE', #9029, #5306, #8297 ) ;
#3166 = LINE ( 'NONE', #6131, #8286 ) ;
#3167 = CARTESIAN_POINT ( 'NONE',  ( -1.469999999999994866, 0.1519999999999999962, -0.3599999999999999867 ) ) ;
#3168 = ORIENTED_EDGE ( 'NONE', *, *, #4762, .F. ) ;
#3169 = VECTOR ( 'NONE', #9259, 1000.000000000000000 ) ;
#3170 = MANIFOLD_SOLID_BREP ( 'Boss-Extrude3[6]', #3071 ) ;
#3171 = VERTEX_POINT ( 'NONE', #5005 ) ;
#3172 = VERTEX_POINT ( 'NONE', #7990 ) ;
#3173 = DIRECTION ( 'NONE',  ( 0.000000000000000000, 0.000000000000000000, -1.000000000000000000 ) ) ;
#3174 = ORIENTED_EDGE ( 'NONE', *, *, #5720, .F. ) ;
#3175 = EDGE_LOOP ( 'NONE', ( #5286, #5414, #2300, #3529 ) ) ;
#3176 = EDGE_CURVE ( 'NONE', #5844, #1637, #897, .T. ) ;
#3177 = LINE ( 'NONE', #5278, #5065 ) ;
#3178 = PRESENTATION_STYLE_ASSIGNMENT (( #80 ) ) ;
#3179 = CARTESIAN_POINT ( 'NONE',  ( 0.6250000000000194289, 0.000000000000000000, 1.224999999999972555 ) ) ;
#3180 = AXIS2_PLACEMENT_3D ( 'NONE', #5873, #5966, #8184 ) ;
#3181 = DIRECTION ( 'NONE',  ( -0.000000000000000000, -1.000000000000000000, -0.000000000000000000 ) ) ;
#3182 = EDGE_CURVE ( 'NONE', #4784, #8159, #2702, .T. ) ;
#3183 = ORIENTED_EDGE ( 'NONE', *, *, #44, .F. ) ;
#3184 = CARTESIAN_POINT ( 'NONE',  ( 0.1250000000000192901, 0.1519999999999999962, 1.469999999999977991 ) ) ;
#3185 = AXIS2_PLACEMENT_3D ( 'NONE', #4253, #1446, #3670 ) ;
#3186 = VERTEX_POINT ( 'NONE', #2652 ) ;
#3187 = EDGE_LOOP ( 'NONE', ( #2260, #6782, #7072, #5123 ) ) ;
#3188 = DIRECTION ( 'NONE',  ( 1.000000000000000000, 0.000000000000000000, 0.000000000000000000 ) ) ;
#3189 = ORIENTED_EDGE ( 'NONE', *, *, #9101, .F. ) ;
#3190 = PLANE ( 'NONE',  #7552 ) ;
#3191 = CARTESIAN_POINT ( 'NONE',  ( -0.6249999999999807931, 0.05000000000000002359, 1.469999999999988649 ) ) ;
#3192 = CARTESIAN_POINT ( 'NONE',  ( 0.6400000000000192202, 0.1519999999999999962, 1.469999999999972662 ) ) ;
#3193 = ORIENTED_EDGE ( 'NONE', *, *, #6811, .T. ) ;
#3194 = AXIS2_PLACEMENT_3D ( 'NONE', #3975, #4663, #8375 ) ;
#3195 = CARTESIAN_POINT ( 'NONE',  ( 1.500000000000007550, 0.1519999999999999962, 0.6399999999999691491 ) ) ;
#3196 = CARTESIAN_POINT ( 'NONE',  ( 0.6400000000000053424, 0.1519999999999999962, -1.499999999999997780 ) ) ;
#3197 = EDGE_CURVE ( 'NONE', #7811, #1714, #9354, .T. ) ;
#3198 = VERTEX_POINT ( 'NONE', #1967 ) ;
#3199 = CARTESIAN_POINT ( 'NONE',  ( 0.6400000000000052314, 0.000000000000000000, -1.469999999999997753 ) ) ;
#3200 = CARTESIAN_POINT ( 'NONE',  ( 0.7500000000000043299, 0.1519999999999999962, -1.224999999999997424 ) ) ;
#3201 = DIRECTION ( 'NONE',  ( 0.000000000000000000, -1.000000000000000000, 0.000000000000000000 ) ) ;
#3202 = DIRECTION ( 'NONE',  ( -0.000000000000000000, -1.000000000000000000, -0.000000000000000000 ) ) ;
#3203 = ORIENTED_EDGE ( 'NONE', *, *, #6689, .F. ) ;
#3204 = CARTESIAN_POINT ( 'NONE',  ( 0.8750000000000192069, 0.000000000000000000, 1.224999999999972555 ) ) ;
#3205 = LINE ( 'NONE', #6324, #1791 ) ;
#3206 = EDGE_LOOP ( 'NONE', ( #1700, #3183, #1988, #4843 ) ) ;
#3207 = LINE ( 'NONE', #106, #700 ) ;
#3208 = CIRCLE ( 'NONE', #225, 0.1249999999999998890 ) ;
#3209 = VERTEX_POINT ( 'NONE', #5632 ) ;
#3210 = CARTESIAN_POINT ( 'NONE',  ( -1.500000000000000222, 0.1519999999999999962, -0.6400000000000000133 ) ) ;
#3211 = EDGE_CURVE ( 'NONE', #5975, #577, #8627, .T. ) ;
#3212 = ADVANCED_FACE ( 'NONE', ( #7295 ), #5777, .F. ) ;
#3213 = PLANE ( 'NONE',  #2349 ) ;
#3214 = CARTESIAN_POINT ( 'NONE',  ( -0.6249999999999947820, 0.05000000000000002359, -1.469999999999986429 ) ) ;
#3215 = CARTESIAN_POINT ( 'NONE',  ( 0.1250000000000052458, 0.1519999999999999962, -1.469999999999994422 ) ) ;
#3216 = VECTOR ( 'NONE', #926, 1000.000000000000000 ) ;
#3217 = AXIS2_PLACEMENT_3D ( 'NONE', #1282, #1330, #550 ) ;
#3218 = VERTEX_POINT ( 'NONE', #9560 ) ;
#3219 = ORIENTED_EDGE ( 'NONE', *, *, #2029, .F. ) ;
#3220 = DIRECTION ( 'NONE',  ( 0.000000000000000000, 0.000000000000000000, 1.000000000000000000 ) ) ;
#3221 = ORIENTED_EDGE ( 'NONE', *, *, #5753, .T. ) ;
#3222 = EDGE_LOOP ( 'NONE', ( #9111, #2978, #9030, #545 ) ) ;
#3223 = VECTOR ( 'NONE', #386, 1000.000000000000000 ) ;
#3224 = CARTESIAN_POINT ( 'NONE',  ( 1.470000000000002416, 0.05000000000000002359, 0.1249999999999691358 ) ) ;
#3225 = DIRECTION ( 'NONE',  ( 0.000000000000000000, 1.000000000000000000, -0.000000000000000000 ) ) ;
#3226 = CARTESIAN_POINT ( 'NONE',  ( -1.499999999999984679, 0.1519999999999999962, 0.8599999999999999867 ) ) ;
#3227 = PLANE ( 'NONE',  #2809 ) ;
#3228 = LINE ( 'NONE', #271, #4229 ) ;
#3229 = EDGE_CURVE ( 'NONE', #6450, #4726, #1916, .T. ) ;
#3230 = EDGE_CURVE ( 'NONE', #3921, #4509, #8127, .T. ) ;
#3231 = VECTOR ( 'NONE', #9432, 1000.000000000000000 ) ;
#3232 = EDGE_LOOP ( 'NONE', ( #4327, #1413, #70, #8188 ) ) ;
#3233 = DIRECTION ( 'NONE',  ( -0.000000000000000000, -1.000000000000000000, -0.000000000000000000 ) ) ;
#3234 = ORIENTED_EDGE ( 'NONE', *, *, #5610, .F. ) ;
#3235 = EDGE_LOOP ( 'NONE', ( #1985, #8305, #564, #2331 ) ) ;
#3236 = LINE ( 'NONE', #89, #1280 ) ;
#3237 = ORIENTED_EDGE ( 'NONE', *, *, #60, .F. ) ;
#3238 = DIRECTION ( 'NONE',  ( -0.000000000000000000, -1.000000000000000000, -0.000000000000000000 ) ) ;
#3239 = DIRECTION ( 'NONE',  ( 1.000000000000000000, 0.000000000000000000, -0.000000000000000000 ) ) ;
#3240 = DIRECTION ( 'NONE',  ( 1.000000000000000000, 0.000000000000000000, 0.000000000000000000 ) ) ;
#3241 = VECTOR ( 'NONE', #2574, 1000.000000000000000 ) ;
#3242 = ORIENTED_EDGE ( 'NONE', *, *, #695, .F. ) ;
#3243 = SURFACE_STYLE_FILL_AREA ( #6160 ) ;
#3244 = DIRECTION ( 'NONE',  ( -0.000000000000000000, -1.000000000000000000, -0.000000000000000000 ) ) ;
#3245 = EDGE_CURVE ( 'NONE', #1632, #363, #3598, .T. ) ;
#3246 = VERTEX_POINT ( 'NONE', #7245 ) ;
#3247 = FACE_OUTER_BOUND ( 'NONE', #5949, .T. ) ;
#3248 = ADVANCED_FACE ( 'NONE', ( #5056 ), #8040, .F. ) ;
#3249 = LINE ( 'NONE', #5942, #676 ) ;
#3250 = LINE ( 'NONE', #4624, #8585 ) ;
#3251 = EDGE_LOOP ( 'NONE', ( #2148, #3944, #5281, #1175 ) ) ;
#3252 = DIRECTION ( 'NONE',  ( 1.000000000000000000, -0.000000000000000000, -0.000000000000000000 ) ) ;
#3253 = FACE_OUTER_BOUND ( 'NONE', #5989, .T. ) ;
#3254 = VERTEX_POINT ( 'NONE', #8825 ) ;
#3255 = DIRECTION ( 'NONE',  ( 0.000000000000000000, -1.000000000000000000, 0.000000000000000000 ) ) ;
#3256 = VERTEX_POINT ( 'NONE', #8090 ) ;
#3257 = LINE ( 'NONE', #7704, #7689 ) ;
#3258 = DIRECTION ( 'NONE',  ( -6.637972484605129570E-16, 0.000000000000000000, -1.000000000000000000 ) ) ;
#3259 = AXIS2_PLACEMENT_3D ( 'NONE', #1650, #9092, #8358 ) ;
#3260 = CARTESIAN_POINT ( 'NONE',  ( 1.225000000000002309, 0.1519999999999999962, 0.1249999999999692607 ) ) ;
#3261 = DIRECTION ( 'NONE',  ( 1.000000000000000000, -0.000000000000000000, -0.000000000000000000 ) ) ;
#3262 = EDGE_CURVE ( 'NONE', #4165, #4491, #5107, .T. ) ;
#3263 = ORIENTED_EDGE ( 'NONE', *, *, #4307, .F. ) ;
#3264 = ORIENTED_EDGE ( 'NONE', *, *, #2141, .F. ) ;
#3265 = FACE_OUTER_BOUND ( 'NONE', #4689, .T. ) ;
#3266 = EDGE_CURVE ( 'NONE', #8593, #1346, #7149, .T. ) ;
#3267 = EDGE_LOOP ( 'NONE', ( #9644, #4545, #1130, #8398 ) ) ;
#3268 = ORIENTED_EDGE ( 'NONE', *, *, #1123, .T. ) ;
#3269 = VECTOR ( 'NONE', #859, 1000.000000000000000 ) ;
#3270 = CARTESIAN_POINT ( 'NONE',  ( -1.469999999999989759, 0.1519999999999999962, 0.3750000000000000000 ) ) ;
#3271 = LINE ( 'NONE', #4597, #3794 ) ;
#3272 = DIRECTION ( 'NONE',  ( 3.872150616019659031E-15, 0.000000000000000000, -1.000000000000000000 ) ) ;
#3273 = PLANE ( 'NONE',  #7509 ) ;
#3274 = DIRECTION ( 'NONE',  ( 1.000000000000000000, 0.000000000000000000, 0.000000000000000000 ) ) ;
#3275 =( GEOMETRIC_REPRESENTATION_CONTEXT ( 3 ) GLOBAL_UNCERTAINTY_ASSIGNED_CONTEXT ( ( #2727 ) ) GLOBAL_UNIT_ASSIGNED_CONTEXT ( ( #2822, #8895, #6729 ) ) REPRESENTATION_CONTEXT ( 'NONE', 'WORKASPACE' ) );
#3276 = EDGE_CURVE ( 'NONE', #3830, #6525, #1171, .T. ) ;
#3277 = ORIENTED_EDGE ( 'NONE', *, *, #9349, .F. ) ;
#3278 = DIRECTION ( 'NONE',  ( -1.000000000000000000, 0.000000000000000000, -3.942553354492744616E-15 ) ) ;
#3279 = ORIENTED_EDGE ( 'NONE', *, *, #8587, .T. ) ;
#3280 = ORIENTED_EDGE ( 'NONE', *, *, #1419, .T. ) ;
#3281 = CARTESIAN_POINT ( 'NONE',  ( -0.2500000000000128786, 0.000000000000000000, 1.224999999999992095 ) ) ;
#3282 = EDGE_LOOP ( 'NONE', ( #6212, #3237, #624, #513, #4916, #6289, #324, #8540 ) ) ;
#3283 = AXIS2_PLACEMENT_3D ( 'NONE', #2343, #817, #8775 ) ;
#3284 = DIRECTION ( 'NONE',  ( 0.000000000000000000, 0.000000000000000000, -1.000000000000000000 ) ) ;
#3285 = EDGE_CURVE ( 'NONE', #2721, #1641, #6418, .T. ) ;
#3286 = EDGE_CURVE ( 'NONE', #4500, #7833, #93, .T. ) ;
#3287 = EDGE_CURVE ( 'NONE', #998, #9036, #7493, .T. ) ;
#3288 = FACE_OUTER_BOUND ( 'NONE', #8767, .T. ) ;
#3289 = DIRECTION ( 'NONE',  ( -0.000000000000000000, -1.000000000000000000, -0.000000000000000000 ) ) ;
#3290 = VERTEX_POINT ( 'NONE', #9059 ) ;
#3291 = DIRECTION ( 'NONE',  ( 0.000000000000000000, 0.000000000000000000, -1.000000000000000000 ) ) ;
#3292 = PLANE ( 'NONE',  #1165 ) ;
#3293 = AXIS2_PLACEMENT_3D ( 'NONE', #9679, #21, #804 ) ;
#3294 = AXIS2_PLACEMENT_3D ( 'NONE', #3032, #8175, #6695 ) ;
#3295 = VERTEX_POINT ( 'NONE', #6703 ) ;
#3296 = DIRECTION ( 'NONE',  ( -1.309893236962104487E-13, 0.000000000000000000, -1.000000000000000000 ) ) ;
#3297 = CARTESIAN_POINT ( 'NONE',  ( 0.6400000000000192202, 0.1519999999999999962, 1.469999999999972662 ) ) ;
#3298 = DIRECTION ( 'NONE',  ( -3.982783490763077545E-15, 0.000000000000000000, 1.000000000000000000 ) ) ;
#3299 = FILL_AREA_STYLE ('',( #3898 ) ) ;
#3300 = AXIS2_PLACEMENT_3D ( 'NONE', #9666, #6671, #5981 ) ;
#3301 = VECTOR ( 'NONE', #2678, 1000.000000000000000 ) ;
#3302 = ADVANCED_FACE ( 'NONE', ( #2354 ), #1569, .T. ) ;
#3303 = DIRECTION ( 'NONE',  ( 0.000000000000000000, 0.000000000000000000, -1.000000000000000000 ) ) ;
#3304 = EDGE_LOOP ( 'NONE', ( #6460, #7510, #1326, #3895, #7715, #9406, #1897, #5403 ) ) ;
#3305 = DIRECTION ( 'NONE',  ( -2.212657494868376441E-16, 0.000000000000000000, 1.000000000000000000 ) ) ;
#3306 = CARTESIAN_POINT ( 'NONE',  ( -1.469999999999984652, 0.1519999999999999962, 0.6250000000000000000 ) ) ;
#3307 = EDGE_CURVE ( 'NONE', #4158, #8294, #8327, .T. ) ;
#3308 = VERTEX_POINT ( 'NONE', #778 ) ;
#3309 = CARTESIAN_POINT ( 'NONE',  ( 1.499999999999992006, 0.1519999999999999962, -0.8600000000000308509 ) ) ;
#3310 = DIRECTION ( 'NONE',  ( -0.000000000000000000, -1.000000000000000000, -0.000000000000000000 ) ) ;
#3311 = DIRECTION ( 'NONE',  ( 1.000000000000000000, 0.000000000000000000, 0.000000000000000000 ) ) ;
#3312 = VECTOR ( 'NONE', #8716, 1000.000000000000000 ) ;
#3313 = DIRECTION ( 'NONE',  ( 0.000000000000000000, -1.000000000000000000, 0.000000000000000000 ) ) ;
#3314 = LINE ( 'NONE', #1828, #2916 ) ;
#3315 = ADVANCED_FACE ( 'NONE', ( #4514 ), #3044, .F. ) ;
#3316 = ORIENTED_EDGE ( 'NONE', *, *, #5270, .T. ) ;
#3317 = ORIENTED_EDGE ( 'NONE', *, *, #5328, .T. ) ;
#3318 = LINE ( 'NONE', #3417, #8392 ) ;
#3319 = AXIS2_PLACEMENT_3D ( 'NONE', #4445, #4532, #846 ) ;
#3320 = ORIENTED_EDGE ( 'NONE', *, *, #6622, .F. ) ;
#3321 = ORIENTED_EDGE ( 'NONE', *, *, #1554, .F. ) ;
#3322 = CARTESIAN_POINT ( 'NONE',  ( 1.224999999999991873, 0.1519999999999999962, -0.7500000000000307532 ) ) ;
#3323 = CARTESIAN_POINT ( 'NONE',  ( 0.3600000000000053157, 0.1519999999999999962, -1.499999999999993561 ) ) ;
#3324 = CARTESIAN_POINT ( 'NONE',  ( 0.6400000000000192202, 0.1519999999999999962, 1.469999999999972662 ) ) ;
#3325 = DIRECTION ( 'NONE',  ( 1.000000000000000000, 0.000000000000000000, -7.228014483236677820E-15 ) ) ;
#3326 = EDGE_CURVE ( 'NONE', #2161, #2654, #1519, .T. ) ;
#3327 = CARTESIAN_POINT ( 'NONE',  ( 0.1400000000000053701, 0.1519999999999999962, -1.499999999999994449 ) ) ;
#3328 = VECTOR ( 'NONE', #3151, 1000.000000000000000 ) ;
#3329 = UNCERTAINTY_MEASURE_WITH_UNIT (LENGTH_MEASURE( 1.000000000000000082E-05 ), #533, 'distance_accuracy_value', 'NONE');
#3330 = ORIENTED_EDGE ( 'NONE', *, *, #5388, .T. ) ;
#3331 = DIRECTION ( 'NONE',  ( -0.000000000000000000, -1.000000000000000000, -0.000000000000000000 ) ) ;
#3332 = EDGE_LOOP ( 'NONE', ( #3368, #9447, #7729, #8845 ) ) ;
#3333 = ORIENTED_EDGE ( 'NONE', *, *, #181, .T. ) ;
#3334 = DIRECTION ( 'NONE',  ( -0.000000000000000000, -1.000000000000000000, -0.000000000000000000 ) ) ;
#3335 = VERTEX_POINT ( 'NONE', #6613 ) ;
#3336 = VECTOR ( 'NONE', #7738, 1000.000000000000000 ) ;
#3337 = CARTESIAN_POINT ( 'NONE',  ( 0.3750000000000052736, 0.000000000000000000, -1.469999999999993534 ) ) ;
#3338 =( NAMED_UNIT ( * ) PLANE_ANGLE_UNIT ( ) SI_UNIT ( $, .RADIAN. ) );
#3339 = DIRECTION ( 'NONE',  ( -2.212657494868376441E-16, -0.000000000000000000, 1.000000000000000000 ) ) ;
#3340 = EDGE_CURVE ( 'NONE', #7526, #1117, #9015, .T. ) ;
#3341 = EDGE_CURVE ( 'NONE', #2572, #3076, #1707, .T. ) ;
#3342 = EDGE_LOOP ( 'NONE', ( #2733, #5660, #6966, #8706 ) ) ;
#3343 = DIRECTION ( 'NONE',  ( 0.000000000000000000, 1.000000000000000000, 0.000000000000000000 ) ) ;
#3344 = PLANE ( 'NONE',  #6949 ) ;
#3345 = AXIS2_PLACEMENT_3D ( 'NONE', #7282, #9492, #7383 ) ;
#3346 = ORIENTED_EDGE ( 'NONE', *, *, #2324, .T. ) ;
#3347 = DIRECTION ( 'NONE',  ( 0.000000000000000000, -1.000000000000000000, 0.000000000000000000 ) ) ;
#3348 = CARTESIAN_POINT ( 'NONE',  ( -1.499999999999989786, 0.1519999999999999962, 0.3599999999999999867 ) ) ;
#3349 = CARTESIAN_POINT ( 'NONE',  ( 1.470000000000007523, 0.1519999999999999962, 0.8599999999999691225 ) ) ;
#3350 = SURFACE_SIDE_STYLE ('',( #2282 ) ) ;
#3351 = VECTOR ( 'NONE', #9331, 1000.000000000000000 ) ;
#3352 = CARTESIAN_POINT ( 'NONE',  ( -1.469999999999994866, 0.1519999999999999962, -0.1400000000000000411 ) ) ;
#3353 = ORIENTED_EDGE ( 'NONE', *, *, #5126, .F. ) ;
#3354 = CARTESIAN_POINT ( 'NONE',  ( -1.224999999999989875, 0.1519999999999999962, 0.1250000000000001110 ) ) ;
#3355 = CARTESIAN_POINT ( 'NONE',  ( -0.2500000000000128786, 0.05000000000000002359, 1.224999999999992095 ) ) ;
#3356 = EDGE_CURVE ( 'NONE', #462, #7821, #8965, .T. ) ;
#3357 = ADVANCED_FACE ( 'NONE', ( #8138 ), #8920, .F. ) ;
#3358 = AXIS2_PLACEMENT_3D ( 'NONE', #2256, #8277, #3742 ) ;
#3359 = ORIENTED_EDGE ( 'NONE', *, *, #3765, .F. ) ;
#3360 = CARTESIAN_POINT ( 'NONE',  ( 0.2500000000000192624, 0.1519999999999999962, 1.099999999999978106 ) ) ;
#3361 = LINE ( 'NONE', #2074, #6284 ) ;
#3362 = CARTESIAN_POINT ( 'NONE',  ( -1.469999999999989759, 0.1519999999999999962, 0.3599999999999999867 ) ) ;
#3363 = VECTOR ( 'NONE', #1158, 1000.000000000000000 ) ;
#3364 = EDGE_CURVE ( 'NONE', #9164, #7743, #4424, .T. ) ;
#3365 = CARTESIAN_POINT ( 'NONE',  ( -0.1249999999999807099, 0.1519999999999999962, 1.469999999999983320 ) ) ;
#3366 = DIRECTION ( 'NONE',  ( 0.000000000000000000, -1.000000000000000000, 0.000000000000000000 ) ) ;
#3367 = VECTOR ( 'NONE', #8246, 1000.000000000000000 ) ;
#3368 = ORIENTED_EDGE ( 'NONE', *, *, #6004, .T. ) ;
#3369 = ORIENTED_EDGE ( 'NONE', *, *, #2294, .T. ) ;
#3370 = LINE ( 'NONE', #7164, #4956 ) ;
#3371 = ADVANCED_FACE ( 'NONE', ( #688 ), #9656, .T. ) ;
#3372 = VERTEX_POINT ( 'NONE', #5198 ) ;
#3373 = ORIENTED_EDGE ( 'NONE', *, *, #9558, .T. ) ;
#3374 = DIRECTION ( 'NONE',  ( 1.000000000000000000, 0.000000000000000000, -4.425314989736752882E-16 ) ) ;
#3375 = LINE ( 'NONE', #4201, #9048 ) ;
#3376 = ADVANCED_FACE ( 'NONE', ( #1473 ), #3743, .T. ) ;
#3377 = DIRECTION ( 'NONE',  ( 1.000000000000000000, -0.000000000000000000, -0.000000000000000000 ) ) ;
#3378 = LINE ( 'NONE', #6495, #8602 ) ;
#3379 = VECTOR ( 'NONE', #5119, 1000.000000000000000 ) ;
#3380 = LINE ( 'NONE', #4257, #5472 ) ;
#3381 = VERTEX_POINT ( 'NONE', #9701 ) ;
#3382 = LINE ( 'NONE', #1843, #7445 ) ;
#3383 = VERTEX_POINT ( 'NONE', #5970 ) ;
#3384 = EDGE_LOOP ( 'NONE', ( #4262, #515, #1439, #6997 ) ) ;
#3385 = CARTESIAN_POINT ( 'NONE',  ( -1.224999999999989875, 0.1519999999999999962, 0.2500000000000000000 ) ) ;
#3386 = VECTOR ( 'NONE', #2564, 1000.000000000000000 ) ;
#3387 = ORIENTED_EDGE ( 'NONE', *, *, #95, .T. ) ;
#3388 = CARTESIAN_POINT ( 'NONE',  ( 0.1400000000000193312, 0.1519999999999999962, 1.469999999999977991 ) ) ;
#3389 = FACE_OUTER_BOUND ( 'NONE', #2455, .T. ) ;
#3390 = DIRECTION ( 'NONE',  ( -0.000000000000000000, -1.000000000000000000, -0.000000000000000000 ) ) ;
#3391 = ORIENTED_EDGE ( 'NONE', *, *, #3182, .T. ) ;
#3392 = AXIS2_PLACEMENT_3D ( 'NONE', #4174, #4271, #1908 ) ;
#3393 = LINE ( 'NONE', #9254, #8774 ) ;
#3394 = CARTESIAN_POINT ( 'NONE',  ( -0.3599999999999947131, 0.05000000000000002359, -1.469999999999990870 ) ) ;
#3395 = CARTESIAN_POINT ( 'NONE',  ( 1.469999999999991980, 0.1519999999999999962, -0.6250000000000308642 ) ) ;
#3396 = VERTEX_POINT ( 'NONE', #2257 ) ;
#3397 = ADVANCED_FACE ( 'NONE', ( #5246 ), #8236, .T. ) ;
#3398 = CARTESIAN_POINT ( 'NONE',  ( -0.6249999999999807931, 0.1519999999999999962, 1.469999999999988649 ) ) ;
#3399 = EDGE_CURVE ( 'NONE', #2132, #5381, #6308, .T. ) ;
#3400 = VECTOR ( 'NONE', #4197, 1000.000000000000000 ) ;
#3401 = PLANE ( 'NONE',  #5349 ) ;
#3402 = DIRECTION ( 'NONE',  ( -0.000000000000000000, -1.000000000000000000, -0.000000000000000000 ) ) ;
#3403 =( LENGTH_UNIT ( ) NAMED_UNIT ( * ) SI_UNIT ( .MILLI., .METRE. ) );
#3404 = PLANE ( 'NONE',  #142 ) ;
#3405 = EDGE_LOOP ( 'NONE', ( #7734, #4800, #1710, #7513 ) ) ;
#3406 = DIRECTION ( 'NONE',  ( 0.000000000000000000, 0.000000000000000000, 1.000000000000000000 ) ) ;
#3407 = DIRECTION ( 'NONE',  ( -1.000000000000000000, 0.000000000000000000, -0.000000000000000000 ) ) ;
#3408 = ORIENTED_EDGE ( 'NONE', *, *, #9114, .T. ) ;
#3409 = PLANE ( 'NONE',  #1173 ) ;
#3410 = CARTESIAN_POINT ( 'NONE',  ( 0.3750000000000193179, 0.1519999999999999962, 1.469999999999977991 ) ) ;
#3411 = ADVANCED_FACE ( 'NONE', ( #4711 ), #877, .T. ) ;
#3412 = CARTESIAN_POINT ( 'NONE',  ( 1.469999999999991980, 0.05000000000000002359, -0.8600000000000308509 ) ) ;
#3413 = FACE_OUTER_BOUND ( 'NONE', #2051, .T. ) ;
#3414 = DIRECTION ( 'NONE',  ( 0.000000000000000000, 0.000000000000000000, -1.000000000000000000 ) ) ;
#3415 = VERTEX_POINT ( 'NONE', #1805 ) ;
#3416 = ORIENTED_EDGE ( 'NONE', *, *, #6039, .T. ) ;
#3417 = CARTESIAN_POINT ( 'NONE',  ( -1.469999999999989759, 0.1519999999999999962, 0.1400000000000000411 ) ) ;
#3418 = ORIENTED_EDGE ( 'NONE', *, *, #1994, .T. ) ;
#3419 = VERTEX_POINT ( 'NONE', #6986 ) ;
#3420 = LINE ( 'NONE', #1001, #1132 ) ;
#3421 =( NAMED_UNIT ( * ) PLANE_ANGLE_UNIT ( ) SI_UNIT ( $, .RADIAN. ) );
#3422 = DIRECTION ( 'NONE',  ( 0.000000000000000000, -1.000000000000000000, 0.000000000000000000 ) ) ;
#3423 = DIRECTION ( 'NONE',  ( 0.000000000000000000, -1.000000000000000000, 0.000000000000000000 ) ) ;
#3424 = DIRECTION ( 'NONE',  ( 4.425314989736752882E-16, -0.000000000000000000, 1.000000000000000000 ) ) ;
#3425 = EDGE_CURVE ( 'NONE', #4715, #7651, #6892, .T. ) ;
#3426 = UNCERTAINTY_MEASURE_WITH_UNIT (LENGTH_MEASURE( 1.000000000000000082E-05 ), #3403, 'distance_accuracy_value', 'NONE');
#3427 = MECHANICAL_DESIGN_GEOMETRIC_PRESENTATION_REPRESENTATION (  '', ( #7634 ), #439 ) ;
#3428 = ORIENTED_EDGE ( 'NONE', *, *, #2344, .T. ) ;
#3429 = FACE_OUTER_BOUND ( 'NONE', #2215, .T. ) ;
#3430 = ORIENTED_EDGE ( 'NONE', *, *, #1579, .F. ) ;
#3431 = ORIENTED_EDGE ( 'NONE', *, *, #301, .T. ) ;
#3432 = DIRECTION ( 'NONE',  ( -1.000000000000000000, 0.000000000000000000, -0.000000000000000000 ) ) ;
#3433 = ORIENTED_EDGE ( 'NONE', *, *, #6389, .T. ) ;
#3434 = CARTESIAN_POINT ( 'NONE',  ( 0.3600000000000053157, 0.1519999999999999962, -1.499999999999993561 ) ) ;
#3435 = DIRECTION ( 'NONE',  ( 0.000000000000000000, 0.000000000000000000, 1.000000000000000000 ) ) ;
#3436 = DIRECTION ( 'NONE',  ( 0.000000000000000000, 0.000000000000000000, 1.000000000000000000 ) ) ;
#3437 = AXIS2_PLACEMENT_3D ( 'NONE', #5604, #4931, #8211 ) ;
#3438 = EDGE_LOOP ( 'NONE', ( #2545, #6298, #935, #7664 ) ) ;
#3439 = LINE ( 'NONE', #7093, #3543 ) ;
#3440 = DIRECTION ( 'NONE',  ( 0.000000000000000000, 0.000000000000000000, 1.000000000000000000 ) ) ;
#3441 = ADVANCED_FACE ( 'NONE', ( #6940 ), #7040, .F. ) ;
#3442 = VECTOR ( 'NONE', #8001, 1000.000000000000000 ) ;
#3443 = ORIENTED_EDGE ( 'NONE', *, *, #7026, .F. ) ;
#3444 = VECTOR ( 'NONE', #5150, 1000.000000000000000 ) ;
#3445 = CARTESIAN_POINT ( 'NONE',  ( -0.1399999999999807510, 0.1519999999999999962, 1.469999999999983320 ) ) ;
#3446 = DIRECTION ( 'NONE',  ( 0.000000000000000000, -0.000000000000000000, 1.000000000000000000 ) ) ;
#3447 = CARTESIAN_POINT ( 'NONE',  ( 0.6400000000000192202, 0.1519999999999999962, 1.469999999999972662 ) ) ;
#3448 = DIRECTION ( 'NONE',  ( -3.097720492815727067E-15, 0.000000000000000000, 1.000000000000000000 ) ) ;
#3449 = LINE ( 'NONE', #9405, #8281 ) ;
#3450 = ORIENTED_EDGE ( 'NONE', *, *, #1575, .T. ) ;
#3451 = AXIS2_PLACEMENT_3D ( 'NONE', #2015, #4333, #1275 ) ;
#3452 = VECTOR ( 'NONE', #9600, 1000.000000000000000 ) ;
#3453 = EDGE_CURVE ( 'NONE', #8871, #6596, #2403, .T. ) ;
#3454 = LINE ( 'NONE', #2558, #5786 ) ;
#3455 = DIRECTION ( 'NONE',  ( 0.000000000000000000, 0.000000000000000000, -1.000000000000000000 ) ) ;
#3456 = ORIENTED_EDGE ( 'NONE', *, *, #775, .T. ) ;
#3457 = PLANE ( 'NONE',  #9000 ) ;
#3458 = AXIS2_PLACEMENT_3D ( 'NONE', #3512, #5548, #4143 ) ;
#3459 = CYLINDRICAL_SURFACE ( 'NONE', #7224, 0.1249999999999998890 ) ;
#3460 = VECTOR ( 'NONE', #5751, 1000.000000000000000 ) ;
#3461 = DIRECTION ( 'NONE',  ( 1.000000000000000000, 0.000000000000000000, 0.000000000000000000 ) ) ;
#3462 = EDGE_CURVE ( 'NONE', #7743, #5038, #9299, .T. ) ;
#3463 = DIRECTION ( 'NONE',  ( 3.872150616019659031E-15, -0.000000000000000000, -1.000000000000000000 ) ) ;
#3464 = CARTESIAN_POINT ( 'NONE',  ( 0.6400000000000052314, 0.1519999999999999962, -1.469999999999997753 ) ) ;
#3465 = AXIS2_PLACEMENT_3D ( 'NONE', #2125, #7361, #9571 ) ;
#3466 = ORIENTED_EDGE ( 'NONE', *, *, #4802, .F. ) ;
#3467 = VERTEX_POINT ( 'NONE', #3144 ) ;
#3468 = CARTESIAN_POINT ( 'NONE',  ( -1.469999999999994866, 0.1519999999999999962, -0.1250000000000000000 ) ) ;
#3469 = EDGE_CURVE ( 'NONE', #3830, #8379, #7781, .T. ) ;
#3470 = EDGE_LOOP ( 'NONE', ( #2730, #3587, #1933, #7617, #809, #3973, #6358, #5809, #3120 ) ) ;
#3471 = EDGE_LOOP ( 'NONE', ( #6197, #8983, #1456, #4446 ) ) ;
#3472 = CARTESIAN_POINT ( 'NONE',  ( -1.470000000000000195, 0.1519999999999999962, -0.8599999999999999867 ) ) ;
#3473 = FILL_AREA_STYLE ('',( #7962 ) ) ;
#3474 = CARTESIAN_POINT ( 'NONE',  ( 0.8600000000000052047, 0.1519999999999999962, -1.469999999999996865 ) ) ;
#3475 = DIRECTION ( 'NONE',  ( 1.000000000000000000, -0.000000000000000000, 0.000000000000000000 ) ) ;
#3476 = LINE ( 'NONE', #5034, #1248 ) ;
#3477 = MECHANICAL_DESIGN_GEOMETRIC_PRESENTATION_REPRESENTATION (  '', ( #5182 ), #2056 ) ;
#3478 = ORIENTED_EDGE ( 'NONE', *, *, #1178, .F. ) ;
#3479 = EDGE_CURVE ( 'NONE', #8550, #8854, #8566, .T. ) ;
#3480 = CARTESIAN_POINT ( 'NONE',  ( -1.469999999999984652, 0.05000000000000002359, 0.6250000000000000000 ) ) ;
#3481 = EDGE_CURVE ( 'NONE', #4028, #3604, #1709, .T. ) ;
#3482 = EDGE_LOOP ( 'NONE', ( #780, #6186, #6400, #220 ) ) ;
#3483 = EDGE_LOOP ( 'NONE', ( #6823, #4608, #6535, #4003 ) ) ;
#3484 = DIRECTION ( 'NONE',  ( 0.000000000000000000, -1.000000000000000000, 0.000000000000000000 ) ) ;
#3485 = ORIENTED_EDGE ( 'NONE', *, *, #3595, .F. ) ;
#3486 = PRODUCT_DEFINITION ( 'UNKNOWN', '', #8498, #9290 ) ;
#3487 = CARTESIAN_POINT ( 'NONE',  ( -1.224999999999989875, 0.1519999999999999962, 0.3749999999999998890 ) ) ;
#3488 = FILL_AREA_STYLE ('',( #4946 ) ) ;
#3489 = CARTESIAN_POINT ( 'NONE',  ( -0.1399999999999807510, 0.1519999999999999962, 1.499999999999983347 ) ) ;
#3490 = VECTOR ( 'NONE', #9412, 1000.000000000000000 ) ;
#3491 = ORIENTED_EDGE ( 'NONE', *, *, #1591, .T. ) ;
#3492 = CARTESIAN_POINT ( 'NONE',  ( -1.499999999999995115, 0.000000000000000000, -0.1400000000000000411 ) ) ;
#3493 = FACE_OUTER_BOUND ( 'NONE', #7644, .T. ) ;
#3494 = VECTOR ( 'NONE', #1814, 1000.000000000000000 ) ;
#3495 = ORIENTED_EDGE ( 'NONE', *, *, #1943, .T. ) ;
#3496 = LINE ( 'NONE', #8623, #6265 ) ;
#3497 = DIRECTION ( 'NONE',  ( -1.000000000000000000, 0.000000000000000000, 0.000000000000000000 ) ) ;
#3498 = DIRECTION ( 'NONE',  ( -0.000000000000000000, -1.000000000000000000, -0.000000000000000000 ) ) ;
#3499 = CARTESIAN_POINT ( 'NONE',  ( -0.2500000000000128786, 0.000000000000000000, 1.224999999999992095 ) ) ;
#3500 = EDGE_CURVE ( 'NONE', #6563, #8170, #2593, .T. ) ;
#3501 = CARTESIAN_POINT ( 'NONE',  ( -0.8749999999999947820, 0.05000000000000002359, -1.469999999999987317 ) ) ;
#3502 = ORIENTED_EDGE ( 'NONE', *, *, #8517, .F. ) ;
#3503 = VECTOR ( 'NONE', #2002, 1000.000000000000000 ) ;
#3504 = DIRECTION ( 'NONE',  ( -1.301042606982616933E-13, 0.000000000000000000, -1.000000000000000000 ) ) ;
#3505 = PLANE ( 'NONE',  #4316 ) ;
#3506 = EDGE_LOOP ( 'NONE', ( #5315, #2672, #1443, #2833 ) ) ;
#3507 = DIRECTION ( 'NONE',  ( -1.000000000000000000, 0.000000000000000000, 4.425314989736752882E-16 ) ) ;
#3508 = VECTOR ( 'NONE', #3272, 1000.000000000000000 ) ;
#3509 = AXIS2_PLACEMENT_3D ( 'NONE', #7123, #5510, #4200 ) ;
#3510 = LINE ( 'NONE', #1873, #8793 ) ;
#3511 = DIRECTION ( 'NONE',  ( 1.000000000000000000, 0.000000000000000000, -0.000000000000000000 ) ) ;
#3512 = CARTESIAN_POINT ( 'NONE',  ( 0.7500000000000193179, 0.1519999999999999962, 1.224999999999972555 ) ) ;
#3513 = CARTESIAN_POINT ( 'NONE',  ( 1.499999999999992006, 0.1519999999999999962, -0.6400000000000309885 ) ) ;
#3514 = VECTOR ( 'NONE', #6204, 1000.000000000000000 ) ;
#3515 = ORIENTED_EDGE ( 'NONE', *, *, #4641, .F. ) ;
#3516 = EDGE_LOOP ( 'NONE', ( #1678, #294, #3485, #8560, #1829, #3242, #2317, #6779 ) ) ;
#3517 = CARTESIAN_POINT ( 'NONE',  ( 0.2500000000000192624, 0.05000000000000002359, 1.224999999999978106 ) ) ;
#3518 = ORIENTED_EDGE ( 'NONE', *, *, #4724, .T. ) ;
#3519 = ORIENTED_EDGE ( 'NONE', *, *, #7832, .F. ) ;
#3520 = LINE ( 'NONE', #2769, #3005 ) ;
#3521 = ADVANCED_FACE ( 'NONE', ( #1017 ), #9110, .F. ) ;
#3522 = ADVANCED_FACE ( 'NONE', ( #8474 ), #924, .F. ) ;
#3523 = EDGE_LOOP ( 'NONE', ( #1142, #4991, #7608, #1033 ) ) ;
#3524 = AXIS2_PLACEMENT_3D ( 'NONE', #8460, #4651, #6098 ) ;
#3525 = DIRECTION ( 'NONE',  ( 3.614007241618338910E-15, 0.000000000000000000, -1.000000000000000000 ) ) ;
#3526 = LINE ( 'NONE', #8556, #3301 ) ;
#3527 = CARTESIAN_POINT ( 'NONE',  ( -1.499999999999984679, 0.1519999999999999962, 0.6400000000000000133 ) ) ;
#3528 = ORIENTED_EDGE ( 'NONE', *, *, #4340, .F. ) ;
#3529 = ORIENTED_EDGE ( 'NONE', *, *, #2823, .T. ) ;
#3530 = LINE ( 'NONE', #7822, #245 ) ;
#3531 = ORIENTED_EDGE ( 'NONE', *, *, #7692, .F. ) ;
#3532 = ORIENTED_EDGE ( 'NONE', *, *, #1713, .T. ) ;
#3533 = CARTESIAN_POINT ( 'NONE',  ( 0.6400000000000192202, 0.1519999999999999962, 1.469999999999972662 ) ) ;
#3534 = ORIENTED_EDGE ( 'NONE', *, *, #884, .T. ) ;
#3535 = VECTOR ( 'NONE', #252, 1000.000000000000000 ) ;
#3536 = CARTESIAN_POINT ( 'NONE',  ( 1.470000000000007523, 0.05000000000000002359, 0.000000000000000000 ) ) ;
#3537 = CARTESIAN_POINT ( 'NONE',  ( -0.2499999999999956146, 0.05000000000000002359, -1.224999999999990319 ) ) ;
#3538 = LINE ( 'NONE', #7284, #5307 ) ;
#3539 = EDGE_CURVE ( 'NONE', #6783, #2298, #5387, .T. ) ;
#3540 = EDGE_CURVE ( 'NONE', #25, #6790, #973, .T. ) ;
#3541 = ORIENTED_EDGE ( 'NONE', *, *, #2893, .F. ) ;
#3542 = DIRECTION ( 'NONE',  ( 0.000000000000000000, 1.000000000000000000, -0.000000000000000000 ) ) ;
#3543 = VECTOR ( 'NONE', #6409, 1000.000000000000000 ) ;
#3544 = AXIS2_PLACEMENT_3D ( 'NONE', #5498, #3803, #989 ) ;
#3545 = DIRECTION ( 'NONE',  ( -1.000000000000000000, 0.000000000000000000, 0.000000000000000000 ) ) ;
#3546 = ORIENTED_EDGE ( 'NONE', *, *, #7996, .T. ) ;
#3547 = CARTESIAN_POINT ( 'NONE',  ( 0.6250000000000192069, 0.1519999999999999962, 1.469999999999972662 ) ) ;
#3548 = DIRECTION ( 'NONE',  ( 0.000000000000000000, -0.000000000000000000, -1.000000000000000000 ) ) ;
#3549 = LINE ( 'NONE', #9309, #9282 ) ;
#3550 = DIRECTION ( 'NONE',  ( -1.000000000000000000, 0.000000000000000000, 0.000000000000000000 ) ) ;
#3551 = VECTOR ( 'NONE', #8513, 1000.000000000000000 ) ;
#3552 = LINE ( 'NONE', #1511, #8590 ) ;
#3553 = ORIENTED_EDGE ( 'NONE', *, *, #3607, .T. ) ;
#3554 = FACE_OUTER_BOUND ( 'NONE', #1584, .T. ) ;
#3555 = LINE ( 'NONE', #1328, #4474 ) ;
#3556 = ADVANCED_FACE ( 'NONE', ( #5437 ), #9250, .T. ) ;
#3557 = VECTOR ( 'NONE', #4050, 1000.000000000000000 ) ;
#3558 = ORIENTED_EDGE ( 'NONE', *, *, #301, .F. ) ;
#3559 = CARTESIAN_POINT ( 'NONE',  ( -1.499999999999995115, 0.000000000000000000, -0.3599999999999999867 ) ) ;
#3560 = EDGE_CURVE ( 'NONE', #704, #5171, #238, .T. ) ;
#3561 = DIRECTION ( 'NONE',  ( 1.000000000000000000, 0.000000000000000000, -4.425314989736752882E-16 ) ) ;
#3562 = DIRECTION ( 'NONE',  ( 1.000000000000000000, 0.000000000000000000, 3.942553354492745404E-15 ) ) ;
#3563 = DIRECTION ( 'NONE',  ( 0.000000000000000000, 0.000000000000000000, -1.000000000000000000 ) ) ;
#3564 = CARTESIAN_POINT ( 'NONE',  ( 0.3750000000000052736, 0.1519999999999999962, -1.469999999999993534 ) ) ;
#3565 = EDGE_LOOP ( 'NONE', ( #5745, #1309, #8464, #4432 ) ) ;
#3566 = EDGE_LOOP ( 'NONE', ( #2687, #9232, #9231, #9370 ) ) ;
#3567 = CARTESIAN_POINT ( 'NONE',  ( -0.7500000000000127676, 0.1519999999999999962, 1.224999999999992095 ) ) ;
#3568 = EDGE_CURVE ( 'NONE', #5037, #333, #2544, .T. ) ;
#3569 = ORIENTED_EDGE ( 'NONE', *, *, #2665, .F. ) ;
#3570 = DIRECTION ( 'NONE',  ( -1.000000000000000000, -0.000000000000000000, -0.000000000000000000 ) ) ;
#3571 = DIRECTION ( 'NONE',  ( 0.000000000000000000, 0.000000000000000000, 1.000000000000000000 ) ) ;
#3572 = DIRECTION ( 'NONE',  ( -1.000000000000000000, -0.000000000000000000, -0.000000000000000000 ) ) ;
#3573 = PLANE ( 'NONE',  #7662 ) ;
#3574 = CARTESIAN_POINT ( 'NONE',  ( -0.8600000000000000977, 0.05000000000000002359, -3.108046227791771620E-15 ) ) ;
#3575 = EDGE_CURVE ( 'NONE', #2428, #8753, #5717, .T. ) ;
#3576 = EDGE_CURVE ( 'NONE', #5146, #8059, #5667, .T. ) ;
#3577 = EDGE_LOOP ( 'NONE', ( #3897, #8985, #9454, #6737 ) ) ;
#3578 = ORIENTED_EDGE ( 'NONE', *, *, #9367, .T. ) ;
#3579 = DIRECTION ( 'NONE',  ( -1.000000000000000000, 0.000000000000000000, 0.000000000000000000 ) ) ;
#3580 = ORIENTED_EDGE ( 'NONE', *, *, #4820, .F. ) ;
#3581 = ORIENTED_EDGE ( 'NONE', *, *, #2804, .T. ) ;
#3582 = DIRECTION ( 'NONE',  ( -1.000000000000000000, 0.000000000000000000, -0.000000000000000000 ) ) ;
#3583 = ORIENTED_EDGE ( 'NONE', *, *, #409, .F. ) ;
#3584 = PLANE ( 'NONE',  #5514 ) ;
#3585 = CARTESIAN_POINT ( 'NONE',  ( 0.3750000000000052736, 0.1519999999999999962, -1.469999999999993534 ) ) ;
#3586 = DIRECTION ( 'NONE',  ( 0.000000000000000000, -1.000000000000000000, 0.000000000000000000 ) ) ;
#3587 = ORIENTED_EDGE ( 'NONE', *, *, #2988, .F. ) ;
#3588 = AXIS2_PLACEMENT_3D ( 'NONE', #4990, #625, #7134 ) ;
#3589 = EDGE_CURVE ( 'NONE', #1404, #7431, #7830, .T. ) ;
#3590 = PLANE ( 'NONE',  #7114 ) ;
#3591 = DIRECTION ( 'NONE',  ( 3.614007241618338910E-15, 0.000000000000000000, -1.000000000000000000 ) ) ;
#3592 = ORIENTED_EDGE ( 'NONE', *, *, #7358, .T. ) ;
#3593 = CARTESIAN_POINT ( 'NONE',  ( 1.500000000000007550, 0.1519999999999999962, 0.8599999999999691225 ) ) ;
#3594 = EDGE_CURVE ( 'NONE', #3638, #5193, #8709, .T. ) ;
#3595 = EDGE_CURVE ( 'NONE', #9476, #4988, #1564, .T. ) ;
#3596 = CARTESIAN_POINT ( 'NONE',  ( -1.224999999999984546, 0.1519999999999999962, 0.8749999999999998890 ) ) ;
#3597 = DIRECTION ( 'NONE',  ( 0.000000000000000000, -1.000000000000000000, 0.000000000000000000 ) ) ;
#3598 = LINE ( 'NONE', #2064, #4533 ) ;
#3599 = CARTESIAN_POINT ( 'NONE',  ( -0.1249999999999808625, 0.1519999999999999962, 1.224999999999983213 ) ) ;
#3600 = ORIENTED_EDGE ( 'NONE', *, *, #5324, .T. ) ;
#3601 = DIRECTION ( 'NONE',  ( 0.000000000000000000, 0.000000000000000000, 1.000000000000000000 ) ) ;
#3602 = FACE_OUTER_BOUND ( 'NONE', #13, .T. ) ;
#3603 = AXIS2_PLACEMENT_3D ( 'NONE', #47, #3096, #4564 ) ;
#3604 = VERTEX_POINT ( 'NONE', #6407 ) ;
#3605 = LINE ( 'NONE', #7302, #5402 ) ;
#3606 = CARTESIAN_POINT ( 'NONE',  ( -1.469999999999989759, 0.1519999999999999962, 0.3750000000000000000 ) ) ;
#3607 = EDGE_CURVE ( 'NONE', #9036, #1346, #9440, .T. ) ;
#3608 = AXIS2_PLACEMENT_3D ( 'NONE', #9311, #5490, #2605 ) ;
#3609 = AXIS2_PLACEMENT_3D ( 'NONE', #8422, #7732, #7589 ) ;
#3610 = CARTESIAN_POINT ( 'NONE',  ( 0.6250000000000194289, 0.05000000000000002359, 1.224999999999972555 ) ) ;
#3611 = LINE ( 'NONE', #3711, #3623 ) ;
#3612 = FACE_OUTER_BOUND ( 'NONE', #3267, .T. ) ;
#3613 = VECTOR ( 'NONE', #7421, 1000.000000000000000 ) ;
#3614 = VECTOR ( 'NONE', #3423, 1000.000000000000000 ) ;
#3615 = VERTEX_POINT ( 'NONE', #4849 ) ;
#3616 = ORIENTED_EDGE ( 'NONE', *, *, #3229, .T. ) ;
#3617 = DIRECTION ( 'NONE',  ( -0.000000000000000000, 1.000000000000000000, -0.000000000000000000 ) ) ;
#3618 = VERTEX_POINT ( 'NONE', #8030 ) ;
#3619 = DIRECTION ( 'NONE',  ( -1.000000000000000000, 0.000000000000000000, -3.614007241618338910E-15 ) ) ;
#3620 = CARTESIAN_POINT ( 'NONE',  ( 0.2500000000000192624, 0.000000000000000000, 1.099999999999978106 ) ) ;
#3621 =( LENGTH_UNIT ( ) NAMED_UNIT ( * ) SI_UNIT ( .MILLI., .METRE. ) );
#3622 = DIRECTION ( 'NONE',  ( 0.000000000000000000, 0.000000000000000000, 1.000000000000000000 ) ) ;
#3623 = VECTOR ( 'NONE', #8150, 1000.000000000000000 ) ;
#3624 = VECTOR ( 'NONE', #4968, 1000.000000000000000 ) ;
#3625 = LINE ( 'NONE', #6638, #1872 ) ;
#3626 = EDGE_CURVE ( 'NONE', #6355, #6515, #6549, .T. ) ;
#3627 = ORIENTED_EDGE ( 'NONE', *, *, #4572, .F. ) ;
#3628 = ORIENTED_EDGE ( 'NONE', *, *, #2930, .T. ) ;
#3629 = CARTESIAN_POINT ( 'NONE',  ( 1.224999999999997202, 0.1519999999999999962, -0.1250000000000309475 ) ) ;
#3630 = VECTOR ( 'NONE', #783, 1000.000000000000000 ) ;
#3631 = EDGE_LOOP ( 'NONE', ( #3203, #3219 ) ) ;
#3632 = VERTEX_POINT ( 'NONE', #1112 ) ;
#3633 = DIRECTION ( 'NONE',  ( 5.531643737170941473E-16, 0.000000000000000000, 1.000000000000000000 ) ) ;
#3634 = ORIENTED_EDGE ( 'NONE', *, *, #2207, .F. ) ;
#3635 = DIRECTION ( 'NONE',  ( 0.000000000000000000, 0.000000000000000000, 1.000000000000000000 ) ) ;
#3636 = ADVANCED_FACE ( 'NONE', ( #5818 ), #7980, .F. ) ;
#3637 = CARTESIAN_POINT ( 'NONE',  ( 1.224999999999997202, 0.1519999999999999962, -0.3750000000000307532 ) ) ;
#3638 = VERTEX_POINT ( 'NONE', #9494 ) ;
#3639 = VECTOR ( 'NONE', #5001, 1000.000000000000000 ) ;
#3640 = PLANE ( 'NONE',  #1807 ) ;
#3641 = DIRECTION ( 'NONE',  ( 0.000000000000000000, -1.000000000000000000, 0.000000000000000000 ) ) ;
#3642 = ORIENTED_EDGE ( 'NONE', *, *, #1110, .F. ) ;
#3643 = LINE ( 'NONE', #9555, #3156 ) ;
#3644 = AXIS2_PLACEMENT_3D ( 'NONE', #9580, #8939, #2178 ) ;
#3645 = PLANE ( 'NONE',  #3180 ) ;
#3646 = EDGE_CURVE ( 'NONE', #9147, #4031, #534, .T. ) ;
#3647 = EDGE_CURVE ( 'NONE', #9184, #1117, #3538, .T. ) ;
#3648 = CARTESIAN_POINT ( 'NONE',  ( -1.470000000000000195, 0.000000000000000000, -0.8599999999999999867 ) ) ;
#3649 = DIRECTION ( 'NONE',  ( 0.000000000000000000, 0.000000000000000000, -1.000000000000000000 ) ) ;
#3650 = VERTEX_POINT ( 'NONE', #1159 ) ;
#3651 = DIRECTION ( 'NONE',  ( -1.000000000000000000, 0.000000000000000000, -0.000000000000000000 ) ) ;
#3652 = DIRECTION ( 'NONE',  ( 0.000000000000000000, 0.000000000000000000, 1.000000000000000000 ) ) ;
#3653 = AXIS2_PLACEMENT_3D ( 'NONE', #1272, #9450, #4277 ) ;
#3654 = ORIENTED_EDGE ( 'NONE', *, *, #4859, .T. ) ;
#3655 = LINE ( 'NONE', #5976, #3061 ) ;
#3656 = DIRECTION ( 'NONE',  ( 0.000000000000000000, 1.000000000000000000, -0.000000000000000000 ) ) ;
#3657 = VECTOR ( 'NONE', #2493, 1000.000000000000000 ) ;
#3658 = CARTESIAN_POINT ( 'NONE',  ( -0.1399999999999947120, 0.1519999999999999962, -1.499999999999990008 ) ) ;
#3659 = CARTESIAN_POINT ( 'NONE',  ( 1.469999999999997087, 0.000000000000000000, -0.3600000000000307954 ) ) ;
#3660 = EDGE_CURVE ( 'NONE', #5419, #7604, #1954, .T. ) ;
#3661 = DIRECTION ( 'NONE',  ( 0.000000000000000000, -0.000000000000000000, 1.000000000000000000 ) ) ;
#3662 = EDGE_CURVE ( 'NONE', #6790, #2890, #9345, .T. ) ;
#3663 = VECTOR ( 'NONE', #5762, 1000.000000000000000 ) ;
#3664 = ORIENTED_EDGE ( 'NONE', *, *, #7586, .T. ) ;
#3665 = ORIENTED_EDGE ( 'NONE', *, *, #8570, .T. ) ;
#3666 = LINE ( 'NONE', #4490, #1980 ) ;
#3667 = ORIENTED_EDGE ( 'NONE', *, *, #4430, .F. ) ;
#3668 = CARTESIAN_POINT ( 'NONE',  ( 0.8600000000000194156, 0.05000000000000002359, 1.499999999999972689 ) ) ;
#3669 = ORIENTED_EDGE ( 'NONE', *, *, #3399, .F. ) ;
#3670 = DIRECTION ( 'NONE',  ( 0.000000000000000000, 0.000000000000000000, -1.000000000000000000 ) ) ;
#3671 = DIRECTION ( 'NONE',  ( 0.000000000000000000, -1.000000000000000000, 0.000000000000000000 ) ) ;
#3672 = ADVANCED_FACE ( 'NONE', ( #2737 ), #4268, .F. ) ;
#3673 = DIRECTION ( 'NONE',  ( 1.000000000000000000, 0.000000000000000000, 0.000000000000000000 ) ) ;
#3674 = CARTESIAN_POINT ( 'NONE',  ( 0.6250000000000194289, 0.1519999999999999962, 1.224999999999972555 ) ) ;
#3675 = AXIS2_PLACEMENT_3D ( 'NONE', #4375, #7344, #641 ) ;
#3676 = CARTESIAN_POINT ( 'NONE',  ( 1.469999999999997087, 0.05000000000000002359, 0.000000000000000000 ) ) ;
#3677 = EDGE_CURVE ( 'NONE', #6733, #4355, #7930, .T. ) ;
#3678 = EDGE_LOOP ( 'NONE', ( #1535, #8169, #1538, #2835 ) ) ;
#3679 = EDGE_LOOP ( 'NONE', ( #5058, #3991, #7117, #5541 ) ) ;
#3680 = PLANE ( 'NONE',  #9477 ) ;
#3681 = VECTOR ( 'NONE', #269, 1000.000000000000000 ) ;
#3682 = ORIENTED_EDGE ( 'NONE', *, *, #6357, .T. ) ;
#3683 = ORIENTED_EDGE ( 'NONE', *, *, #3157, .T. ) ;
#3684 = CARTESIAN_POINT ( 'NONE',  ( 0.7500000000000043299, 0.1519999999999999962, -1.224999999999997424 ) ) ;
#3685 = EDGE_CURVE ( 'NONE', #4062, #3246, #7186, .T. ) ;
#3686 = EDGE_LOOP ( 'NONE', ( #6133, #3600, #574, #1355, #5497, #2475, #5995, #3431, #6106, #9134, #999, #4228, #8790, #3958, #7726, #1923, #5426, #5335, #4830, #4560, #6958, #3970, #1007, #6087, #7765, #9346, #912, #7163, #6690, #2752, #8647, #1772, #6932, #6642, #5699, #2670, #7931, #1080, #24, #8806, #6043, #4381, #9085, #9296, #8401, #6872, #2964, #7132, #4048, #6618, #2532, #5555, #376, #6490, #8754, #1911, #3654, #476, #5905, #7494, #3744, #8247, #1201, #1830, #5013, #7521, #8455, #4972, #6899, #9418, #7069, #2290, #5241, #1702, #11, #7797, #3628, #1599, #719, #562, #4176, #6541, #9276, #8571, #423, #8967, #5711, #2869, #8948, #3466, #8742, #807, #2969, #8715, #116, #8558, #2203, #2616, #3280, #8592, #4814, #1806, #762, #5698, #3616, #6886, #5522, #7086, #8595, #6627, #6645, #9171, #1857, #7686, #1459, #7628, #6772, #3080, #1514, #8926, #6952, #4589, #4007, #2586, #6216, #96, #2883, #2768, #4758, #2334, #8514, #1479, #4222, #2779, #4346, #1429 ) ) ;
#3687 = CARTESIAN_POINT ( 'NONE',  ( 0.8600000000000194156, 0.1519999999999999962, 1.499999999999972689 ) ) ;
#3688 = LINE ( 'NONE', #7384, #5850 ) ;
#3689 = LINE ( 'NONE', #2296, #1867 ) ;
#3690 = ORIENTED_EDGE ( 'NONE', *, *, #8910, .F. ) ;
#3691 = MECHANICAL_DESIGN_GEOMETRIC_PRESENTATION_REPRESENTATION (  '', ( #2416 ), #2265 ) ;
#3692 = CARTESIAN_POINT ( 'NONE',  ( 1.500000000000002442, 0.1519999999999999962, 0.1399999999999691769 ) ) ;
#3693 = CIRCLE ( 'NONE', #546, 0.1250000000000159317 ) ;
#3694 = ORIENTED_EDGE ( 'NONE', *, *, #7586, .F. ) ;
#3695 = FACE_OUTER_BOUND ( 'NONE', #4315, .T. ) ;
#3696 = CARTESIAN_POINT ( 'NONE',  ( -1.500000000000000222, 0.05000000000000002359, -1.500000000000000000 ) ) ;
#3697 = PLANE ( 'NONE',  #2405 ) ;
#3698 = DIRECTION ( 'NONE',  ( 0.000000000000000000, -1.000000000000000000, 0.000000000000000000 ) ) ;
#3699 = ORIENTED_EDGE ( 'NONE', *, *, #6405, .T. ) ;
#3700 = CIRCLE ( 'NONE', #6648, 0.1249999999999998890 ) ;
#3701 = PLANE ( 'NONE',  #6736 ) ;
#3702 = CARTESIAN_POINT ( 'NONE',  ( 0.8750000000000052180, 0.1519999999999999962, -1.469999999999996865 ) ) ;
#3703 = EDGE_CURVE ( 'NONE', #2918, #9686, #2785, .T. ) ;
#3704 = EDGE_CURVE ( 'NONE', #1290, #2240, #1902, .T. ) ;
#3705 = ORIENTED_EDGE ( 'NONE', *, *, #939, .T. ) ;
#3706 = CARTESIAN_POINT ( 'NONE',  ( -0.6399999999999947953, 0.000000000000000000, -1.499999999999986677 ) ) ;
#3707 = VECTOR ( 'NONE', #7486, 1000.000000000000000 ) ;
#3708 = FACE_OUTER_BOUND ( 'NONE', #2280, .T. ) ;
#3709 = AXIS2_PLACEMENT_3D ( 'NONE', #9568, #8882, #5158 ) ;
#3710 = DIRECTION ( 'NONE',  ( 0.000000000000000000, 1.000000000000000000, -0.000000000000000000 ) ) ;
#3711 = CARTESIAN_POINT ( 'NONE',  ( 3.872150616019655876E-16, 0.05000000000000002359, 0.8749999999999993339 ) ) ;
#3712 = FACE_OUTER_BOUND ( 'NONE', #3232, .T. ) ;
#3713 = VECTOR ( 'NONE', #2523, 1000.000000000000000 ) ;
#3714 = ORIENTED_EDGE ( 'NONE', *, *, #7918, .F. ) ;
#3715 = EDGE_LOOP ( 'NONE', ( #2641, #4502, #1293, #4120 ) ) ;
#3716 = DIRECTION ( 'NONE',  ( -0.000000000000000000, -1.000000000000000000, -0.000000000000000000 ) ) ;
#3717 = VERTEX_POINT ( 'NONE', #582 ) ;
#3718 = CARTESIAN_POINT ( 'NONE',  ( 0.8600000000000194156, 0.000000000000000000, 1.499999999999972689 ) ) ;
#3719 = EDGE_CURVE ( 'NONE', #8311, #2099, #9548, .T. ) ;
#3720 = VERTEX_POINT ( 'NONE', #1510 ) ;
#3721 = EDGE_CURVE ( 'NONE', #6175, #1811, #724, .T. ) ;
#3722 = AXIS2_PLACEMENT_3D ( 'NONE', #5797, #3617, #746 ) ;
#3723 = PLANE ( 'NONE',  #4123 ) ;
#3724 = DIRECTION ( 'NONE',  ( 1.000000000000000000, 0.000000000000000000, 8.850629979473505765E-16 ) ) ;
#3725 = APPLICATION_PROTOCOL_DEFINITION ( 'draft international standard', 'automotive_design', 1998, #5250 ) ;
#3726 = CARTESIAN_POINT ( 'NONE',  ( -1.200000000000000400, 0.7500000000000000000, -1.350000000000000089 ) ) ;
#3727 = DIRECTION ( 'NONE',  ( 0.000000000000000000, 0.000000000000000000, -1.000000000000000000 ) ) ;
#3728 = VERTEX_POINT ( 'NONE', #814 ) ;
#3729 = ORIENTED_EDGE ( 'NONE', *, *, #6897, .F. ) ;
#3730 = CARTESIAN_POINT ( 'NONE',  ( 1.225000000000002309, 0.1519999999999999962, 0.2499999999999691636 ) ) ;
#3731 = ORIENTED_EDGE ( 'NONE', *, *, #6888, .T. ) ;
#3732 = VERTEX_POINT ( 'NONE', #5234 ) ;
#3733 = ORIENTED_EDGE ( 'NONE', *, *, #3479, .F. ) ;
#3734 = DIRECTION ( 'NONE',  ( -0.000000000000000000, -0.000000000000000000, 1.000000000000000000 ) ) ;
#3735 = EDGE_CURVE ( 'NONE', #2633, #2682, #4505, .T. ) ;
#3736 = DIRECTION ( 'NONE',  ( 3.982783490763077545E-15, -0.000000000000000000, -1.000000000000000000 ) ) ;
#3737 = LINE ( 'NONE', #1556, #7655 ) ;
#3738 = DIRECTION ( 'NONE',  ( -0.000000000000000000, 1.000000000000000000, -0.000000000000000000 ) ) ;
#3739 = ORIENTED_EDGE ( 'NONE', *, *, #3211, .T. ) ;
#3740 = LINE ( 'NONE', #6610, #4565 ) ;
#3741 = FACE_OUTER_BOUND ( 'NONE', #1688, .T. ) ;
#3742 = DIRECTION ( 'NONE',  ( 1.000000000000000000, 0.000000000000000000, -4.425314989736752882E-16 ) ) ;
#3743 = PLANE ( 'NONE',  #1069 ) ;
#3744 = ORIENTED_EDGE ( 'NONE', *, *, #6365, .T. ) ;
#3745 = DIRECTION ( 'NONE',  ( -0.000000000000000000, -1.000000000000000000, -0.000000000000000000 ) ) ;
#3746 = EDGE_CURVE ( 'NONE', #715, #1586, #3689, .T. ) ;
#3747 = VECTOR ( 'NONE', #674, 1000.000000000000000 ) ;
#3748 = VERTEX_POINT ( 'NONE', #3085 ) ;
#3749 = LINE ( 'NONE', #4285, #4000 ) ;
#3750 = CARTESIAN_POINT ( 'NONE',  ( 0.3600000000000053157, 0.000000000000000000, -1.499999999999993561 ) ) ;
#3751 = ADVANCED_FACE ( 'NONE', ( #5909 ), #5866, .F. ) ;
#3752 = DIRECTION ( 'NONE',  ( -1.000000000000000000, -0.000000000000000000, -0.000000000000000000 ) ) ;
#3753 = DIRECTION ( 'NONE',  ( 0.000000000000000000, 0.000000000000000000, 1.000000000000000000 ) ) ;
#3754 = CARTESIAN_POINT ( 'NONE',  ( 0.3750000000000193179, 0.05000000000000002359, 1.469999999999977991 ) ) ;
#3755 = VERTEX_POINT ( 'NONE', #3637 ) ;
#3756 = ORIENTED_EDGE ( 'NONE', *, *, #6318, .T. ) ;
#3757 = PLANE ( 'NONE',  #2273 ) ;
#3758 = AXIS2_PLACEMENT_3D ( 'NONE', #1655, #3870, #962 ) ;
#3759 = EDGE_LOOP ( 'NONE', ( #6270, #1167, #9671, #5189 ) ) ;
#3760 = DIRECTION ( 'NONE',  ( 1.000000000000000000, 0.000000000000000000, 3.614007241618338910E-15 ) ) ;
#3761 = AXIS2_PLACEMENT_3D ( 'NONE', #1122, #160, #111 ) ;
#3762 = EDGE_LOOP ( 'NONE', ( #4467, #7135, #5303, #599 ) ) ;
#3763 = CARTESIAN_POINT ( 'NONE',  ( 1.470000000000002416, 0.05000000000000002359, 0.3749999999999691358 ) ) ;
#3764 = FILL_AREA_STYLE ('',( #5943 ) ) ;
#3765 = EDGE_CURVE ( 'NONE', #1045, #8753, #8759, .T. ) ;
#3766 = LINE ( 'NONE', #753, #629 ) ;
#3767 = CARTESIAN_POINT ( 'NONE',  ( -1.469999999999994866, 0.000000000000000000, -0.3750000000000000000 ) ) ;
#3768 = VECTOR ( 'NONE', #7708, 1000.000000000000000 ) ;
#3769 = VECTOR ( 'NONE', #3586, 1000.000000000000000 ) ;
#3770 = VERTEX_POINT ( 'NONE', #4553 ) ;
#3771 = ORIENTED_EDGE ( 'NONE', *, *, #1232, .F. ) ;
#3772 = CARTESIAN_POINT ( 'NONE',  ( -1.499999999999989786, 0.1519999999999999962, 0.3599999999999999867 ) ) ;
#3773 = VERTEX_POINT ( 'NONE', #7482 ) ;
#3774 = ORIENTED_EDGE ( 'NONE', *, *, #602, .T. ) ;
#3775 = CIRCLE ( 'NONE', #1415, 0.1250000000000159317 ) ;
#3776 = CARTESIAN_POINT ( 'NONE',  ( -0.1399999999999948230, 0.1519999999999999962, -1.469999999999989981 ) ) ;
#3777 = VECTOR ( 'NONE', #3018, 1000.000000000000000 ) ;
#3778 = SURFACE_STYLE_FILL_AREA ( #7330 ) ;
#3779 = CARTESIAN_POINT ( 'NONE',  ( -1.469999999999994866, 0.1519999999999999962, -0.3599999999999999867 ) ) ;
#3780 = CARTESIAN_POINT ( 'NONE',  ( 0.3750000000000193179, 0.1519999999999999962, 1.469999999999977991 ) ) ;
#3781 = EDGE_CURVE ( 'NONE', #3076, #2572, #5781, .T. ) ;
#3782 = ADVANCED_FACE ( 'NONE', ( #4413 ), #5140, .T. ) ;
#3783 = AXIS2_PLACEMENT_3D ( 'NONE', #397, #8579, #9313 ) ;
#3784 = LINE ( 'NONE', #6008, #7276 ) ;
#3785 = ORIENTED_EDGE ( 'NONE', *, *, #5651, .T. ) ;
#3786 = DIRECTION ( 'NONE',  ( -0.000000000000000000, -0.000000000000000000, 1.000000000000000000 ) ) ;
#3787 = ORIENTED_EDGE ( 'NONE', *, *, #3949, .F. ) ;
#3788 = DIRECTION ( 'NONE',  ( 0.000000000000000000, -1.000000000000000000, 0.000000000000000000 ) ) ;
#3789 = CARTESIAN_POINT ( 'NONE',  ( 0.3600000000000192490, 0.1519999999999999962, 1.499999999999978240 ) ) ;
#3790 = DIRECTION ( 'NONE',  ( 1.000000000000000000, 0.000000000000000000, -5.531643737170941473E-16 ) ) ;
#3791 = AXIS2_PLACEMENT_3D ( 'NONE', #8777, #1278, #2067 ) ;
#3792 = ORIENTED_EDGE ( 'NONE', *, *, #7266, .F. ) ;
#3793 = DIRECTION ( 'NONE',  ( 1.000000000000000000, 0.000000000000000000, 2.987087618072308553E-15 ) ) ;
#3794 = VECTOR ( 'NONE', #268, 1000.000000000000000 ) ;
#3795 = LINE ( 'NONE', #2408, #1333 ) ;
#3796 = DIRECTION ( 'NONE',  ( -3.614007241618338910E-15, 0.000000000000000000, 1.000000000000000000 ) ) ;
#3797 = ADVANCED_FACE ( 'NONE', ( #8266 ), #1463, .F. ) ;
#3798 = CARTESIAN_POINT ( 'NONE',  ( -0.3599999999999946021, 0.1519999999999999962, -1.499999999999990896 ) ) ;
#3799 = VECTOR ( 'NONE', #3570, 1000.000000000000000 ) ;
#3800 = DIRECTION ( 'NONE',  ( 0.000000000000000000, 0.000000000000000000, 1.000000000000000000 ) ) ;
#3801 = LINE ( 'NONE', #8978, #8214 ) ;
#3802 = ORIENTED_EDGE ( 'NONE', *, *, #8785, .F. ) ;
#3803 = DIRECTION ( 'NONE',  ( 0.000000000000000000, 1.000000000000000000, -0.000000000000000000 ) ) ;
#3804 = VECTOR ( 'NONE', #930, 1000.000000000000000 ) ;
#3805 = VERTEX_POINT ( 'NONE', #9648 ) ;
#3806 = FACE_OUTER_BOUND ( 'NONE', #9361, .T. ) ;
#3807 = VERTEX_POINT ( 'NONE', #6003 ) ;
#3808 = CYLINDRICAL_SURFACE ( 'NONE', #3904, 0.1249999999999998890 ) ;
#3809 = CARTESIAN_POINT ( 'NONE',  ( 0.2500000000000192624, 0.05000000000000002359, 1.224999999999978106 ) ) ;
#3810 = PLANE ( 'NONE',  #7976 ) ;
#3811 = VECTOR ( 'NONE', #686, 1000.000000000000000 ) ;
#3812 = EDGE_CURVE ( 'NONE', #9617, #806, #3737, .T. ) ;
#3813 = EDGE_LOOP ( 'NONE', ( #3433, #2355, #5926, #7452 ) ) ;
#3814 = ORIENTED_EDGE ( 'NONE', *, *, #8973, .F. ) ;
#3815 = CARTESIAN_POINT ( 'NONE',  ( 1.499999999999997113, 0.05000000000000002359, -0.1400000000000309053 ) ) ;
#3816 = EDGE_CURVE ( 'NONE', #8669, #9486, #5959, .T. ) ;
#3817 = VERTEX_POINT ( 'NONE', #631 ) ;
#3818 = ORIENTED_EDGE ( 'NONE', *, *, #1120, .T. ) ;
#3819 = FACE_OUTER_BOUND ( 'NONE', #561, .T. ) ;
#3820 = VECTOR ( 'NONE', #8743, 1000.000000000000000 ) ;
#3821 = LINE ( 'NONE', #6927, #8034 ) ;
#3822 = PLANE ( 'NONE',  #1271 ) ;
#3823 = DIRECTION ( 'NONE',  ( -1.000000000000000000, -0.000000000000000000, -0.000000000000000000 ) ) ;
#3824 = CARTESIAN_POINT ( 'NONE',  ( -0.6399999999999947953, 0.000000000000000000, -1.469999999999986429 ) ) ;
#3825 = VECTOR ( 'NONE', #3498, 1000.000000000000000 ) ;
#3826 = VERTEX_POINT ( 'NONE', #8225 ) ;
#3827 = CARTESIAN_POINT ( 'NONE',  ( 0.6400000000000052314, 0.1519999999999999962, -1.469999999999997753 ) ) ;
#3828 = ORIENTED_EDGE ( 'NONE', *, *, #9496, .T. ) ;
#3829 = CARTESIAN_POINT ( 'NONE',  ( -1.500000000000000222, 0.000000000000000000, -0.6400000000000000133 ) ) ;
#3830 = VERTEX_POINT ( 'NONE', #8125 ) ;
#3831 = CARTESIAN_POINT ( 'NONE',  ( 1.499999999999992006, 0.05000000000000002359, -0.6400000000000309885 ) ) ;
#3832 = EDGE_CURVE ( 'NONE', #761, #905, #7385, .T. ) ;
#3833 = ADVANCED_FACE ( 'NONE', ( #8079 ), #6602, .F. ) ;
#3834 = CARTESIAN_POINT ( 'NONE',  ( -1.500000000000000222, 0.05000000000000002359, -0.6400000000000000133 ) ) ;
#3835 = DIRECTION ( 'NONE',  ( 0.000000000000000000, 0.000000000000000000, -1.000000000000000000 ) ) ;
#3836 = EDGE_LOOP ( 'NONE', ( #9091, #1354, #9076, #5262 ) ) ;
#3837 = CARTESIAN_POINT ( 'NONE',  ( 0.8600000000000052047, 0.1519999999999999962, -1.469999999999996865 ) ) ;
#3838 = CARTESIAN_POINT ( 'NONE',  ( -1.470000000000000195, 0.1519999999999999962, -0.6250000000000000000 ) ) ;
#3839 = DIRECTION ( 'NONE',  ( -0.000000000000000000, 0.000000000000000000, 1.000000000000000000 ) ) ;
#3840 = LINE ( 'NONE', #6805, #7697 ) ;
#3841 = EDGE_CURVE ( 'NONE', #7908, #8154, #33, .T. ) ;
#3842 = DIRECTION ( 'NONE',  ( -1.000000000000000000, 0.000000000000000000, 0.000000000000000000 ) ) ;
#3843 = CARTESIAN_POINT ( 'NONE',  ( -0.6399999999999806954, 0.000000000000000000, 1.499999999999988676 ) ) ;
#3844 = FACE_OUTER_BOUND ( 'NONE', #6583, .T. ) ;
#3845 = EDGE_CURVE ( 'NONE', #166, #8751, #1364, .T. ) ;
#3846 = VECTOR ( 'NONE', #9659, 1000.000000000000000 ) ;
#3847 = AXIS2_PLACEMENT_3D ( 'NONE', #6629, #1341, #2919 ) ;
#3848 = ORIENTED_EDGE ( 'NONE', *, *, #3356, .F. ) ;
#3849 = DIRECTION ( 'NONE',  ( 0.000000000000000000, -0.000000000000000000, -1.000000000000000000 ) ) ;
#3850 = EDGE_LOOP ( 'NONE', ( #6286, #185, #182, #5143 ) ) ;
#3851 = LINE ( 'NONE', #7416, #1435 ) ;
#3852 = ORIENTED_EDGE ( 'NONE', *, *, #3746, .F. ) ;
#3853 = DIRECTION ( 'NONE',  ( 0.000000000000000000, -0.000000000000000000, -1.000000000000000000 ) ) ;
#3854 = VECTOR ( 'NONE', #4557, 1000.000000000000000 ) ;
#3855 = CARTESIAN_POINT ( 'NONE',  ( 0.1250000000000044964, 0.1519999999999999962, -1.224999999999994316 ) ) ;
#3856 = ORIENTED_EDGE ( 'NONE', *, *, #3560, .F. ) ;
#3857 = ADVANCED_FACE ( 'NONE', ( #2151 ), #3227, .T. ) ;
#3858 = VERTEX_POINT ( 'NONE', #9191 ) ;
#3859 = EDGE_LOOP ( 'NONE', ( #4541, #3541, #6919, #3160 ) ) ;
#3860 = DIRECTION ( 'NONE',  ( -1.000000000000000000, -0.000000000000000000, -4.425314989736752882E-16 ) ) ;
#3861 = VECTOR ( 'NONE', #6502, 1000.000000000000000 ) ;
#3862 = ORIENTED_EDGE ( 'NONE', *, *, #9595, .T. ) ;
#3863 = EDGE_LOOP ( 'NONE', ( #4416, #7446, #8794, #7133 ) ) ;
#3864 = CARTESIAN_POINT ( 'NONE',  ( 1.470000000000002416, 0.1519999999999999962, 0.3599999999999691225 ) ) ;
#3865 = CARTESIAN_POINT ( 'NONE',  ( -1.469999999999984652, 0.000000000000000000, 0.8750000000000000000 ) ) ;
#3866 = CARTESIAN_POINT ( 'NONE',  ( -1.500000000000000222, 0.05000000000000002359, -1.500000000000000000 ) ) ;
#3867 = LINE ( 'NONE', #1695, #3681 ) ;
#3868 = DIRECTION ( 'NONE',  ( 0.000000000000000000, -0.000000000000000000, -1.000000000000000000 ) ) ;
#3869 = EDGE_CURVE ( 'NONE', #1342, #4642, #8282, .T. ) ;
#3870 = DIRECTION ( 'NONE',  ( 0.000000000000000000, -1.000000000000000000, 0.000000000000000000 ) ) ;
#3871 = ORIENTED_EDGE ( 'NONE', *, *, #5967, .F. ) ;
#3872 = DIRECTION ( 'NONE',  ( 0.000000000000000000, 0.000000000000000000, -1.000000000000000000 ) ) ;
#3873 = VERTEX_POINT ( 'NONE', #2340 ) ;
#3874 = CARTESIAN_POINT ( 'NONE',  ( -1.499999999999989786, 0.1519999999999999962, 0.1400000000000000411 ) ) ;
#3875 = ORIENTED_EDGE ( 'NONE', *, *, #4906, .T. ) ;
#3876 = DIRECTION ( 'NONE',  ( -4.425314989736752882E-16, 0.000000000000000000, 1.000000000000000000 ) ) ;
#3877 = DIRECTION ( 'NONE',  ( -1.000000000000000000, 0.000000000000000000, 0.000000000000000000 ) ) ;
#3878 = DIRECTION ( 'NONE',  ( -1.000000000000000000, 0.000000000000000000, 0.000000000000000000 ) ) ;
#3879 = EDGE_CURVE ( 'NONE', #4425, #6367, #2390, .T. ) ;
#3880 = ORIENTED_EDGE ( 'NONE', *, *, #5330, .T. ) ;
#3881 = CARTESIAN_POINT ( 'NONE',  ( -0.3599999999999806688, 0.1519999999999999962, 1.469999999999983320 ) ) ;
#3882 = DIRECTION ( 'NONE',  ( -0.000000000000000000, -1.000000000000000000, -0.000000000000000000 ) ) ;
#3883 = EDGE_CURVE ( 'NONE', #1206, #6487, #7577, .T. ) ;
#3884 = ADVANCED_FACE ( 'NONE', ( #5326 ), #910, .F. ) ;
#3885 = LINE ( 'NONE', #5296, #8423 ) ;
#3886 = CARTESIAN_POINT ( 'NONE',  ( -1.500000000000000222, 0.8000000000000000444, 1.500000000000000000 ) ) ;
#3887 = CARTESIAN_POINT ( 'NONE',  ( -1.500000000000000222, 0.1519999999999999962, -0.8599999999999999867 ) ) ;
#3888 = ORIENTED_EDGE ( 'NONE', *, *, #6375, .T. ) ;
#3889 = DIRECTION ( 'NONE',  ( 0.000000000000000000, 1.000000000000000000, -0.000000000000000000 ) ) ;
#3890 = CARTESIAN_POINT ( 'NONE',  ( -1.469999999999989759, 0.05000000000000002359, -0.000000000000000000 ) ) ;
#3891 = ADVANCED_FACE ( 'NONE', ( #3130 ), #1744, .F. ) ;
#3892 = EDGE_CURVE ( 'NONE', #2099, #2426, #2501, .T. ) ;
#3893 = EDGE_LOOP ( 'NONE', ( #1752, #1392, #5179, #2055 ) ) ;
#3894 = CARTESIAN_POINT ( 'NONE',  ( 1.470000000000007523, 0.1519999999999999962, 0.6249999999999691358 ) ) ;
#3895 = ORIENTED_EDGE ( 'NONE', *, *, #4524, .F. ) ;
#3896 = CARTESIAN_POINT ( 'NONE',  ( 0.7500000000000043299, 0.000000000000000000, -1.224999999999997424 ) ) ;
#3897 = ORIENTED_EDGE ( 'NONE', *, *, #3576, .F. ) ;
#3898 = FILL_AREA_STYLE_COLOUR ( '', #2966 ) ;
#3899 =( GEOMETRIC_REPRESENTATION_CONTEXT ( 3 ) GLOBAL_UNCERTAINTY_ASSIGNED_CONTEXT ( ( #1150 ) ) GLOBAL_UNIT_ASSIGNED_CONTEXT ( ( #4254, #3421, #2676 ) ) REPRESENTATION_CONTEXT ( 'NONE', 'WORKASPACE' ) );
#3900 = PLANE ( 'NONE',  #4704 ) ;
#3901 = DIRECTION ( 'NONE',  ( 0.000000000000000000, 0.000000000000000000, 1.000000000000000000 ) ) ;
#3902 = ORIENTED_EDGE ( 'NONE', *, *, #8303, .F. ) ;
#3903 = VECTOR ( 'NONE', #6903, 1000.000000000000000 ) ;
#3904 = AXIS2_PLACEMENT_3D ( 'NONE', #8299, #4081, #6773 ) ;
#3905 = ORIENTED_EDGE ( 'NONE', *, *, #8937, .F. ) ;
#3906 = VERTEX_POINT ( 'NONE', #7673 ) ;
#3907 = PLANE ( 'NONE',  #8237 ) ;
#3908 = ORIENTED_EDGE ( 'NONE', *, *, #2085, .T. ) ;
#3909 = ORIENTED_EDGE ( 'NONE', *, *, #214, .T. ) ;
#3910 = LINE ( 'NONE', #172, #2244 ) ;
#3911 = CARTESIAN_POINT ( 'NONE',  ( -1.469999999999989759, 0.1519999999999999962, 0.1400000000000000411 ) ) ;
#3912 = EDGE_CURVE ( 'NONE', #166, #8389, #8410, .T. ) ;
#3913 = CARTESIAN_POINT ( 'NONE',  ( -1.469999999999989759, 0.05000000000000002359, 0.1250000000000000000 ) ) ;
#3914 = DIRECTION ( 'NONE',  ( 0.000000000000000000, -1.000000000000000000, 0.000000000000000000 ) ) ;
#3915 = VECTOR ( 'NONE', #6196, 1000.000000000000000 ) ;
#3916 = AXIS2_PLACEMENT_3D ( 'NONE', #961, #5513, #3868 ) ;
#3917 = FACE_OUTER_BOUND ( 'NONE', #5120, .T. ) ;
#3918 = VERTEX_POINT ( 'NONE', #1790 ) ;
#3919 = CARTESIAN_POINT ( 'NONE',  ( -1.469999999999994866, 0.05000000000000002359, 0.000000000000000000 ) ) ;
#3920 = CIRCLE ( 'NONE', #3458, 0.1249999999999998890 ) ;
#3921 = VERTEX_POINT ( 'NONE', #5375 ) ;
#3922 = EDGE_LOOP ( 'NONE', ( #4736, #4394, #8855, #3771 ) ) ;
#3923 = VECTOR ( 'NONE', #6280, 1000.000000000000000 ) ;
#3924 = LINE ( 'NONE', #6201, #9566 ) ;
#3925 = ORIENTED_EDGE ( 'NONE', *, *, #2263, .F. ) ;
#3926 = CARTESIAN_POINT ( 'NONE',  ( -0.6249999999999807931, 0.1519999999999999962, 1.469999999999988649 ) ) ;
#3927 = LINE ( 'NONE', #92, #5680 ) ;
#3928 = CARTESIAN_POINT ( 'NONE',  ( -0.6399999999999808065, 0.1519999999999999962, 1.469999999999988649 ) ) ;
#3929 = ORIENTED_EDGE ( 'NONE', *, *, #9053, .F. ) ;
#3930 = AXIS2_PLACEMENT_3D ( 'NONE', #4913, #6271, #6422 ) ;
#3931 = LINE ( 'NONE', #8569, #5248 ) ;
#3932 = ORIENTED_EDGE ( 'NONE', *, *, #7026, .T. ) ;
#3933 = EDGE_CURVE ( 'NONE', #5628, #6327, #619, .T. ) ;
#3934 = LINE ( 'NONE', #4844, #6993 ) ;
#3935 = EDGE_CURVE ( 'NONE', #9471, #433, #8132, .T. ) ;
#3936 = AXIS2_PLACEMENT_3D ( 'NONE', #6311, #3343, #6258 ) ;
#3937 = CARTESIAN_POINT ( 'NONE',  ( 1.469999999999991980, 0.1519999999999999962, -0.8600000000000308509 ) ) ;
#3938 = LINE ( 'NONE', #4080, #4910 ) ;
#3939 = CARTESIAN_POINT ( 'NONE',  ( -0.1399999999999807510, 0.1519999999999999962, 1.469999999999983320 ) ) ;
#3940 = VERTEX_POINT ( 'NONE', #6832 ) ;
#3941 = CARTESIAN_POINT ( 'NONE',  ( -1.469999999999994866, 0.1519999999999999962, -0.3599999999999999867 ) ) ;
#3942 = DIRECTION ( 'NONE',  ( -0.000000000000000000, 1.000000000000000000, -0.000000000000000000 ) ) ;
#3943 = VECTOR ( 'NONE', #2398, 1000.000000000000000 ) ;
#3944 = ORIENTED_EDGE ( 'NONE', *, *, #7705, .T. ) ;
#3945 = CARTESIAN_POINT ( 'NONE',  ( -1.470000000000000195, 0.1519999999999999962, -0.8599999999999999867 ) ) ;
#3946 = VERTEX_POINT ( 'NONE', #4599 ) ;
#3947 = DIRECTION ( 'NONE',  ( -0.000000000000000000, -1.000000000000000000, -0.000000000000000000 ) ) ;
#3948 = AXIS2_PLACEMENT_3D ( 'NONE', #2037, #8562, #4349 ) ;
#3949 = EDGE_CURVE ( 'NONE', #7431, #2291, #175, .T. ) ;
#3950 = ADVANCED_FACE ( 'NONE', ( #126 ), #8509, .T. ) ;
#3951 = PLANE ( 'NONE',  #2508 ) ;
#3952 = LINE ( 'NONE', #7008, #4853 ) ;
#3953 = PLANE ( 'NONE',  #6945 ) ;
#3954 = VECTOR ( 'NONE', #8334, 1000.000000000000000 ) ;
#3955 = ORIENTED_EDGE ( 'NONE', *, *, #853, .T. ) ;
#3956 = VERTEX_POINT ( 'NONE', #3179 ) ;
#3957 = LINE ( 'NONE', #5367, #1347 ) ;
#3958 = ORIENTED_EDGE ( 'NONE', *, *, #5545, .T. ) ;
#3959 = EDGE_LOOP ( 'NONE', ( #3690, #8881, #371, #5573, #6533, #7476, #4112, #9035 ) ) ;
#3960 = DIRECTION ( 'NONE',  ( 3.097720492815727461E-15, 0.000000000000000000, -1.000000000000000000 ) ) ;
#3961 = CARTESIAN_POINT ( 'NONE',  ( -1.499999999999995115, 0.1519999999999999962, -0.1400000000000000411 ) ) ;
#3962 = CARTESIAN_POINT ( 'NONE',  ( -1.200000000000000400, 0.8000000000000000444, -1.200000000000000178 ) ) ;
#3963 = VECTOR ( 'NONE', #1108, 1000.000000000000000 ) ;
#3964 = PLANE ( 'NONE',  #7966 ) ;
#3965 = EDGE_CURVE ( 'NONE', #8131, #7241, #1696, .T. ) ;
#3966 = ORIENTED_EDGE ( 'NONE', *, *, #7851, .T. ) ;
#3967 = LINE ( 'NONE', #4018, #869 ) ;
#3968 = ADVANCED_FACE ( 'NONE', ( #6974 ), #3273, .F. ) ;
#3969 = AXIS2_PLACEMENT_3D ( 'NONE', #267, #5558, #316 ) ;
#3970 = ORIENTED_EDGE ( 'NONE', *, *, #5359, .T. ) ;
#3971 = ORIENTED_EDGE ( 'NONE', *, *, #835, .T. ) ;
#3972 = CARTESIAN_POINT ( 'NONE',  ( 0.1400000000000053701, 0.000000000000000000, -1.499999999999994449 ) ) ;
#3973 = ORIENTED_EDGE ( 'NONE', *, *, #3425, .F. ) ;
#3974 = CARTESIAN_POINT ( 'NONE',  ( 0.3750000000000193179, 0.000000000000000000, 1.469999999999977991 ) ) ;
#3975 = CARTESIAN_POINT ( 'NONE',  ( -1.224999999999984546, 0.1519999999999999962, 0.7500000000000000000 ) ) ;
#3976 = DIRECTION ( 'NONE',  ( 0.000000000000000000, -1.000000000000000000, 0.000000000000000000 ) ) ;
#3977 = ORIENTED_EDGE ( 'NONE', *, *, #1978, .T. ) ;
#3978 = AXIS2_PLACEMENT_3D ( 'NONE', #5436, #3877, #6110 ) ;
#3979 =( NAMED_UNIT ( * ) PLANE_ANGLE_UNIT ( ) SI_UNIT ( $, .RADIAN. ) );
#3980 = LINE ( 'NONE', #191, #8532 ) ;
#3981 = ORIENTED_EDGE ( 'NONE', *, *, #6499, .T. ) ;
#3982 = CIRCLE ( 'NONE', #4764, 0.1249999999999998890 ) ;
#3983 = DIRECTION ( 'NONE',  ( 1.000000000000000000, 0.000000000000000000, -0.000000000000000000 ) ) ;
#3984 = LINE ( 'NONE', #8253, #1305 ) ;
#3985 = DIRECTION ( 'NONE',  ( -0.000000000000000000, -0.000000000000000000, 1.000000000000000000 ) ) ;
#3986 = VERTEX_POINT ( 'NONE', #4697 ) ;
#3987 = EDGE_CURVE ( 'NONE', #1975, #4726, #2529, .T. ) ;
#3988 = PLANE ( 'NONE',  #6247 ) ;
#3989 = LINE ( 'NONE', #2512, #6639 ) ;
#3990 = VECTOR ( 'NONE', #3377, 1000.000000000000000 ) ;
#3991 = ORIENTED_EDGE ( 'NONE', *, *, #3453, .T. ) ;
#3992 = CARTESIAN_POINT ( 'NONE',  ( 0.3600000000000192490, 0.1519999999999999962, 1.469999999999977991 ) ) ;
#3993 = ORIENTED_EDGE ( 'NONE', *, *, #9404, .F. ) ;
#3994 = CARTESIAN_POINT ( 'NONE',  ( 1.470000000000007523, 0.1519999999999999962, 0.8749999999999691358 ) ) ;
#3995 = DIRECTION ( 'NONE',  ( 1.000000000000000000, 0.000000000000000000, 0.000000000000000000 ) ) ;
#3996 = EDGE_CURVE ( 'NONE', #1659, #4690, #4392, .T. ) ;
#3997 = DIRECTION ( 'NONE',  ( -1.000000000000000000, 0.000000000000000000, -0.000000000000000000 ) ) ;
#3998 = DIRECTION ( 'NONE',  ( -0.000000000000000000, -0.000000000000000000, 1.000000000000000000 ) ) ;
#3999 = CIRCLE ( 'NONE', #1642, 0.1249999999999998890 ) ;
#4000 = VECTOR ( 'NONE', #2906, 1000.000000000000000 ) ;
#4001 = EDGE_CURVE ( 'NONE', #8808, #2576, #8746, .T. ) ;
#4002 = VERTEX_POINT ( 'NONE', #1940 ) ;
#4003 = ORIENTED_EDGE ( 'NONE', *, *, #3816, .F. ) ;
#4004 = CARTESIAN_POINT ( 'NONE',  ( 1.469999999999991980, 0.1519999999999999962, -0.6250000000000308642 ) ) ;
#4005 = EDGE_CURVE ( 'NONE', #1092, #8203, #7076, .T. ) ;
#4006 = ADVANCED_FACE ( 'NONE', ( #9334 ), #5702, .T. ) ;
#4007 = ORIENTED_EDGE ( 'NONE', *, *, #6960, .F. ) ;
#4008 = ORIENTED_EDGE ( 'NONE', *, *, #8820, .T. ) ;
#4009 = VECTOR ( 'NONE', #635, 1000.000000000000000 ) ;
#4010 = CARTESIAN_POINT ( 'NONE',  ( 0.6250000000000044409, 0.1519999999999999962, -1.224999999999997868 ) ) ;
#4011 = DIRECTION ( 'NONE',  ( 0.000000000000000000, -1.000000000000000000, 0.000000000000000000 ) ) ;
#4012 = CLOSED_SHELL ( 'NONE', ( #3164, #5929, #9267, #6441, #5377, #9157, #8489, #6034, #6924, #7762 ) ) ;
#4013 = CARTESIAN_POINT ( 'NONE',  ( -0.6399999999999947953, 0.05000000000000002359, -1.499999999999986677 ) ) ;
#4014 = CARTESIAN_POINT ( 'NONE',  ( 0.7500000000000193179, 0.05000000000000002359, 1.224999999999972555 ) ) ;
#4015 = CARTESIAN_POINT ( 'NONE',  ( -1.499999999999984679, 0.1519999999999999962, 0.6400000000000000133 ) ) ;
#4016 = AXIS2_PLACEMENT_3D ( 'NONE', #575, #7872, #7177 ) ;
#4017 = ORIENTED_EDGE ( 'NONE', *, *, #1471, .F. ) ;
#4018 = CARTESIAN_POINT ( 'NONE',  ( 1.469999999999997087, 0.1519999999999999962, -0.1400000000000309053 ) ) ;
#4019 = ORIENTED_EDGE ( 'NONE', *, *, #7902, .F. ) ;
#4020 = ORIENTED_EDGE ( 'NONE', *, *, #2140, .T. ) ;
#4021 = CARTESIAN_POINT ( 'NONE',  ( 1.224999999999991873, 0.1519999999999999962, -0.7500000000000307532 ) ) ;
#4022 = ORIENTED_EDGE ( 'NONE', *, *, #6080, .F. ) ;
#4023 = EDGE_CURVE ( 'NONE', #6525, #8367, #4104, .T. ) ;
#4024 = CARTESIAN_POINT ( 'NONE',  ( -1.469999999999989759, 0.1519999999999999962, 0.1250000000000000000 ) ) ;
#4025 = LINE ( 'NONE', #2543, #1771 ) ;
#4026 = CARTESIAN_POINT ( 'NONE',  ( 1.470000000000002416, 0.1519999999999999962, 0.3749999999999691358 ) ) ;
#4027 = EDGE_CURVE ( 'NONE', #3650, #1682, #3526, .T. ) ;
#4028 = VERTEX_POINT ( 'NONE', #8600 ) ;
#4029 =( NAMED_UNIT ( * ) SI_UNIT ( $, .STERADIAN. ) SOLID_ANGLE_UNIT ( ) );
#4030 = CYLINDRICAL_SURFACE ( 'NONE', #6496, 0.1249999999999998890 ) ;
#4031 = VERTEX_POINT ( 'NONE', #468 ) ;
#4032 = CARTESIAN_POINT ( 'NONE',  ( 1.500000000000002442, 0.1519999999999999962, 0.3599999999999691225 ) ) ;
#4033 = CARTESIAN_POINT ( 'NONE',  ( -0.8750000000000126565, 0.1519999999999999962, 1.224999999999990763 ) ) ;
#4034 = LINE ( 'NONE', #4811, #7246 ) ;
#4035 = ADVANCED_FACE ( 'NONE', ( #8650 ), #1992, .F. ) ;
#4036 = LINE ( 'NONE', #293, #1399 ) ;
#4037 = ORIENTED_EDGE ( 'NONE', *, *, #5126, .T. ) ;
#4038 = CARTESIAN_POINT ( 'NONE',  ( -0.6249999999999947820, 0.1519999999999999962, -1.469999999999986429 ) ) ;
#4039 = DIRECTION ( 'NONE',  ( 0.000000000000000000, 0.000000000000000000, 1.000000000000000000 ) ) ;
#4040 = ORIENTED_EDGE ( 'NONE', *, *, #235, .F. ) ;
#4041 = FACE_OUTER_BOUND ( 'NONE', #7861, .T. ) ;
#4042 = CARTESIAN_POINT ( 'NONE',  ( 1.469999999999991980, 0.1519999999999999962, -0.8600000000000308509 ) ) ;
#4043 = EDGE_CURVE ( 'NONE', #6733, #6256, #3378, .T. ) ;
#4044 = DIRECTION ( 'NONE',  ( 0.000000000000000000, 0.000000000000000000, -1.000000000000000000 ) ) ;
#4045 = VECTOR ( 'NONE', #3484, 1000.000000000000000 ) ;
#4046 = CARTESIAN_POINT ( 'NONE',  ( 1.470000000000002416, 0.1519999999999999962, 0.1399999999999691769 ) ) ;
#4047 = CARTESIAN_POINT ( 'NONE',  ( -0.1399999999999807510, 0.1519999999999999962, 1.469999999999983320 ) ) ;
#4048 = ORIENTED_EDGE ( 'NONE', *, *, #2468, .T. ) ;
#4049 = ORIENTED_EDGE ( 'NONE', *, *, #43, .F. ) ;
#4050 = DIRECTION ( 'NONE',  ( 1.000000000000000000, 0.000000000000000000, 0.000000000000000000 ) ) ;
#4051 = ORIENTED_EDGE ( 'NONE', *, *, #3662, .T. ) ;
#4052 = ORIENTED_EDGE ( 'NONE', *, *, #1775, .T. ) ;
#4053 =( GEOMETRIC_REPRESENTATION_CONTEXT ( 3 ) GLOBAL_UNCERTAINTY_ASSIGNED_CONTEXT ( ( #7129 ) ) GLOBAL_UNIT_ASSIGNED_CONTEXT ( ( #3621, #19, #5749 ) ) REPRESENTATION_CONTEXT ( 'NONE', 'WORKASPACE' ) );
#4054 = EDGE_CURVE ( 'NONE', #8159, #5906, #1297, .T. ) ;
#4055 = CARTESIAN_POINT ( 'NONE',  ( 0.2500000000000192624, 0.1519999999999999962, 1.224999999999978106 ) ) ;
#4056 = DIRECTION ( 'NONE',  ( 1.000000000000000000, 0.000000000000000000, 0.000000000000000000 ) ) ;
#4057 = CARTESIAN_POINT ( 'NONE',  ( -0.7499999999999956701, 0.1519999999999999962, -1.224999999999986988 ) ) ;
#4058 = DIRECTION ( 'NONE',  ( 0.000000000000000000, -0.000000000000000000, -1.000000000000000000 ) ) ;
#4059 = VECTOR ( 'NONE', #3649, 1000.000000000000000 ) ;
#4060 = ORIENTED_EDGE ( 'NONE', *, *, #7266, .T. ) ;
#4061 = DIRECTION ( 'NONE',  ( 0.000000000000000000, -1.000000000000000000, 0.000000000000000000 ) ) ;
#4062 = VERTEX_POINT ( 'NONE', #6293 ) ;
#4063 = ORIENTED_EDGE ( 'NONE', *, *, #7052, .T. ) ;
#4064 = PLANE ( 'NONE',  #5965 ) ;
#4065 = VERTEX_POINT ( 'NONE', #1891 ) ;
#4066 = VECTOR ( 'NONE', #6295, 1000.000000000000000 ) ;
#4067 = CARTESIAN_POINT ( 'NONE',  ( -1.469999999999994866, 0.1519999999999999962, -0.3599999999999999867 ) ) ;
#4068 = VECTOR ( 'NONE', #4319, 1000.000000000000000 ) ;
#4069 = LINE ( 'NONE', #9393, #5998 ) ;
#4070 = CARTESIAN_POINT ( 'NONE',  ( 1.224999999999997202, 0.1519999999999999962, -0.3750000000000307532 ) ) ;
#4071 = EDGE_CURVE ( 'NONE', #1269, #6256, #5475, .T. ) ;
#4072 = EDGE_CURVE ( 'NONE', #903, #5168, #7866, .T. ) ;
#4073 = VERTEX_POINT ( 'NONE', #7817 ) ;
#4074 = DIRECTION ( 'NONE',  ( -3.097720492815727461E-15, 0.000000000000000000, 1.000000000000000000 ) ) ;
#4075 = EDGE_CURVE ( 'NONE', #7539, #8871, #9287, .T. ) ;
#4076 = VECTOR ( 'NONE', #66, 1000.000000000000000 ) ;
#4077 = ORIENTED_EDGE ( 'NONE', *, *, #2029, .T. ) ;
#4078 = CARTESIAN_POINT ( 'NONE',  ( 0.1250000000000044964, 0.1519999999999999962, -1.224999999999994316 ) ) ;
#4079 = LINE ( 'NONE', #6467, #2378 ) ;
#4080 = CARTESIAN_POINT ( 'NONE',  ( 1.224999999999991873, 0.1519999999999999962, -0.8750000000000307532 ) ) ;
#4081 = DIRECTION ( 'NONE',  ( 0.000000000000000000, -1.000000000000000000, 0.000000000000000000 ) ) ;
#4082 = AXIS2_PLACEMENT_3D ( 'NONE', #9172, #6070, #2464 ) ;
#4083 = FACE_OUTER_BOUND ( 'NONE', #5102, .T. ) ;
#4084 = VERTEX_POINT ( 'NONE', #6394 ) ;
#4085 = PLANE ( 'NONE',  #5487 ) ;
#4086 = CARTESIAN_POINT ( 'NONE',  ( 0.8750000000000192069, 0.000000000000000000, 1.469999999999972662 ) ) ;
#4087 = EDGE_CURVE ( 'NONE', #1, #1682, #2774, .T. ) ;
#4088 = VERTEX_POINT ( 'NONE', #1099 ) ;
#4089 = DIRECTION ( 'NONE',  ( -1.000000000000000000, 0.000000000000000000, 0.000000000000000000 ) ) ;
#4090 = ADVANCED_FACE ( 'NONE', ( #6349 ), #2627, .F. ) ;
#4091 = DIRECTION ( 'NONE',  ( 1.000000000000000000, -0.000000000000000000, 3.097720492815727461E-15 ) ) ;
#4092 = DIRECTION ( 'NONE',  ( 1.000000000000000000, 0.000000000000000000, -4.425314989736752882E-16 ) ) ;
#4093 = VECTOR ( 'NONE', #729, 1000.000000000000000 ) ;
#4094 = DIRECTION ( 'NONE',  ( -0.000000000000000000, -0.000000000000000000, -1.000000000000000000 ) ) ;
#4095 = PLANE ( 'NONE',  #8835 ) ;
#4096 = ORIENTED_EDGE ( 'NONE', *, *, #2071, .T. ) ;
#4097 = VERTEX_POINT ( 'NONE', #5033 ) ;
#4098 = DIRECTION ( 'NONE',  ( 1.000000000000000000, 0.000000000000000000, 3.097720492815727461E-15 ) ) ;
#4099 = VECTOR ( 'NONE', #9105, 1000.000000000000000 ) ;
#4100 = ORIENTED_EDGE ( 'NONE', *, *, #8552, .F. ) ;
#4101 = ORIENTED_EDGE ( 'NONE', *, *, #5205, .F. ) ;
#4102 = LINE ( 'NONE', #4880, #3351 ) ;
#4103 = SURFACE_STYLE_USAGE ( .BOTH. , #7169 ) ;
#4104 = LINE ( 'NONE', #1199, #470 ) ;
#4105 = DIRECTION ( 'NONE',  ( -0.000000000000000000, 0.000000000000000000, 1.000000000000000000 ) ) ;
#4106 = AXIS2_PLACEMENT_3D ( 'NONE', #6317, #4179, #389 ) ;
#4107 = ADVANCED_FACE ( 'NONE', ( #9378 ), #7916, .F. ) ;
#4108 = EDGE_CURVE ( 'NONE', #3632, #9164, #6443, .T. ) ;
#4109 = UNCERTAINTY_MEASURE_WITH_UNIT (LENGTH_MEASURE( 1.000000000000000082E-05 ), #1021, 'distance_accuracy_value', 'NONE');
#4110 = ORIENTED_EDGE ( 'NONE', *, *, #3500, .T. ) ;
#4111 = DIRECTION ( 'NONE',  ( 1.000000000000000000, 0.000000000000000000, 0.000000000000000000 ) ) ;
#4112 = ORIENTED_EDGE ( 'NONE', *, *, #6725, .F. ) ;
#4113 = ORIENTED_EDGE ( 'NONE', *, *, #8711, .T. ) ;
#4114 = CARTESIAN_POINT ( 'NONE',  ( 0.8600000000000191935, 0.000000000000000000, 1.469999999999972662 ) ) ;
#4115 = ORIENTED_EDGE ( 'NONE', *, *, #2884, .T. ) ;
#4116 = VECTOR ( 'NONE', #4755, 1000.000000000000000 ) ;
#4117 = DIRECTION ( 'NONE',  ( 1.000000000000000000, -0.000000000000000000, -0.000000000000000000 ) ) ;
#4118 = CARTESIAN_POINT ( 'NONE',  ( 1.470000000000007523, 0.05000000000000002359, 0.8599999999999691225 ) ) ;
#4119 = CARTESIAN_POINT ( 'NONE',  ( -0.6399999999999947953, 0.1519999999999999962, -1.469999999999986429 ) ) ;
#4120 = ORIENTED_EDGE ( 'NONE', *, *, #6519, .F. ) ;
#4121 = DIRECTION ( 'NONE',  ( -1.000000000000000000, 0.000000000000000000, 5.531643737170941473E-16 ) ) ;
#4122 = PLANE ( 'NONE',  #7740 ) ;
#4123 = AXIS2_PLACEMENT_3D ( 'NONE', #9582, #2088, #4350 ) ;
#4124 = VERTEX_POINT ( 'NONE', #5268 ) ;
#4125 = PLANE ( 'NONE',  #8160 ) ;
#4126 = EDGE_CURVE ( 'NONE', #8643, #329, #5852, .T. ) ;
#4127 = EDGE_CURVE ( 'NONE', #7273, #5628, #2089, .T. ) ;
#4128 = CARTESIAN_POINT ( 'NONE',  ( -0.3599999999999806688, 0.1519999999999999962, 1.469999999999983320 ) ) ;
#4129 = CARTESIAN_POINT ( 'NONE',  ( -0.1249999999999957256, 0.1519999999999999962, -1.224999999999989875 ) ) ;
#4130 = CARTESIAN_POINT ( 'NONE',  ( -0.1249999999999947681, 0.05000000000000002359, -1.469999999999989981 ) ) ;
#4131 = AXIS2_PLACEMENT_3D ( 'NONE', #4278, #543, #7196 ) ;
#4132 = DIRECTION ( 'NONE',  ( 0.000000000000000000, 0.000000000000000000, -1.000000000000000000 ) ) ;
#4133 = ORIENTED_EDGE ( 'NONE', *, *, #2153, .T. ) ;
#4134 = FACE_OUTER_BOUND ( 'NONE', #3235, .T. ) ;
#4135 = CARTESIAN_POINT ( 'NONE',  ( -0.000000000000000000, 0.05000000000000002359, 1.469999999999977991 ) ) ;
#4136 = VECTOR ( 'NONE', #7435, 1000.000000000000000 ) ;
#4137 = ORIENTED_EDGE ( 'NONE', *, *, #2948, .T. ) ;
#4138 = DIRECTION ( 'NONE',  ( -1.000000000000000000, 0.000000000000000000, -3.982783490763077545E-15 ) ) ;
#4139 = CARTESIAN_POINT ( 'NONE',  ( -0.3749999999999947264, 0.1519999999999999962, -1.469999999999990870 ) ) ;
#4140 = EDGE_CURVE ( 'NONE', #7193, #5758, #9585, .T. ) ;
#4141 = LINE ( 'NONE', #8638, #9704 ) ;
#4142 = VECTOR ( 'NONE', #7529, 1000.000000000000000 ) ;
#4143 = DIRECTION ( 'NONE',  ( 0.000000000000000000, 0.000000000000000000, -1.000000000000000000 ) ) ;
#4144 = CARTESIAN_POINT ( 'NONE',  ( 0.000000000000000000, 0.8000000000000000444, 0.000000000000000000 ) ) ;
#4145 = VECTOR ( 'NONE', #4438, 1000.000000000000000 ) ;
#4146 = ORIENTED_EDGE ( 'NONE', *, *, #9305, .T. ) ;
#4147 = EDGE_LOOP ( 'NONE', ( #1010, #8888, #3828, #8319 ) ) ;
#4148 = LINE ( 'NONE', #7860, #1656 ) ;
#4149 = ORIENTED_EDGE ( 'NONE', *, *, #6689, .T. ) ;
#4150 = ORIENTED_EDGE ( 'NONE', *, *, #1942, .F. ) ;
#4151 = FACE_OUTER_BOUND ( 'NONE', #262, .T. ) ;
#4152 = CARTESIAN_POINT ( 'NONE',  ( 1.470000000000002416, 0.000000000000000000, 0.3599999999999691225 ) ) ;
#4153 = FILL_AREA_STYLE ('',( #1991 ) ) ;
#4154 = CARTESIAN_POINT ( 'NONE',  ( -1.469999999999994866, 0.000000000000000000, -0.3599999999999999867 ) ) ;
#4155 = AXIS2_PLACEMENT_3D ( 'NONE', #8143, #8924, #5880 ) ;
#4156 = LINE ( 'NONE', #6444, #5313 ) ;
#4157 = ADVANCED_FACE ( 'NONE', ( #4449 ), #8943, .F. ) ;
#4158 = VERTEX_POINT ( 'NONE', #8163 ) ;
#4159 = CYLINDRICAL_SURFACE ( 'NONE', #4336, 0.1499999999999999667 ) ;
#4160 = CIRCLE ( 'NONE', #5876, 0.1499999999999999667 ) ;
#4161 = ORIENTED_EDGE ( 'NONE', *, *, #4496, .F. ) ;
#4162 = ORIENTED_EDGE ( 'NONE', *, *, #9357, .T. ) ;
#4163 = FACE_OUTER_BOUND ( 'NONE', #4720, .T. ) ;
#4164 = VECTOR ( 'NONE', #2757, 1000.000000000000000 ) ;
#4165 = VERTEX_POINT ( 'NONE', #7420 ) ;
#4166 = CARTESIAN_POINT ( 'NONE',  ( 1.499999999999999778, 0.8000000000000000444, 1.500000000000000000 ) ) ;
#4167 = EDGE_CURVE ( 'NONE', #5180, #7214, #8800, .T. ) ;
#4168 = LINE ( 'NONE', #1208, #4612 ) ;
#4169 = CARTESIAN_POINT ( 'NONE',  ( -1.469999999999984652, 0.1519999999999999962, 0.6400000000000000133 ) ) ;
#4170 = ORIENTED_EDGE ( 'NONE', *, *, #5142, .F. ) ;
#4171 = AXIS2_PLACEMENT_3D ( 'NONE', #6688, #9684, #2239 ) ;
#4172 = STYLED_ITEM ( 'NONE', ( #4778 ), #15 ) ;
#4173 = FACE_OUTER_BOUND ( 'NONE', #891, .T. ) ;
#4174 = CARTESIAN_POINT ( 'NONE',  ( -1.469999999999989759, 0.1519999999999999962, 0.3750000000000000000 ) ) ;
#4175 = CARTESIAN_POINT ( 'NONE',  ( 0.8600000000000052047, 0.000000000000000000, -1.469999999999996865 ) ) ;
#4176 = ORIENTED_EDGE ( 'NONE', *, *, #7449, .F. ) ;
#4177 = CARTESIAN_POINT ( 'NONE',  ( 1.225000000000007638, 0.1519999999999999962, 0.8749999999999691358 ) ) ;
#4178 = CIRCLE ( 'NONE', #6969, 0.1249999999999998890 ) ;
#4179 = DIRECTION ( 'NONE',  ( 0.000000000000000000, -1.000000000000000000, 0.000000000000000000 ) ) ;
#4180 = DIRECTION ( 'NONE',  ( -0.000000000000000000, -1.000000000000000000, -0.000000000000000000 ) ) ;
#4181 = DIRECTION ( 'NONE',  ( 0.000000000000000000, 0.000000000000000000, -1.000000000000000000 ) ) ;
#4182 = DIRECTION ( 'NONE',  ( 1.000000000000000000, 0.000000000000000000, -4.425314989736752882E-16 ) ) ;
#4183 = ORIENTED_EDGE ( 'NONE', *, *, #9573, .F. ) ;
#4184 = DIRECTION ( 'NONE',  ( 0.000000000000000000, -1.000000000000000000, 0.000000000000000000 ) ) ;
#4185 = DIRECTION ( 'NONE',  ( 0.000000000000000000, -1.000000000000000000, 0.000000000000000000 ) ) ;
#4186 = EDGE_CURVE ( 'NONE', #5110, #3956, #4400, .T. ) ;
#4187 = ORIENTED_EDGE ( 'NONE', *, *, #8336, .T. ) ;
#4188 = DIRECTION ( 'NONE',  ( -3.982783490763077545E-15, 0.000000000000000000, 1.000000000000000000 ) ) ;
#4189 = DIRECTION ( 'NONE',  ( -1.000000000000000000, 0.000000000000000000, 0.000000000000000000 ) ) ;
#4190 = DIRECTION ( 'NONE',  ( 0.000000000000000000, -1.000000000000000000, 0.000000000000000000 ) ) ;
#4191 = LINE ( 'NONE', #9466, #1408 ) ;
#4192 = EDGE_CURVE ( 'NONE', #8434, #7934, #5175, .T. ) ;
#4193 = CARTESIAN_POINT ( 'NONE',  ( 0.6400000000000192202, 0.1519999999999999962, 1.469999999999972662 ) ) ;
#4194 = EDGE_CURVE ( 'NONE', #8940, #2413, #3766, .T. ) ;
#4195 = VERTEX_POINT ( 'NONE', #4352 ) ;
#4196 = VERTEX_POINT ( 'NONE', #2138 ) ;
#4197 = DIRECTION ( 'NONE',  ( 1.000000000000000000, 0.000000000000000000, -4.425314989736752882E-16 ) ) ;
#4198 = ORIENTED_EDGE ( 'NONE', *, *, #4821, .F. ) ;
#4199 = VERTEX_POINT ( 'NONE', #5804 ) ;
#4200 = DIRECTION ( 'NONE',  ( 0.000000000000000000, 0.000000000000000000, 1.000000000000000000 ) ) ;
#4201 = CARTESIAN_POINT ( 'NONE',  ( -1.500000000000000222, 0.05000000000000002359, -1.500000000000000000 ) ) ;
#4202 = ADVANCED_FACE ( 'NONE', ( #8063 ), #8110, .T. ) ;
#4203 = CARTESIAN_POINT ( 'NONE',  ( 1.469999999999997087, 0.1519999999999999962, -0.1250000000000308642 ) ) ;
#4204 = DIRECTION ( 'NONE',  ( -0.000000000000000000, 1.000000000000000000, -0.000000000000000000 ) ) ;
#4205 = CARTESIAN_POINT ( 'NONE',  ( 1.499999999999997113, 0.05000000000000002359, -0.3600000000000307954 ) ) ;
#4206 = CIRCLE ( 'NONE', #9205, 0.1249999999999998890 ) ;
#4207 = ORIENTED_EDGE ( 'NONE', *, *, #8177, .F. ) ;
#4208 = CARTESIAN_POINT ( 'NONE',  ( -0.8749999999999955591, 0.1519999999999999962, -1.224999999999987432 ) ) ;
#4209 = EDGE_LOOP ( 'NONE', ( #3418, #749, #9090, #7958 ) ) ;
#4210 = ORIENTED_EDGE ( 'NONE', *, *, #8430, .F. ) ;
#4211 = DIRECTION ( 'NONE',  ( -3.942553354492744616E-15, 0.000000000000000000, 1.000000000000000000 ) ) ;
#4212 = EDGE_CURVE ( 'NONE', #6435, #794, #4537, .T. ) ;
#4213 = VERTEX_POINT ( 'NONE', #6730 ) ;
#4214 = CARTESIAN_POINT ( 'NONE',  ( 0.3600000000000192490, 0.1519999999999999962, 1.469999999999977991 ) ) ;
#4215 = CARTESIAN_POINT ( 'NONE',  ( -1.469999999999994866, 0.1519999999999999962, -0.1400000000000000411 ) ) ;
#4216 = DIRECTION ( 'NONE',  ( 1.307680579467250963E-13, -0.000000000000000000, 1.000000000000000000 ) ) ;
#4217 = AXIS2_PLACEMENT_3D ( 'NONE', #9531, #2232, #5220 ) ;
#4218 = EDGE_LOOP ( 'NONE', ( #1253, #952, #170, #3531, #4457, #1834, #9312, #183 ) ) ;
#4219 = DIRECTION ( 'NONE',  ( -1.000000000000000000, 0.000000000000000000, 4.425314989736752882E-16 ) ) ;
#4220 = DIRECTION ( 'NONE',  ( 0.000000000000000000, -1.000000000000000000, 0.000000000000000000 ) ) ;
#4221 = AXIS2_PLACEMENT_3D ( 'NONE', #2810, #2076, #5789 ) ;
#4222 = ORIENTED_EDGE ( 'NONE', *, *, #4027, .T. ) ;
#4223 = CARTESIAN_POINT ( 'NONE',  ( 0.8750000000000192069, 0.1519999999999999962, 1.469999999999972662 ) ) ;
#4224 = DIRECTION ( 'NONE',  ( 0.000000000000000000, 0.000000000000000000, -1.000000000000000000 ) ) ;
#4225 = FACE_OUTER_BOUND ( 'NONE', #7213, .T. ) ;
#4226 = CARTESIAN_POINT ( 'NONE',  ( 1.469999999999997087, 0.1519999999999999962, -0.3600000000000307954 ) ) ;
#4227 = FACE_OUTER_BOUND ( 'NONE', #8157, .T. ) ;
#4228 = ORIENTED_EDGE ( 'NONE', *, *, #844, .F. ) ;
#4229 = VECTOR ( 'NONE', #3181, 1000.000000000000000 ) ;
#4230 = VECTOR ( 'NONE', #224, 1000.000000000000000 ) ;
#4231 = CARTESIAN_POINT ( 'NONE',  ( -1.469999999999984652, 0.1519999999999999962, 0.8599999999999999867 ) ) ;
#4232 = CARTESIAN_POINT ( 'NONE',  ( -1.500000000000000222, 0.05000000000000002359, -1.500000000000000000 ) ) ;
#4233 = ADVANCED_FACE ( 'NONE', ( #7373 ), #1397, .T. ) ;
#4234 = EDGE_CURVE ( 'NONE', #7425, #2942, #309, .T. ) ;
#4235 = ORIENTED_EDGE ( 'NONE', *, *, #3469, .T. ) ;
#4236 = CARTESIAN_POINT ( 'NONE',  ( -0.1249999999999947681, 0.1519999999999999962, -1.469999999999989981 ) ) ;
#4237 = DIRECTION ( 'NONE',  ( 6.637972484605129570E-16, 0.000000000000000000, 1.000000000000000000 ) ) ;
#4238 = AXIS2_PLACEMENT_3D ( 'NONE', #7007, #4239, #3511 ) ;
#4239 = DIRECTION ( 'NONE',  ( 0.000000000000000000, 0.000000000000000000, 1.000000000000000000 ) ) ;
#4240 = CARTESIAN_POINT ( 'NONE',  ( -0.6249999999999807931, 0.1519999999999999962, 1.469999999999988649 ) ) ;
#4241 = CARTESIAN_POINT ( 'NONE',  ( -0.8599999999999947686, 0.1519999999999999962, -1.469999999999987317 ) ) ;
#4242 = CIRCLE ( 'NONE', #5946, 0.1249999999999998890 ) ;
#4243 = ORIENTED_EDGE ( 'NONE', *, *, #2422, .T. ) ;
#4244 = EDGE_LOOP ( 'NONE', ( #917, #8547, #6889, #5365, #374, #8734, #5971, #979, #2211 ) ) ;
#4245 = DIRECTION ( 'NONE',  ( 3.097720492815727461E-15, 0.000000000000000000, -1.000000000000000000 ) ) ;
#4246 = VERTEX_POINT ( 'NONE', #2182 ) ;
#4247 = ORIENTED_EDGE ( 'NONE', *, *, #1886, .F. ) ;
#4248 = CARTESIAN_POINT ( 'NONE',  ( 1.500000000000007550, 0.1519999999999999962, 0.6399999999999691491 ) ) ;
#4249 = EDGE_CURVE ( 'NONE', #4690, #1243, #1449, .T. ) ;
#4250 = EDGE_CURVE ( 'NONE', #2682, #6435, #2233, .T. ) ;
#4251 = EDGE_LOOP ( 'NONE', ( #3888, #611, #9294, #8116 ) ) ;
#4252 = AXIS2_PLACEMENT_3D ( 'NONE', #595, #7349, #3651 ) ;
#4253 = CARTESIAN_POINT ( 'NONE',  ( 0.2500000000000192624, 0.1519999999999999962, 1.224999999999978106 ) ) ;
#4254 =( LENGTH_UNIT ( ) NAMED_UNIT ( * ) SI_UNIT ( .MILLI., .METRE. ) );
#4255 = CARTESIAN_POINT ( 'NONE',  ( 0.6250000000000052180, 0.1519999999999999962, -1.469999999999997753 ) ) ;
#4256 = CARTESIAN_POINT ( 'NONE',  ( -0.6399999999999947953, 0.000000000000000000, -1.469999999999986429 ) ) ;
#4257 = CARTESIAN_POINT ( 'NONE',  ( -0.8749999999999807931, 0.1519999999999999962, 1.469999999999988649 ) ) ;
#4258 = VECTOR ( 'NONE', #1912, 1000.000000000000000 ) ;
#4259 = ORIENTED_EDGE ( 'NONE', *, *, #4186, .F. ) ;
#4260 = ORIENTED_EDGE ( 'NONE', *, *, #60, .T. ) ;
#4261 = PLANE ( 'NONE',  #1180 ) ;
#4262 = ORIENTED_EDGE ( 'NONE', *, *, #1344, .T. ) ;
#4263 = ORIENTED_EDGE ( 'NONE', *, *, #2856, .F. ) ;
#4264 = LINE ( 'NONE', #1898, #7949 ) ;
#4265 = ORIENTED_EDGE ( 'NONE', *, *, #7848, .T. ) ;
#4266 = CARTESIAN_POINT ( 'NONE',  ( -1.499999999999989786, 0.1519999999999999962, 0.3599999999999999867 ) ) ;
#4267 = EDGE_CURVE ( 'NONE', #1885, #3805, #1497, .T. ) ;
#4268 = PLANE ( 'NONE',  #772 ) ;
#4269 = AXIS2_PLACEMENT_3D ( 'NONE', #6057, #4510, #5284 ) ;
#4270 = ORIENTED_EDGE ( 'NONE', *, *, #1697, .F. ) ;
#4271 = DIRECTION ( 'NONE',  ( -4.425314989736752882E-16, 0.000000000000000000, -1.000000000000000000 ) ) ;
#4272 = EDGE_CURVE ( 'NONE', #6644, #2113, #8989, .T. ) ;
#4273 = DIRECTION ( 'NONE',  ( -0.000000000000000000, -1.000000000000000000, -0.000000000000000000 ) ) ;
#4274 = VECTOR ( 'NONE', #3497, 1000.000000000000000 ) ;
#4275 = ORIENTED_EDGE ( 'NONE', *, *, #3832, .F. ) ;
#4276 = CARTESIAN_POINT ( 'NONE',  ( -1.224999999999994982, 0.1519999999999999962, -0.3749999999999998890 ) ) ;
#4277 = DIRECTION ( 'NONE',  ( 1.000000000000000000, 0.000000000000000000, 0.000000000000000000 ) ) ;
#4278 = CARTESIAN_POINT ( 'NONE',  ( -1.470000000000000195, 0.1519999999999999962, -0.6400000000000000133 ) ) ;
#4279 = DIRECTION ( 'NONE',  ( -0.000000000000000000, -1.000000000000000000, -0.000000000000000000 ) ) ;
#4280 = CARTESIAN_POINT ( 'NONE',  ( -0.6399999999999947953, 0.1519999999999999962, -1.499999999999986677 ) ) ;
#4281 = ORIENTED_EDGE ( 'NONE', *, *, #6740, .F. ) ;
#4282 = VECTOR ( 'NONE', #6457, 1000.000000000000000 ) ;
#4283 = CARTESIAN_POINT ( 'NONE',  ( -1.200000000000000400, 0.7500000000000000000, -1.350000000000000089 ) ) ;
#4284 = ORIENTED_EDGE ( 'NONE', *, *, #8395, .T. ) ;
#4285 = CARTESIAN_POINT ( 'NONE',  ( 0.3750000000000193179, 0.1519999999999999962, 1.469999999999977991 ) ) ;
#4286 = VECTOR ( 'NONE', #2293, 1000.000000000000000 ) ;
#4287 = CARTESIAN_POINT ( 'NONE',  ( -1.499999999999995115, 0.1519999999999999962, -0.1400000000000000411 ) ) ;
#4288 = ADVANCED_FACE ( 'NONE', ( #8256 ), #3573, .F. ) ;
#4289 = ADVANCED_FACE ( 'NONE', ( #4731 ), #3213, .F. ) ;
#4290 = CARTESIAN_POINT ( 'NONE',  ( -1.499999999999995115, 0.1519999999999999962, -0.1400000000000000411 ) ) ;
#4291 = DIRECTION ( 'NONE',  ( 0.000000000000000000, -0.000000000000000000, 1.000000000000000000 ) ) ;
#4292 = DIRECTION ( 'NONE',  ( 0.000000000000000000, 0.000000000000000000, -1.000000000000000000 ) ) ;
#4293 = VECTOR ( 'NONE', #196, 1000.000000000000000 ) ;
#4294 = ORIENTED_EDGE ( 'NONE', *, *, #4478, .T. ) ;
#4295 = EDGE_LOOP ( 'NONE', ( #3519, #874, #7121, #2200, #1489, #5661, #5829, #7301 ) ) ;
#4296 = LINE ( 'NONE', #1934, #2922 ) ;
#4297 = VERTEX_POINT ( 'NONE', #4683 ) ;
#4298 = CARTESIAN_POINT ( 'NONE',  ( -0.1399999999999948230, 0.1519999999999999962, -1.469999999999989981 ) ) ;
#4299 = PRESENTATION_LAYER_ASSIGNMENT (  '', '', ( #5686 ) ) ;
#4300 = CARTESIAN_POINT ( 'NONE',  ( 0.6250000000000052180, 0.1519999999999999962, -1.469999999999997753 ) ) ;
#4301 = CARTESIAN_POINT ( 'NONE',  ( -1.200000000000000400, 0.7500000000000000000, -1.050000000000000044 ) ) ;
#4302 = ADVANCED_FACE ( 'NONE', ( #1731 ), #8446, .T. ) ;
#4303 = DIRECTION ( 'NONE',  ( -0.000000000000000000, -1.000000000000000000, -0.000000000000000000 ) ) ;
#4304 = CARTESIAN_POINT ( 'NONE',  ( 0.2500000000000043854, 0.1519999999999999962, -1.224999999999993872 ) ) ;
#4305 = EDGE_CURVE ( 'NONE', #3064, #2274, #4585, .T. ) ;
#4306 = EDGE_CURVE ( 'NONE', #8294, #6252, #1572, .T. ) ;
#4307 = EDGE_CURVE ( 'NONE', #25, #3256, #9225, .T. ) ;
#4308 = UNCERTAINTY_MEASURE_WITH_UNIT (LENGTH_MEASURE( 1.000000000000000082E-05 ), #2873, 'distance_accuracy_value', 'NONE');
#4309 = EDGE_LOOP ( 'NONE', ( #1955, #1560, #5458, #893 ) ) ;
#4310 = VERTEX_POINT ( 'NONE', #8495 ) ;
#4311 = DIRECTION ( 'NONE',  ( 0.000000000000000000, 0.000000000000000000, -1.000000000000000000 ) ) ;
#4312 = ORIENTED_EDGE ( 'NONE', *, *, #7090, .F. ) ;
#4313 = VERTEX_POINT ( 'NONE', #803 ) ;
#4314 = CARTESIAN_POINT ( 'NONE',  ( 0.6400000000000053424, 0.000000000000000000, -1.499999999999997780 ) ) ;
#4315 = EDGE_LOOP ( 'NONE', ( #6285, #2093, #5272, #7630 ) ) ;
#4316 = AXIS2_PLACEMENT_3D ( 'NONE', #548, #2068, #2018 ) ;
#4317 = DIRECTION ( 'NONE',  ( 1.000000000000000000, 0.000000000000000000, 0.000000000000000000 ) ) ;
#4318 = DIRECTION ( 'NONE',  ( 0.000000000000000000, 0.000000000000000000, -1.000000000000000000 ) ) ;
#4319 = DIRECTION ( 'NONE',  ( -0.000000000000000000, -0.000000000000000000, 1.000000000000000000 ) ) ;
#4320 = VERTEX_POINT ( 'NONE', #1639 ) ;
#4321 = DIRECTION ( 'NONE',  ( -0.000000000000000000, -1.000000000000000000, -0.000000000000000000 ) ) ;
#4322 = ADVANCED_FACE ( 'NONE', ( #2424 ), #3900, .F. ) ;
#4323 = VECTOR ( 'NONE', #1316, 1000.000000000000000 ) ;
#4324 = AXIS2_PLACEMENT_3D ( 'NONE', #5640, #5688, #7899 ) ;
#4325 = PLANE ( 'NONE',  #3070 ) ;
#4326 = EDGE_CURVE ( 'NONE', #6500, #2777, #4637, .T. ) ;
#4327 = ORIENTED_EDGE ( 'NONE', *, *, #353, .F. ) ;
#4328 = CARTESIAN_POINT ( 'NONE',  ( -0.6399999999999947953, 0.1519999999999999962, -1.499999999999986677 ) ) ;
#4329 = CARTESIAN_POINT ( 'NONE',  ( 0.3600000000000192490, 0.1519999999999999962, 1.499999999999978240 ) ) ;
#4330 = DIRECTION ( 'NONE',  ( -0.000000000000000000, -1.000000000000000000, -0.000000000000000000 ) ) ;
#4331 = DIRECTION ( 'NONE',  ( -0.000000000000000000, -1.000000000000000000, -0.000000000000000000 ) ) ;
#4332 = VECTOR ( 'NONE', #4273, 1000.000000000000000 ) ;
#4333 = DIRECTION ( 'NONE',  ( 0.000000000000000000, -1.000000000000000000, 0.000000000000000000 ) ) ;
#4334 = ORIENTED_EDGE ( 'NONE', *, *, #3287, .F. ) ;
#4335 = LINE ( 'NONE', #7299, #4623 ) ;
#4336 = AXIS2_PLACEMENT_3D ( 'NONE', #4987, #5757, #1255 ) ;
#4337 = ORIENTED_EDGE ( 'NONE', *, *, #2422, .F. ) ;
#4338 = PLANE ( 'NONE',  #1652 ) ;
#4339 = FACE_OUTER_BOUND ( 'NONE', #2575, .T. ) ;
#4340 = EDGE_CURVE ( 'NONE', #8074, #5037, #946, .T. ) ;
#4341 = DIRECTION ( 'NONE',  ( 3.614007241618338910E-15, 0.000000000000000000, -1.000000000000000000 ) ) ;
#4342 = CARTESIAN_POINT ( 'NONE',  ( -1.224999999999994982, 0.1519999999999999962, -0.1250000000000001110 ) ) ;
#4343 = DIRECTION ( 'NONE',  ( 0.000000000000000000, 0.000000000000000000, -1.000000000000000000 ) ) ;
#4344 = EDGE_CURVE ( 'NONE', #4124, #6399, #6225, .T. ) ;
#4345 = ORIENTED_EDGE ( 'NONE', *, *, #3719, .T. ) ;
#4346 = ORIENTED_EDGE ( 'NONE', *, *, #4234, .T. ) ;
#4347 = PLANE ( 'NONE',  #3847 ) ;
#4348 = ORIENTED_EDGE ( 'NONE', *, *, #3996, .T. ) ;
#4349 = DIRECTION ( 'NONE',  ( -1.000000000000000000, 0.000000000000000000, -0.000000000000000000 ) ) ;
#4350 = DIRECTION ( 'NONE',  ( -0.000000000000000000, 0.000000000000000000, 1.000000000000000000 ) ) ;
#4351 = DIRECTION ( 'NONE',  ( 0.000000000000000000, 0.000000000000000000, -1.000000000000000000 ) ) ;
#4352 = CARTESIAN_POINT ( 'NONE',  ( -0.2500000000000128786, 0.1519999999999999962, 1.099999999999976108 ) ) ;
#4353 = PLANE ( 'NONE',  #9703 ) ;
#4354 = EDGE_CURVE ( 'NONE', #7604, #4088, #3166, .T. ) ;
#4355 = VERTEX_POINT ( 'NONE', #7519 ) ;
#4356 = ORIENTED_EDGE ( 'NONE', *, *, #7285, .T. ) ;
#4357 = CARTESIAN_POINT ( 'NONE',  ( 0.1250000000000052458, 0.05000000000000002359, -1.469999999999994422 ) ) ;
#4358 = ADVANCED_FACE ( 'NONE', ( #6774 ), #3951, .F. ) ;
#4359 = ORIENTED_EDGE ( 'NONE', *, *, #9128, .T. ) ;
#4360 = EDGE_LOOP ( 'NONE', ( #2333, #8867, #8809, #288, #4284, #5043, #5855, #3518 ) ) ;
#4361 = CARTESIAN_POINT ( 'NONE',  ( 1.499999999999997113, 0.1519999999999999962, -0.1400000000000309053 ) ) ;
#4362 = EDGE_LOOP ( 'NONE', ( #4614, #7323, #4359, #3852 ) ) ;
#4363 = CARTESIAN_POINT ( 'NONE',  ( -1.469999999999984652, 0.1519999999999999962, 0.6400000000000000133 ) ) ;
#4364 = PLANE ( 'NONE',  #8355 ) ;
#4365 = CARTESIAN_POINT ( 'NONE',  ( 0.6400000000000192202, 0.1519999999999999962, 1.469999999999972662 ) ) ;
#4366 = VERTEX_POINT ( 'NONE', #7657 ) ;
#4367 = AXIS2_PLACEMENT_3D ( 'NONE', #1155, #2098, #3582 ) ;
#4368 = CARTESIAN_POINT ( 'NONE',  ( 0.6250000000000052180, 0.000000000000000000, -1.469999999999997753 ) ) ;
#4369 = CARTESIAN_POINT ( 'NONE',  ( -1.200000000000000400, 0.7500000000000000000, -1.200000000000000178 ) ) ;
#4370 = ORIENTED_EDGE ( 'NONE', *, *, #884, .F. ) ;
#4371 = DIRECTION ( 'NONE',  ( -3.097720492815727067E-15, 0.000000000000000000, 1.000000000000000000 ) ) ;
#4372 = DIRECTION ( 'NONE',  ( -1.000000000000000000, -0.000000000000000000, -0.000000000000000000 ) ) ;
#4373 = EDGE_CURVE ( 'NONE', #5890, #9589, #2471, .T. ) ;
#4374 = ADVANCED_FACE ( 'NONE', ( #3069 ), #6040, .F. ) ;
#4375 = CARTESIAN_POINT ( 'NONE',  ( 1.469999999999991980, 0.1519999999999999962, -0.8750000000000308642 ) ) ;
#4376 = DIRECTION ( 'NONE',  ( -1.000000000000000000, 0.000000000000000000, 0.000000000000000000 ) ) ;
#4377 = ORIENTED_EDGE ( 'NONE', *, *, #1579, .T. ) ;
#4378 = CARTESIAN_POINT ( 'NONE',  ( 0.1400000000000193312, 0.1519999999999999962, 1.469999999999977991 ) ) ;
#4379 = CARTESIAN_POINT ( 'NONE',  ( -0.8599999999999947686, 0.1519999999999999962, -1.469999999999987317 ) ) ;
#4380 = VECTOR ( 'NONE', #5991, 1000.000000000000000 ) ;
#4381 = ORIENTED_EDGE ( 'NONE', *, *, #8270, .T. ) ;
#4382 = LINE ( 'NONE', #7352, #7271 ) ;
#4383 = FACE_OUTER_BOUND ( 'NONE', #4360, .T. ) ;
#4384 = AXIS2_PLACEMENT_3D ( 'NONE', #3352, #2703, #4959 ) ;
#4385 = AXIS2_PLACEMENT_3D ( 'NONE', #4014, #7769, #9046 ) ;
#4386 = ADVANCED_FACE ( 'NONE', ( #2325 ), #5311, .F. ) ;
#4387 = LINE ( 'NONE', #1434, #4687 ) ;
#4388 = DIRECTION ( 'NONE',  ( -1.000000000000000000, 0.000000000000000000, 4.425314989736752882E-16 ) ) ;
#4389 = DIRECTION ( 'NONE',  ( 0.000000000000000000, 0.000000000000000000, 1.000000000000000000 ) ) ;
#4390 = EDGE_CURVE ( 'NONE', #9383, #8756, #3114, .T. ) ;
#4391 = VECTOR ( 'NONE', #5223, 1000.000000000000000 ) ;
#4392 = CIRCLE ( 'NONE', #1874, 0.1249999999999998890 ) ;
#4393 = ORIENTED_EDGE ( 'NONE', *, *, #8449, .T. ) ;
#4394 = ORIENTED_EDGE ( 'NONE', *, *, #7918, .T. ) ;
#4395 = CARTESIAN_POINT ( 'NONE',  ( 0.1250000000000192901, 0.1519999999999999962, 1.469999999999977991 ) ) ;
#4396 = ORIENTED_EDGE ( 'NONE', *, *, #4001, .F. ) ;
#4397 = CARTESIAN_POINT ( 'NONE',  ( -1.500000000000000222, 0.05000000000000002359, 1.500000000000000000 ) ) ;
#4398 = ORIENTED_EDGE ( 'NONE', *, *, #4192, .T. ) ;
#4399 = DIRECTION ( 'NONE',  ( 1.000000000000000000, 0.000000000000000000, -0.000000000000000000 ) ) ;
#4400 = LINE ( 'NONE', #3674, #5017 ) ;
#4401 = CIRCLE ( 'NONE', #3783, 0.1499999999999999667 ) ;
#4402 = PLANE ( 'NONE',  #6718 ) ;
#4403 = ORIENTED_EDGE ( 'NONE', *, *, #1826, .F. ) ;
#4404 = ORIENTED_EDGE ( 'NONE', *, *, #6817, .F. ) ;
#4405 = DIRECTION ( 'NONE',  ( 0.000000000000000000, -1.000000000000000000, 0.000000000000000000 ) ) ;
#4406 = AXIS2_PLACEMENT_3D ( 'NONE', #3837, #8330, #832 ) ;
#4407 = EDGE_LOOP ( 'NONE', ( #2478, #4890, #1747, #9304 ) ) ;
#4408 = ORIENTED_EDGE ( 'NONE', *, *, #5433, .T. ) ;
#4409 = CARTESIAN_POINT ( 'NONE',  ( 0.8600000000000052047, 0.1519999999999999962, -1.469999999999996865 ) ) ;
#4410 = ORIENTED_EDGE ( 'NONE', *, *, #8586, .T. ) ;
#4411 = DIRECTION ( 'NONE',  ( -1.000000000000000000, 0.000000000000000000, 0.000000000000000000 ) ) ;
#4412 = FACE_OUTER_BOUND ( 'NONE', #3959, .T. ) ;
#4413 = FACE_OUTER_BOUND ( 'NONE', #8912, .T. ) ;
#4414 = ADVANCED_FACE ( 'NONE', ( #7854 ), #1038, .F. ) ;
#4415 = EDGE_CURVE ( 'NONE', #9435, #9127, #6332, .T. ) ;
#4416 = ORIENTED_EDGE ( 'NONE', *, *, #1178, .T. ) ;
#4417 = AXIS2_PLACEMENT_3D ( 'NONE', #6830, #3225, #5373 ) ;
#4418 = LINE ( 'NONE', #8913, #7906 ) ;
#4419 = ORIENTED_EDGE ( 'NONE', *, *, #8135, .F. ) ;
#4420 = LINE ( 'NONE', #6699, #2841 ) ;
#4421 = VECTOR ( 'NONE', #4607, 1000.000000000000000 ) ;
#4422 = CARTESIAN_POINT ( 'NONE',  ( -0.2500000000000128786, 0.1519999999999999962, 1.099999999999976108 ) ) ;
#4423 = CARTESIAN_POINT ( 'NONE',  ( 1.470000000000007523, 0.000000000000000000, 0.8749999999999691358 ) ) ;
#4424 = LINE ( 'NONE', #8186, #1231 ) ;
#4425 = VERTEX_POINT ( 'NONE', #9322 ) ;
#4426 = SURFACE_STYLE_FILL_AREA ( #8142 ) ;
#4427 = LINE ( 'NONE', #6064, #6800 ) ;
#4428 = AXIS2_PLACEMENT_3D ( 'NONE', #8728, #4967, #5787 ) ;
#4429 = EDGE_CURVE ( 'NONE', #433, #6384, #505, .T. ) ;
#4430 = EDGE_CURVE ( 'NONE', #8434, #8273, #2614, .T. ) ;
#4431 = ADVANCED_FACE ( 'NONE', ( #1185 ), #453, .F. ) ;
#4432 = ORIENTED_EDGE ( 'NONE', *, *, #1233, .T. ) ;
#4433 = DIRECTION ( 'NONE',  ( 0.000000000000000000, 0.000000000000000000, -1.000000000000000000 ) ) ;
#4434 = CARTESIAN_POINT ( 'NONE',  ( -1.469999999999989759, 0.1519999999999999962, 0.1400000000000000411 ) ) ;
#4435 = VECTOR ( 'NONE', #640, 1000.000000000000000 ) ;
#4436 = CARTESIAN_POINT ( 'NONE',  ( 0.1400000000000052869, 0.000000000000000000, -1.469999999999994422 ) ) ;
#4437 = LINE ( 'NONE', #6576, #2201 ) ;
#4438 = DIRECTION ( 'NONE',  ( 0.000000000000000000, -1.000000000000000000, 0.000000000000000000 ) ) ;
#4439 = AXIS2_PLACEMENT_3D ( 'NONE', #861, #1693, #6877 ) ;
#4440 = ORIENTED_EDGE ( 'NONE', *, *, #9425, .F. ) ;
#4441 = ORIENTED_EDGE ( 'NONE', *, *, #1914, .T. ) ;
#4442 = LINE ( 'NONE', #5075, #232 ) ;
#4443 = EDGE_CURVE ( 'NONE', #8025, #4903, #7948, .T. ) ;
#4444 = VERTEX_POINT ( 'NONE', #6481 ) ;
#4445 = CARTESIAN_POINT ( 'NONE',  ( 0.2500000000000192624, 0.1519999999999999962, 1.224999999999978106 ) ) ;
#4446 = ORIENTED_EDGE ( 'NONE', *, *, #9012, .T. ) ;
#4447 = CARTESIAN_POINT ( 'NONE',  ( 0.2500000000000192624, 0.1519999999999999962, 1.224999999999978106 ) ) ;
#4448 = FACE_OUTER_BOUND ( 'NONE', #3470, .T. ) ;
#4449 = FACE_OUTER_BOUND ( 'NONE', #3384, .T. ) ;
#4450 = VECTOR ( 'NONE', #4180, 1000.000000000000000 ) ;
#4451 = CARTESIAN_POINT ( 'NONE',  ( 1.470000000000007523, 0.05000000000000002359, 0.000000000000000000 ) ) ;
#4452 = ORIENTED_EDGE ( 'NONE', *, *, #6960, .T. ) ;
#4453 = ORIENTED_EDGE ( 'NONE', *, *, #632, .F. ) ;
#4454 = CARTESIAN_POINT ( 'NONE',  ( 0.7500000000000193179, 0.000000000000000000, 1.224999999999972555 ) ) ;
#4455 = MECHANICAL_DESIGN_GEOMETRIC_PRESENTATION_REPRESENTATION (  '', ( #5686 ), #7411 ) ;
#4456 = EDGE_LOOP ( 'NONE', ( #842, #5203, #2828, #879 ) ) ;
#4457 = ORIENTED_EDGE ( 'NONE', *, *, #5806, .F. ) ;
#4458 = CARTESIAN_POINT ( 'NONE',  ( 1.470000000000002416, 0.000000000000000000, 0.3749999999999691358 ) ) ;
#4459 = ORIENTED_EDGE ( 'NONE', *, *, #8877, .F. ) ;
#4460 = CARTESIAN_POINT ( 'NONE',  ( -0.3599999999999947131, 0.1519999999999999962, -1.469999999999990870 ) ) ;
#4461 = EDGE_CURVE ( 'NONE', #2274, #8469, #1086, .T. ) ;
#4462 = CARTESIAN_POINT ( 'NONE',  ( 1.469999999999991980, 0.1519999999999999962, -0.8600000000000308509 ) ) ;
#4463 = DIRECTION ( 'NONE',  ( 0.000000000000000000, -1.000000000000000000, 0.000000000000000000 ) ) ;
#4464 = VERTEX_POINT ( 'NONE', #8729 ) ;
#4465 = LINE ( 'NONE', #2990, #4939 ) ;
#4466 = VECTOR ( 'NONE', #7905, 1000.000000000000000 ) ;
#4467 = ORIENTED_EDGE ( 'NONE', *, *, #8877, .T. ) ;
#4468 = ADVANCED_FACE ( 'NONE', ( #7208 ), #2566, .T. ) ;
#4469 = DIRECTION ( 'NONE',  ( 0.000000000000000000, 1.000000000000000000, 0.000000000000000000 ) ) ;
#4470 = LINE ( 'NONE', #6559, #3811 ) ;
#4471 = PLANE ( 'NONE',  #3675 ) ;
#4472 = CARTESIAN_POINT ( 'NONE',  ( -0.7499999999999956701, 0.000000000000000000, -1.224999999999986988 ) ) ;
#4473 = ORIENTED_EDGE ( 'NONE', *, *, #4267, .T. ) ;
#4474 = VECTOR ( 'NONE', #8093, 1000.000000000000000 ) ;
#4475 = VECTOR ( 'NONE', #7512, 1000.000000000000000 ) ;
#4476 = PRESENTATION_STYLE_ASSIGNMENT (( #9509 ) ) ;
#4477 = CARTESIAN_POINT ( 'NONE',  ( 1.225000000000002309, 0.05000000000000002359, 0.3749999999999690803 ) ) ;
#4478 = EDGE_CURVE ( 'NONE', #4899, #2497, #4141, .T. ) ;
#4479 = ORIENTED_EDGE ( 'NONE', *, *, #3832, .T. ) ;
#4480 = CARTESIAN_POINT ( 'NONE',  ( -0.3749999999999955036, 0.1519999999999999962, -1.224999999999990763 ) ) ;
#4481 = VECTOR ( 'NONE', #9446, 1000.000000000000000 ) ;
#4482 = FACE_OUTER_BOUND ( 'NONE', #1014, .T. ) ;
#4483 = CLOSED_SHELL ( 'NONE', ( #6243, #1023, #1643, #161, #9023, #1052, #5738, #5060, #6429, #2441, #6206 ) ) ;
#4484 = DIRECTION ( 'NONE',  ( 0.000000000000000000, 0.000000000000000000, -1.000000000000000000 ) ) ;
#4485 = CARTESIAN_POINT ( 'NONE',  ( -0.6399999999999808065, 0.1519999999999999962, 1.469999999999988649 ) ) ;
#4486 = CARTESIAN_POINT ( 'NONE',  ( 0.1400000000000052869, 0.1519999999999999962, -1.469999999999994422 ) ) ;
#4487 = VECTOR ( 'NONE', #7081, 1000.000000000000000 ) ;
#4488 = ORIENTED_EDGE ( 'NONE', *, *, #844, .T. ) ;
#4489 = VERTEX_POINT ( 'NONE', #4776 ) ;
#4490 = CARTESIAN_POINT ( 'NONE',  ( 0.3600000000000053157, 0.1519999999999999962, -1.499999999999993561 ) ) ;
#4491 = VERTEX_POINT ( 'NONE', #3412 ) ;
#4492 = LINE ( 'NONE', #4397, #6115 ) ;
#4493 = ORIENTED_EDGE ( 'NONE', *, *, #4344, .T. ) ;
#4494 = LINE ( 'NONE', #7739, #6134 ) ;
#4495 = ADVANCED_FACE ( 'NONE', ( #6430 ), #9272, .T. ) ;
#4496 = EDGE_CURVE ( 'NONE', #6202, #6904, #9414, .T. ) ;
#4497 = CARTESIAN_POINT ( 'NONE',  ( -0.3599999999999947131, 0.1519999999999999962, -1.469999999999990870 ) ) ;
#4498 = CARTESIAN_POINT ( 'NONE',  ( 1.225000000000007638, 0.05000000000000002359, 0.8749999999999691358 ) ) ;
#4499 = EDGE_LOOP ( 'NONE', ( #5314, #265, #472, #9638 ) ) ;
#4500 = VERTEX_POINT ( 'NONE', #406 ) ;
#4501 = DIRECTION ( 'NONE',  ( -1.000000000000000000, 0.000000000000000000, -0.000000000000000000 ) ) ;
#4502 = ORIENTED_EDGE ( 'NONE', *, *, #1833, .T. ) ;
#4503 = ORIENTED_EDGE ( 'NONE', *, *, #5763, .T. ) ;
#4504 = CARTESIAN_POINT ( 'NONE',  ( -1.470000000000000195, 0.1519999999999999962, -0.6400000000000000133 ) ) ;
#4505 = LINE ( 'NONE', #5096, #143 ) ;
#4506 = DIRECTION ( 'NONE',  ( -0.000000000000000000, -1.000000000000000000, -0.000000000000000000 ) ) ;
#4507 = DIRECTION ( 'NONE',  ( 0.000000000000000000, -1.000000000000000000, 0.000000000000000000 ) ) ;
#4508 = EDGE_CURVE ( 'NONE', #9102, #6507, #8588, .T. ) ;
#4509 = VERTEX_POINT ( 'NONE', #7111 ) ;
#4510 = DIRECTION ( 'NONE',  ( -0.000000000000000000, 0.000000000000000000, -1.000000000000000000 ) ) ;
#4511 = VERTEX_POINT ( 'NONE', #2759 ) ;
#4512 = CARTESIAN_POINT ( 'NONE',  ( -0.6399999999999947953, 0.000000000000000000, -1.499999999999986677 ) ) ;
#4513 = CARTESIAN_POINT ( 'NONE',  ( -0.3599999999999946021, 0.05000000000000002359, -1.499999999999990896 ) ) ;
#4514 = FACE_OUTER_BOUND ( 'NONE', #2072, .T. ) ;
#4515 = PRESENTATION_LAYER_ASSIGNMENT (  '', '', ( #7634 ) ) ;
#4516 = ORIENTED_EDGE ( 'NONE', *, *, #1963, .T. ) ;
#4517 = FILL_AREA_STYLE_COLOUR ( '', #2210 ) ;
#4518 = PLANE ( 'NONE',  #6167 ) ;
#4519 = MECHANICAL_DESIGN_GEOMETRIC_PRESENTATION_REPRESENTATION (  '', ( #7640 ), #4053 ) ;
#4520 = CARTESIAN_POINT ( 'NONE',  ( 0.8750000000000042188, 0.1519999999999999962, -1.224999999999996980 ) ) ;
#4521 = DIRECTION ( 'NONE',  ( 0.000000000000000000, -1.000000000000000000, 0.000000000000000000 ) ) ;
#4522 = DIRECTION ( 'NONE',  ( 0.000000000000000000, 0.000000000000000000, 1.000000000000000000 ) ) ;
#4523 = PRESENTATION_LAYER_ASSIGNMENT (  '', '', ( #7640 ) ) ;
#4524 = EDGE_CURVE ( 'NONE', #3946, #8644, #1234, .T. ) ;
#4525 = LINE ( 'NONE', #790, #9072 ) ;
#4526 = CARTESIAN_POINT ( 'NONE',  ( -0.1249999999999808625, 0.000000000000000000, 1.224999999999983213 ) ) ;
#4527 = ADVANCED_FACE ( 'NONE', ( #5691 ), #5547, .T. ) ;
#4528 = ORIENTED_EDGE ( 'NONE', *, *, #5343, .F. ) ;
#4529 = EDGE_LOOP ( 'NONE', ( #4808, #2146, #5398, #1550 ) ) ;
#4530 = CARTESIAN_POINT ( 'NONE',  ( 1.469999999999991980, 0.1519999999999999962, -0.6400000000000309885 ) ) ;
#4531 = ORIENTED_EDGE ( 'NONE', *, *, #7691, .T. ) ;
#4532 = DIRECTION ( 'NONE',  ( -0.000000000000000000, -1.000000000000000000, -0.000000000000000000 ) ) ;
#4533 = VECTOR ( 'NONE', #1274, 1000.000000000000000 ) ;
#4534 = ORIENTED_EDGE ( 'NONE', *, *, #6745, .F. ) ;
#4535 = DIRECTION ( 'NONE',  ( -0.000000000000000000, -0.000000000000000000, 1.000000000000000000 ) ) ;
#4536 = CARTESIAN_POINT ( 'NONE',  ( 1.500000000000002442, 0.1519999999999999962, 0.1399999999999691769 ) ) ;
#4537 = LINE ( 'NONE', #5992, #3777 ) ;
#4538 = DIRECTION ( 'NONE',  ( 0.000000000000000000, 0.000000000000000000, 1.000000000000000000 ) ) ;
#4539 = VECTOR ( 'NONE', #6732, 1000.000000000000000 ) ;
#4540 = VECTOR ( 'NONE', #4664, 1000.000000000000000 ) ;
#4541 = ORIENTED_EDGE ( 'NONE', *, *, #2944, .F. ) ;
#4542 = ORIENTED_EDGE ( 'NONE', *, *, #6743, .T. ) ;
#4543 = CARTESIAN_POINT ( 'NONE',  ( 1.499999999999997113, 0.1519999999999999962, -0.3600000000000307954 ) ) ;
#4544 = EDGE_CURVE ( 'NONE', #8633, #3008, #7803, .T. ) ;
#4545 = ORIENTED_EDGE ( 'NONE', *, *, #9614, .F. ) ;
#4546 = ORIENTED_EDGE ( 'NONE', *, *, #8366, .F. ) ;
#4547 = DIRECTION ( 'NONE',  ( 0.000000000000000000, 0.000000000000000000, -1.000000000000000000 ) ) ;
#4548 = VECTOR ( 'NONE', #3006, 1000.000000000000000 ) ;
#4549 = CARTESIAN_POINT ( 'NONE',  ( 0.3750000000000193179, 0.1519999999999999962, 1.469999999999977991 ) ) ;
#4550 = FACE_OUTER_BOUND ( 'NONE', #2895, .T. ) ;
#4551 = AXIS2_PLACEMENT_3D ( 'NONE', #7269, #3325, #367 ) ;
#4552 = SURFACE_SIDE_STYLE ('',( #7576 ) ) ;
#4553 = CARTESIAN_POINT ( 'NONE',  ( 0.8600000000000053157, 0.1519999999999999962, -1.499999999999996891 ) ) ;
#4554 = DIRECTION ( 'NONE',  ( -1.000000000000000000, -0.000000000000000000, -0.000000000000000000 ) ) ;
#4555 = VECTOR ( 'NONE', #8677, 1000.000000000000000 ) ;
#4556 = ORIENTED_EDGE ( 'NONE', *, *, #9646, .T. ) ;
#4557 = DIRECTION ( 'NONE',  ( -7.228014483236677820E-15, 0.000000000000000000, -1.000000000000000000 ) ) ;
#4558 = ORIENTED_EDGE ( 'NONE', *, *, #5277, .T. ) ;
#4559 = LINE ( 'NONE', #184, #6431 ) ;
#4560 = ORIENTED_EDGE ( 'NONE', *, *, #5775, .F. ) ;
#4561 = EDGE_CURVE ( 'NONE', #6507, #3198, #8930, .T. ) ;
#4562 = LINE ( 'NONE', #6938, #7067 ) ;
#4563 = LINE ( 'NONE', #3143, #1931 ) ;
#4564 = DIRECTION ( 'NONE',  ( -0.000000000000000000, 0.000000000000000000, 1.000000000000000000 ) ) ;
#4565 = VECTOR ( 'NONE', #2992, 1000.000000000000000 ) ;
#4566 = EDGE_CURVE ( 'NONE', #2636, #1918, #4387, .T. ) ;
#4567 = ORIENTED_EDGE ( 'NONE', *, *, #9588, .T. ) ;
#4568 = FACE_OUTER_BOUND ( 'NONE', #1995, .T. ) ;
#4569 = VECTOR ( 'NONE', #3334, 1000.000000000000000 ) ;
#4570 = DIRECTION ( 'NONE',  ( -1.000000000000000000, 0.000000000000000000, 0.000000000000000000 ) ) ;
#4571 = DIRECTION ( 'NONE',  ( 0.000000000000000000, -1.000000000000000000, 0.000000000000000000 ) ) ;
#4572 = EDGE_CURVE ( 'NONE', #4509, #2611, #6, .T. ) ;
#4573 = CARTESIAN_POINT ( 'NONE',  ( 0.3600000000000192490, 0.1519999999999999962, 1.499999999999978240 ) ) ;
#4574 = AXIS2_PLACEMENT_3D ( 'NONE', #3348, #1071, #5630 ) ;
#4575 = DIRECTION ( 'NONE',  ( 0.000000000000000000, 0.000000000000000000, -1.000000000000000000 ) ) ;
#4576 = CARTESIAN_POINT ( 'NONE',  ( 0.2500000000000192624, 0.1519999999999999962, 1.224999999999978106 ) ) ;
#4577 = ORIENTED_EDGE ( 'NONE', *, *, #6587, .F. ) ;
#4578 = LINE ( 'NONE', #7701, #4475 ) ;
#4579 = VECTOR ( 'NONE', #5432, 1000.000000000000000 ) ;
#4580 = ORIENTED_EDGE ( 'NONE', *, *, #3987, .F. ) ;
#4581 = LINE ( 'NONE', #7560, #178 ) ;
#4582 = EDGE_CURVE ( 'NONE', #9138, #239, #8786, .T. ) ;
#4583 = ORIENTED_EDGE ( 'NONE', *, *, #8768, .T. ) ;
#4584 = FACE_OUTER_BOUND ( 'NONE', #5457, .T. ) ;
#4585 = LINE ( 'NONE', #6082, #7348 ) ;
#4586 = DIRECTION ( 'NONE',  ( 0.000000000000000000, -1.000000000000000000, 0.000000000000000000 ) ) ;
#4587 = VECTOR ( 'NONE', #730, 1000.000000000000000 ) ;
#4588 = ORIENTED_EDGE ( 'NONE', *, *, #4249, .T. ) ;
#4589 = ORIENTED_EDGE ( 'NONE', *, *, #1066, .T. ) ;
#4590 = DIRECTION ( 'NONE',  ( 0.000000000000000000, -1.000000000000000000, 0.000000000000000000 ) ) ;
#4591 = ORIENTED_EDGE ( 'NONE', *, *, #8604, .F. ) ;
#4592 = ORIENTED_EDGE ( 'NONE', *, *, #1763, .F. ) ;
#4593 = PLANE ( 'NONE',  #7485 ) ;
#4594 = EDGE_CURVE ( 'NONE', #9008, #8076, #6715, .T. ) ;
#4595 = AXIS2_PLACEMENT_3D ( 'NONE', #1296, #9478, #3525 ) ;
#4596 = CARTESIAN_POINT ( 'NONE',  ( 0.3750000000000042744, 0.1519999999999999962, -1.224999999999993427 ) ) ;
#4597 = CARTESIAN_POINT ( 'NONE',  ( -0.000000000000000000, 0.05000000000000002359, 1.469999999999977991 ) ) ;
#4598 = FILL_AREA_STYLE_COLOUR ( '', #8511 ) ;
#4599 = CARTESIAN_POINT ( 'NONE',  ( -1.469999999999994866, 0.000000000000000000, -0.1250000000000000000 ) ) ;
#4600 = CARTESIAN_POINT ( 'NONE',  ( -0.1249999999999957256, 0.1519999999999999962, -1.224999999999989875 ) ) ;
#4601 = EDGE_CURVE ( 'NONE', #8469, #2535, #2219, .T. ) ;
#4602 = EDGE_CURVE ( 'NONE', #3467, #7489, #9525, .T. ) ;
#4603 = VECTOR ( 'NONE', #9608, 1000.000000000000000 ) ;
#4604 = ORIENTED_EDGE ( 'NONE', *, *, #6704, .T. ) ;
#4605 = LINE ( 'NONE', #9148, #6344 ) ;
#4606 = ORIENTED_EDGE ( 'NONE', *, *, #8445, .T. ) ;
#4607 = DIRECTION ( 'NONE',  ( -0.000000000000000000, -1.000000000000000000, -0.000000000000000000 ) ) ;
#4608 = ORIENTED_EDGE ( 'NONE', *, *, #6944, .T. ) ;
#4609 = CARTESIAN_POINT ( 'NONE',  ( 1.470000000000002416, 0.1519999999999999962, 0.3599999999999691225 ) ) ;
#4610 = LINE ( 'NONE', #8421, #3514 ) ;
#4611 = DIRECTION ( 'NONE',  ( 0.000000000000000000, 0.000000000000000000, -1.000000000000000000 ) ) ;
#4612 = VECTOR ( 'NONE', #7088, 1000.000000000000000 ) ;
#4613 = EDGE_CURVE ( 'NONE', #1971, #4028, #2862, .T. ) ;
#4614 = ORIENTED_EDGE ( 'NONE', *, *, #5496, .F. ) ;
#4615 = LINE ( 'NONE', #6113, #5953 ) ;
#4616 = CARTESIAN_POINT ( 'NONE',  ( -1.469999999999989759, 0.1519999999999999962, 0.3599999999999999867 ) ) ;
#4617 = EDGE_CURVE ( 'NONE', #4690, #8887, #8836, .T. ) ;
#4618 = CIRCLE ( 'NONE', #6329, 0.1250000000000159317 ) ;
#4619 = EDGE_CURVE ( 'NONE', #6355, #9330, #5209, .T. ) ;
#4620 = PLANE ( 'NONE',  #79 ) ;
#4621 = LINE ( 'NONE', #3937, #6905 ) ;
#4622 = EDGE_CURVE ( 'NONE', #6421, #6367, #7357, .T. ) ;
#4623 = VECTOR ( 'NONE', #5973, 1000.000000000000000 ) ;
#4624 = CARTESIAN_POINT ( 'NONE',  ( -1.200000000000000400, 0.7500000000000000000, -1.050000000000000044 ) ) ;
#4625 = VERTEX_POINT ( 'NONE', #653 ) ;
#4626 = CARTESIAN_POINT ( 'NONE',  ( 0.1250000000000192901, 0.1519999999999999962, 1.469999999999977991 ) ) ;
#4627 = DIRECTION ( 'NONE',  ( 0.000000000000000000, -1.000000000000000000, 0.000000000000000000 ) ) ;
#4628 = VECTOR ( 'NONE', #881, 1000.000000000000000 ) ;
#4629 = AXIS2_PLACEMENT_3D ( 'NONE', #785, #4570, #52 ) ;
#4630 = VERTEX_POINT ( 'NONE', #4436 ) ;
#4631 = DIRECTION ( 'NONE',  ( 0.000000000000000000, -1.000000000000000000, 0.000000000000000000 ) ) ;
#4632 = ADVANCED_FACE ( 'NONE', ( #2124 ), #555, .F. ) ;
#4633 = ORIENTED_EDGE ( 'NONE', *, *, #4923, .F. ) ;
#4634 = DIRECTION ( 'NONE',  ( 3.614007241618338910E-15, 0.000000000000000000, -1.000000000000000000 ) ) ;
#4635 = ORIENTED_EDGE ( 'NONE', *, *, #2117, .F. ) ;
#4636 = DIRECTION ( 'NONE',  ( -0.000000000000000000, 0.000000000000000000, 1.000000000000000000 ) ) ;
#4637 = LINE ( 'NONE', #259, #1410 ) ;
#4638 = VECTOR ( 'NONE', #9243, 1000.000000000000000 ) ;
#4639 = DIRECTION ( 'NONE',  ( 0.000000000000000000, 0.000000000000000000, -1.000000000000000000 ) ) ;
#4640 = ORIENTED_EDGE ( 'NONE', *, *, #8068, .T. ) ;
#4641 = EDGE_CURVE ( 'NONE', #9388, #6150, #696, .T. ) ;
#4642 = VERTEX_POINT ( 'NONE', #3610 ) ;
#4643 = ORIENTED_EDGE ( 'NONE', *, *, #2327, .F. ) ;
#4644 = LINE ( 'NONE', #8404, #3713 ) ;
#4645 = AXIS2_PLACEMENT_3D ( 'NONE', #1356, #8168, #72 ) ;
#4646 = ORIENTED_EDGE ( 'NONE', *, *, #7406, .F. ) ;
#4647 = ORIENTED_EDGE ( 'NONE', *, *, #8482, .F. ) ;
#4648 = DIRECTION ( 'NONE',  ( -0.000000000000000000, -1.000000000000000000, -0.000000000000000000 ) ) ;
#4649 = CARTESIAN_POINT ( 'NONE',  ( 0.1400000000000193312, 0.1519999999999999962, 1.499999999999978240 ) ) ;
#4650 = CARTESIAN_POINT ( 'NONE',  ( -0.8749999999999807931, 0.1519999999999999962, 1.469999999999988649 ) ) ;
#4651 = DIRECTION ( 'NONE',  ( 0.000000000000000000, -1.000000000000000000, 0.000000000000000000 ) ) ;
#4652 = DIRECTION ( 'NONE',  ( 0.000000000000000000, 0.000000000000000000, -1.000000000000000000 ) ) ;
#4653 = CARTESIAN_POINT ( 'NONE',  ( 0.6400000000000194422, 0.1519999999999999962, 1.499999999999972689 ) ) ;
#4654 = EDGE_CURVE ( 'NONE', #941, #7241, #8098, .T. ) ;
#4655 = EDGE_CURVE ( 'NONE', #6408, #4781, #610, .T. ) ;
#4656 = VERTEX_POINT ( 'NONE', #2025 ) ;
#4657 = LINE ( 'NONE', #6884, #8380 ) ;
#4658 = ORIENTED_EDGE ( 'NONE', *, *, #2223, .T. ) ;
#4659 = VERTEX_POINT ( 'NONE', #5021 ) ;
#4660 = LINE ( 'NONE', #3090, #9401 ) ;
#4661 = ORIENTED_EDGE ( 'NONE', *, *, #2856, .T. ) ;
#4662 = CYLINDRICAL_SURFACE ( 'NONE', #6911, 0.1250000000000159317 ) ;
#4663 = DIRECTION ( 'NONE',  ( 0.000000000000000000, -1.000000000000000000, 0.000000000000000000 ) ) ;
#4664 = DIRECTION ( 'NONE',  ( -1.000000000000000000, 0.000000000000000000, 0.000000000000000000 ) ) ;
#4665 = ORIENTED_EDGE ( 'NONE', *, *, #4087, .T. ) ;
#4666 =( LENGTH_UNIT ( ) NAMED_UNIT ( * ) SI_UNIT ( .MILLI., .METRE. ) );
#4667 = CARTESIAN_POINT ( 'NONE',  ( -0.8749999999999993339, 0.05000000000000002359, -2.710505431213759507E-15 ) ) ;
#4668 = EDGE_CURVE ( 'NONE', #2535, #7934, #2169, .T. ) ;
#4669 = CARTESIAN_POINT ( 'NONE',  ( 1.499999999999992006, 0.1519999999999999962, -0.6400000000000309885 ) ) ;
#4670 = ADVANCED_FACE ( 'NONE', ( #9665 ), #5162, .T. ) ;
#4671 = EDGE_CURVE ( 'NONE', #1139, #2731, #5067, .T. ) ;
#4672 = CARTESIAN_POINT ( 'NONE',  ( 1.470000000000007523, 0.1519999999999999962, 0.8749999999999691358 ) ) ;
#4673 = LINE ( 'NONE', #8287, #8126 ) ;
#4674 = VERTEX_POINT ( 'NONE', #1527 ) ;
#4675 = DIRECTION ( 'NONE',  ( 1.000000000000000000, 0.000000000000000000, 0.000000000000000000 ) ) ;
#4676 = LINE ( 'NONE', #9314, #4774 ) ;
#4677 = ORIENTED_EDGE ( 'NONE', *, *, #7848, .F. ) ;
#4678 = CARTESIAN_POINT ( 'NONE',  ( 0.1400000000000193312, 0.1519999999999999962, 1.469999999999977991 ) ) ;
#4679 = ORIENTED_EDGE ( 'NONE', *, *, #7229, .T. ) ;
#4680 = LINE ( 'NONE', #208, #6278 ) ;
#4681 = ORIENTED_EDGE ( 'NONE', *, *, #5668, .F. ) ;
#4682 = ADVANCED_FACE ( 'NONE', ( #1580 ), #5255, .T. ) ;
#4683 = CARTESIAN_POINT ( 'NONE',  ( -0.1399999999999807510, 0.000000000000000000, 1.499999999999983347 ) ) ;
#4684 = FACE_OUTER_BOUND ( 'NONE', #6385, .T. ) ;
#4685 = SURFACE_STYLE_FILL_AREA ( #1780 ) ;
#4686 = EDGE_CURVE ( 'NONE', #5975, #2933, #839, .T. ) ;
#4687 = VECTOR ( 'NONE', #4341, 1000.000000000000000 ) ;
#4688 = VECTOR ( 'NONE', #6205, 1000.000000000000000 ) ;
#4689 = EDGE_LOOP ( 'NONE', ( #6377, #900, #9657, #6425 ) ) ;
#4690 = VERTEX_POINT ( 'NONE', #5445 ) ;
#4691 = CARTESIAN_POINT ( 'NONE',  ( 1.470000000000002416, 0.1519999999999999962, 0.1249999999999691358 ) ) ;
#4692 = EDGE_LOOP ( 'NONE', ( #2697, #4161, #9526, #3932 ) ) ;
#4693 = ORIENTED_EDGE ( 'NONE', *, *, #8378, .T. ) ;
#4694 = CARTESIAN_POINT ( 'NONE',  ( 0.3600000000000192490, 0.000000000000000000, 1.469999999999977991 ) ) ;
#4695 = PLANE ( 'NONE',  #1893 ) ;
#4696 = DIRECTION ( 'NONE',  ( 0.000000000000000000, -1.000000000000000000, 0.000000000000000000 ) ) ;
#4697 = CARTESIAN_POINT ( 'NONE',  ( -1.470000000000000195, 0.1519999999999999962, -0.6250000000000000000 ) ) ;
#4698 = FACE_OUTER_BOUND ( 'NONE', #8860, .T. ) ;
#4699 = ORIENTED_EDGE ( 'NONE', *, *, #1400, .T. ) ;
#4700 = CARTESIAN_POINT ( 'NONE',  ( 0.000000000000000000, 0.05000000000000002359, -0.1400000000000000411 ) ) ;
#4701 = AXIS2_PLACEMENT_3D ( 'NONE', #9226, #7611, #3997 ) ;
#4702 = ORIENTED_EDGE ( 'NONE', *, *, #7410, .F. ) ;
#4703 = EDGE_LOOP ( 'NONE', ( #1802, #1307, #360, #3925 ) ) ;
#4704 = AXIS2_PLACEMENT_3D ( 'NONE', #7707, #6181, #6962 ) ;
#4705 = CARTESIAN_POINT ( 'NONE',  ( -1.500000000000000222, 0.05000000000000002359, 1.500000000000000000 ) ) ;
#4706 = ORIENTED_EDGE ( 'NONE', *, *, #3646, .F. ) ;
#4707 = CARTESIAN_POINT ( 'NONE',  ( -1.659493121151143109E-16, 0.05000000000000002359, 0.3749999999999685252 ) ) ;
#4708 = EDGE_CURVE ( 'NONE', #1370, #7154, #249, .T. ) ;
#4709 = EDGE_CURVE ( 'NONE', #8751, #1662, #6850, .T. ) ;
#4710 = CARTESIAN_POINT ( 'NONE',  ( -1.469999999999989759, 0.1519999999999999962, 0.3750000000000000000 ) ) ;
#4711 = FACE_OUTER_BOUND ( 'NONE', #9074, .T. ) ;
#4712 = EDGE_LOOP ( 'NONE', ( #4606, #650, #9590, #5460 ) ) ;
#4713 = VECTOR ( 'NONE', #5210, 1000.000000000000000 ) ;
#4714 = LINE ( 'NONE', #4667, #9462 ) ;
#4715 = VERTEX_POINT ( 'NONE', #5397 ) ;
#4716 = CARTESIAN_POINT ( 'NONE',  ( -0.000000000000000000, 0.05000000000000002359, 0.3599999999999691225 ) ) ;
#4717 = EDGE_CURVE ( 'NONE', #48, #7998, #198, .T. ) ;
#4718 = CARTESIAN_POINT ( 'NONE',  ( 0.1400000000000052869, 0.1519999999999999962, -1.469999999999994422 ) ) ;
#4719 = LINE ( 'NONE', #1720, #7332 ) ;
#4720 = EDGE_LOOP ( 'NONE', ( #1987, #1961, #7926, #1721 ) ) ;
#4721 = DIRECTION ( 'NONE',  ( 0.000000000000000000, 0.000000000000000000, -1.000000000000000000 ) ) ;
#4722 = LINE ( 'NONE', #4135, #7736 ) ;
#4723 = EDGE_CURVE ( 'NONE', #4750, #3615, #102, .T. ) ;
#4724 = EDGE_CURVE ( 'NONE', #7489, #9039, #789, .T. ) ;
#4725 = VECTOR ( 'NONE', #7718, 1000.000000000000000 ) ;
#4726 = VERTEX_POINT ( 'NONE', #3101 ) ;
#4727 = CARTESIAN_POINT ( 'NONE',  ( -1.469999999999989759, 0.05000000000000002359, 0.3750000000000000000 ) ) ;
#4728 = VERTEX_POINT ( 'NONE', #8433 ) ;
#4729 = CARTESIAN_POINT ( 'NONE',  ( -1.469999999999984652, 0.1519999999999999962, 0.6400000000000000133 ) ) ;
#4730 = AXIS2_PLACEMENT_3D ( 'NONE', #1444, #7368, #663 ) ;
#4731 = FACE_OUTER_BOUND ( 'NONE', #8609, .T. ) ;
#4732 = DIRECTION ( 'NONE',  ( 0.000000000000000000, 0.000000000000000000, -1.000000000000000000 ) ) ;
#4733 = CARTESIAN_POINT ( 'NONE',  ( 0.8600000000000191935, 0.1519999999999999962, 1.469999999999972662 ) ) ;
#4734 = ADVANCED_FACE ( 'NONE', ( #8337 ), #7505, .F. ) ;
#4735 = AXIS2_PLACEMENT_3D ( 'NONE', #4868, #8682, #4918 ) ;
#4736 = ORIENTED_EDGE ( 'NONE', *, *, #5621, .F. ) ;
#4737 = ORIENTED_EDGE ( 'NONE', *, *, #6306, .F. ) ;
#4738 = CARTESIAN_POINT ( 'NONE',  ( -1.469999999999994866, 0.1519999999999999962, -0.3750000000000000000 ) ) ;
#4739 = EDGE_LOOP ( 'NONE', ( #1727, #8102, #7690, #8031 ) ) ;
#4740 = ORIENTED_EDGE ( 'NONE', *, *, #6635, .T. ) ;
#4741 = DIRECTION ( 'NONE',  ( -0.000000000000000000, -1.000000000000000000, -0.000000000000000000 ) ) ;
#4742 = LINE ( 'NONE', #6096, #4725 ) ;
#4743 = CARTESIAN_POINT ( 'NONE',  ( -1.499999999999984679, 0.1519999999999999962, 0.6400000000000000133 ) ) ;
#4744 = DIRECTION ( 'NONE',  ( 0.000000000000000000, 0.000000000000000000, 1.000000000000000000 ) ) ;
#4745 = VECTOR ( 'NONE', #1157, 1000.000000000000000 ) ;
#4746 = DIRECTION ( 'NONE',  ( 0.000000000000000000, -0.000000000000000000, -1.000000000000000000 ) ) ;
#4747 = ORIENTED_EDGE ( 'NONE', *, *, #5921, .F. ) ;
#4748 = CARTESIAN_POINT ( 'NONE',  ( 1.470000000000007523, 0.1519999999999999962, 0.8749999999999691358 ) ) ;
#4749 = VECTOR ( 'NONE', #465, 1000.000000000000000 ) ;
#4750 = VERTEX_POINT ( 'NONE', #5348 ) ;
#4751 = EDGE_LOOP ( 'NONE', ( #6084, #5274, #5183, #215 ) ) ;
#4752 = DIRECTION ( 'NONE',  ( 1.301042606982616933E-13, -0.000000000000000000, 1.000000000000000000 ) ) ;
#4753 = EDGE_CURVE ( 'NONE', #5835, #2654, #4719, .T. ) ;
#4754 = ORIENTED_EDGE ( 'NONE', *, *, #8482, .T. ) ;
#4755 = DIRECTION ( 'NONE',  ( -1.000000000000000000, 0.000000000000000000, -3.942553354492744616E-15 ) ) ;
#4756 = CARTESIAN_POINT ( 'NONE',  ( -0.8599999999999947686, 0.1519999999999999962, -1.469999999999987317 ) ) ;
#4757 = CARTESIAN_POINT ( 'NONE',  ( 0.1400000000000053701, 0.1519999999999999962, -1.499999999999994449 ) ) ;
#4758 = ORIENTED_EDGE ( 'NONE', *, *, #2557, .T. ) ;
#4759 = VECTOR ( 'NONE', #4535, 1000.000000000000000 ) ;
#4760 = SURFACE_STYLE_USAGE ( .BOTH. , #5528 ) ;
#4761 = PLANE ( 'NONE',  #6018 ) ;
#4762 = EDGE_CURVE ( 'NONE', #6756, #6721, #6027, .T. ) ;
#4763 = ORIENTED_EDGE ( 'NONE', *, *, #8067, .F. ) ;
#4764 = AXIS2_PLACEMENT_3D ( 'NONE', #3537, #2639, #7979 ) ;
#4765 = CARTESIAN_POINT ( 'NONE',  ( -0.2499999999999956146, 0.000000000000000000, -1.224999999999990319 ) ) ;
#4766 = CARTESIAN_POINT ( 'NONE',  ( 0.1250000000000192901, 0.1519999999999999962, 1.469999999999977991 ) ) ;
#4767 = CARTESIAN_POINT ( 'NONE',  ( 1.499999999999992006, 0.1519999999999999962, -0.8600000000000308509 ) ) ;
#4768 = ORIENTED_EDGE ( 'NONE', *, *, #921, .T. ) ;
#4769 = FACE_OUTER_BOUND ( 'NONE', #4209, .T. ) ;
#4770 = DIRECTION ( 'NONE',  ( -1.000000000000000000, -0.000000000000000000, -4.425314989736752882E-16 ) ) ;
#4771 = EDGE_CURVE ( 'NONE', #3076, #4656, #3250, .T. ) ;
#4772 = ORIENTED_EDGE ( 'NONE', *, *, #3607, .F. ) ;
#4773 = CARTESIAN_POINT ( 'NONE',  ( -1.224999999999994982, 0.000000000000000000, -0.2500000000000000000 ) ) ;
#4774 = VECTOR ( 'NONE', #937, 1000.000000000000000 ) ;
#4775 = LINE ( 'NONE', #9271, #3490 ) ;
#4776 = CARTESIAN_POINT ( 'NONE',  ( 0.1400000000000193312, 0.000000000000000000, 1.469999999999977991 ) ) ;
#4777 = PLANE ( 'NONE',  #4701 ) ;
#4778 = PRESENTATION_STYLE_ASSIGNMENT (( #8497 ) ) ;
#4779 = AXIS2_PLACEMENT_3D ( 'NONE', #9397, #7836, #8667 ) ;
#4780 = VECTOR ( 'NONE', #2, 1000.000000000000000 ) ;
#4781 = VERTEX_POINT ( 'NONE', #886 ) ;
#4782 = ORIENTED_EDGE ( 'NONE', *, *, #8012, .T. ) ;
#4783 = DIRECTION ( 'NONE',  ( -0.000000000000000000, -1.000000000000000000, -0.000000000000000000 ) ) ;
#4784 = VERTEX_POINT ( 'NONE', #6118 ) ;
#4785 = ORIENTED_EDGE ( 'NONE', *, *, #6989, .T. ) ;
#4786 = EDGE_CURVE ( 'NONE', #9329, #1210, #56, .T. ) ;
#4787 = EDGE_CURVE ( 'NONE', #7825, #1095, #150, .T. ) ;
#4788 = VECTOR ( 'NONE', #228, 1000.000000000000000 ) ;
#4789 = CARTESIAN_POINT ( 'NONE',  ( -0.3749999999999947264, 0.1519999999999999962, -1.469999999999990870 ) ) ;
#4790 = CLOSED_SHELL ( 'NONE', ( #660, #3672, #6617, #5723, #2598, #3104, #7144, #7706, #1179, #5600 ) ) ;
#4791 = ADVANCED_FACE ( 'NONE', ( #982 ), #2313, .F. ) ;
#4792 =( NAMED_UNIT ( * ) PLANE_ANGLE_UNIT ( ) SI_UNIT ( $, .RADIAN. ) );
#4793 = DIRECTION ( 'NONE',  ( 0.000000000000000000, 0.000000000000000000, 1.000000000000000000 ) ) ;
#4794 = LINE ( 'NONE', #911, #4066 ) ;
#4795 = ORIENTED_EDGE ( 'NONE', *, *, #3262, .F. ) ;
#4796 = FACE_OUTER_BOUND ( 'NONE', #8373, .T. ) ;
#4797 = VERTEX_POINT ( 'NONE', #8388 ) ;
#4798 = ORIENTED_EDGE ( 'NONE', *, *, #2578, .T. ) ;
#4799 = DIRECTION ( 'NONE',  ( 0.000000000000000000, -0.000000000000000000, -1.000000000000000000 ) ) ;
#4800 = ORIENTED_EDGE ( 'NONE', *, *, #1832, .F. ) ;
#4801 = LINE ( 'NONE', #3388, #977 ) ;
#4802 = EDGE_CURVE ( 'NONE', #6511, #5171, #4673, .T. ) ;
#4803 = CYLINDRICAL_SURFACE ( 'NONE', #5078, 0.1499999999999999667 ) ;
#4804 = CARTESIAN_POINT ( 'NONE',  ( 1.500000000000002442, 0.1519999999999999962, 0.3599999999999691225 ) ) ;
#4805 = ORIENTED_EDGE ( 'NONE', *, *, #7758, .F. ) ;
#4806 = DIRECTION ( 'NONE',  ( 0.000000000000000000, -1.000000000000000000, 0.000000000000000000 ) ) ;
#4807 = EDGE_CURVE ( 'NONE', #36, #8940, #7643, .T. ) ;
#4808 = ORIENTED_EDGE ( 'NONE', *, *, #597, .T. ) ;
#4809 = CARTESIAN_POINT ( 'NONE',  ( -0.8750000000000126565, 0.1519999999999999962, 1.224999999999990763 ) ) ;
#4810 = FACE_OUTER_BOUND ( 'NONE', #8218, .T. ) ;
#4811 = CARTESIAN_POINT ( 'NONE',  ( -1.470000000000000195, 0.000000000000000000, -0.8599999999999999867 ) ) ;
#4812 = FACE_OUTER_BOUND ( 'NONE', #8166, .T. ) ;
#4813 = LINE ( 'NONE', #344, #6396 ) ;
#4814 = ORIENTED_EDGE ( 'NONE', *, *, #4907, .T. ) ;
#4815 = CARTESIAN_POINT ( 'NONE',  ( -0.8599999999999805578, 0.1519999999999999962, 1.499999999999988676 ) ) ;
#4816 = DIRECTION ( 'NONE',  ( 0.000000000000000000, 0.000000000000000000, -1.000000000000000000 ) ) ;
#4817 = ORIENTED_EDGE ( 'NONE', *, *, #6021, .T. ) ;
#4818 = DIRECTION ( 'NONE',  ( 0.000000000000000000, -1.000000000000000000, 0.000000000000000000 ) ) ;
#4819 = LINE ( 'NONE', #9126, #9256 ) ;
#4820 = EDGE_CURVE ( 'NONE', #311, #6500, #9364, .T. ) ;
#4821 = EDGE_CURVE ( 'NONE', #7226, #3064, #6269, .T. ) ;
#4822 = CARTESIAN_POINT ( 'NONE',  ( 0.3600000000000192490, 0.1519999999999999962, 1.469999999999977991 ) ) ;
#4823 = AXIS2_PLACEMENT_3D ( 'NONE', #3099, #7641, #9019 ) ;
#4824 = PLANE ( 'NONE',  #9228 ) ;
#4825 = ORIENTED_EDGE ( 'NONE', *, *, #7450, .F. ) ;
#4826 = VERTEX_POINT ( 'NONE', #5635 ) ;
#4827 = ORIENTED_EDGE ( 'NONE', *, *, #4981, .T. ) ;
#4828 = DIRECTION ( 'NONE',  ( 0.000000000000000000, 0.000000000000000000, -1.000000000000000000 ) ) ;
#4829 = ORIENTED_EDGE ( 'NONE', *, *, #8136, .F. ) ;
#4830 = ORIENTED_EDGE ( 'NONE', *, *, #4963, .T. ) ;
#4831 = AXIS2_PLACEMENT_3D ( 'NONE', #7815, #9284, #9332 ) ;
#4832 = DIRECTION ( 'NONE',  ( 0.000000000000000000, 0.000000000000000000, -1.000000000000000000 ) ) ;
#4833 = FACE_OUTER_BOUND ( 'NONE', #7013, .T. ) ;
#4834 = DIRECTION ( 'NONE',  ( -1.000000000000000000, 0.000000000000000000, 5.531643737170941473E-16 ) ) ;
#4835 = CARTESIAN_POINT ( 'NONE',  ( -0.6399999999999806954, 0.1519999999999999962, 1.499999999999988676 ) ) ;
#4836 = CARTESIAN_POINT ( 'NONE',  ( -1.500000000000000222, 0.8000000000000000444, 1.500000000000000000 ) ) ;
#4837 = VECTOR ( 'NONE', #7455, 1000.000000000000000 ) ;
#4838 = EDGE_CURVE ( 'NONE', #6223, #7584, #4813, .T. ) ;
#4839 = EDGE_CURVE ( 'NONE', #7034, #7998, #1970, .T. ) ;
#4840 = ORIENTED_EDGE ( 'NONE', *, *, #8193, .F. ) ;
#4841 = FACE_OUTER_BOUND ( 'NONE', #5088, .T. ) ;
#4842 = VERTEX_POINT ( 'NONE', #2509 ) ;
#4843 = ORIENTED_EDGE ( 'NONE', *, *, #3340, .T. ) ;
#4844 = CARTESIAN_POINT ( 'NONE',  ( 1.469999999999991980, 0.1519999999999999962, -0.6400000000000309885 ) ) ;
#4845 = ORIENTED_EDGE ( 'NONE', *, *, #6569, .F. ) ;
#4846 = VECTOR ( 'NONE', #1174, 1000.000000000000000 ) ;
#4847 = CARTESIAN_POINT ( 'NONE',  ( -1.470000000000000195, 0.1519999999999999962, -0.8750000000000000000 ) ) ;
#4848 = VECTOR ( 'NONE', #8362, 1000.000000000000000 ) ;
#4849 = CARTESIAN_POINT ( 'NONE',  ( 0.6250000000000052180, 0.1519999999999999962, -1.469999999999997753 ) ) ;
#4850 = ORIENTED_EDGE ( 'NONE', *, *, #1438, .T. ) ;
#4851 = PLANE ( 'NONE',  #8617 ) ;
#4852 = FACE_OUTER_BOUND ( 'NONE', #7176, .T. ) ;
#4853 = VECTOR ( 'NONE', #3313, 1000.000000000000000 ) ;
#4854 = VECTOR ( 'NONE', #1247, 1000.000000000000000 ) ;
#4855 = EDGE_CURVE ( 'NONE', #2934, #3604, #8534, .T. ) ;
#4856 = ORIENTED_EDGE ( 'NONE', *, *, #266, .T. ) ;
#4857 = LINE ( 'NONE', #3398, #323 ) ;
#4858 = FACE_OUTER_BOUND ( 'NONE', #7413, .T. ) ;
#4859 = EDGE_CURVE ( 'NONE', #239, #4464, #8577, .T. ) ;
#4860 = CARTESIAN_POINT ( 'NONE',  ( 1.224999999999991873, 0.1519999999999999962, -0.6250000000000308642 ) ) ;
#4861 = CARTESIAN_POINT ( 'NONE',  ( 1.469999999999997087, 0.1519999999999999962, -0.3750000000000308642 ) ) ;
#4862 = VERTEX_POINT ( 'NONE', #442 ) ;
#4863 = FACE_OUTER_BOUND ( 'NONE', #1440, .T. ) ;
#4864 = LINE ( 'NONE', #3306, #8992 ) ;
#4865 = MECHANICAL_DESIGN_GEOMETRIC_PRESENTATION_REPRESENTATION (  '', ( #5329 ), #1265 ) ;
#4866 = VERTEX_POINT ( 'NONE', #2555 ) ;
#4867 = FACE_OUTER_BOUND ( 'NONE', #7437, .T. ) ;
#4868 = CARTESIAN_POINT ( 'NONE',  ( 0.2500000000000192624, 0.1519999999999999962, 1.224999999999978106 ) ) ;
#4869 = ADVANCED_FACE ( 'NONE', ( #4083 ), #6996, .F. ) ;
#4870 = CARTESIAN_POINT ( 'NONE',  ( 1.469999999999997087, 0.1519999999999999962, -0.1250000000000308642 ) ) ;
#4871 = VECTOR ( 'NONE', #8917, 1000.000000000000000 ) ;
#4872 = CARTESIAN_POINT ( 'NONE',  ( 0.8750000000000052180, 0.000000000000000000, -1.469999999999996865 ) ) ;
#4873 = ADVANCED_FACE ( 'NONE', ( #4227 ), #7940, .F. ) ;
#4874 = ORIENTED_EDGE ( 'NONE', *, *, #3539, .T. ) ;
#4875 = VERTEX_POINT ( 'NONE', #4861 ) ;
#4876 = LINE ( 'NONE', #7215, #3241 ) ;
#4877 = VECTOR ( 'NONE', #9629, 1000.000000000000000 ) ;
#4878 = VERTEX_POINT ( 'NONE', #4911 ) ;
#4879 = EDGE_LOOP ( 'NONE', ( #549, #8701, #169, #3856 ) ) ;
#4880 = CARTESIAN_POINT ( 'NONE',  ( 1.500000000000002442, 0.1519999999999999962, 0.3599999999999691225 ) ) ;
#4881 = DIRECTION ( 'NONE',  ( 2.987087618072308553E-15, 0.000000000000000000, -1.000000000000000000 ) ) ;
#4882 = CARTESIAN_POINT ( 'NONE',  ( -1.470000000000000195, 0.1519999999999999962, -0.6250000000000000000 ) ) ;
#4883 = CARTESIAN_POINT ( 'NONE',  ( -0.2500000000000128786, 0.05000000000000002359, 1.224999999999992095 ) ) ;
#4884 = DIRECTION ( 'NONE',  ( -1.000000000000000000, 0.000000000000000000, -0.000000000000000000 ) ) ;
#4885 = AXIS2_PLACEMENT_3D ( 'NONE', #7110, #1228, #6379 ) ;
#4886 = ADVANCED_FACE ( 'NONE', ( #494 ), #3404, .T. ) ;
#4887 = ORIENTED_EDGE ( 'NONE', *, *, #1230, .T. ) ;
#4888 = DIRECTION ( 'NONE',  ( 0.000000000000000000, 0.000000000000000000, -1.000000000000000000 ) ) ;
#4889 = ORIENTED_EDGE ( 'NONE', *, *, #606, .T. ) ;
#4890 = ORIENTED_EDGE ( 'NONE', *, *, #6296, .T. ) ;
#4891 = DIRECTION ( 'NONE',  ( -3.872150616019659031E-15, 0.000000000000000000, 1.000000000000000000 ) ) ;
#4892 = ORIENTED_EDGE ( 'NONE', *, *, #3781, .T. ) ;
#4893 = VECTOR ( 'NONE', #875, 1000.000000000000000 ) ;
#4894 = LINE ( 'NONE', #1803, #7389 ) ;
#4895 = EDGE_CURVE ( 'NONE', #2521, #7165, #6321, .T. ) ;
#4896 = EDGE_CURVE ( 'NONE', #6477, #3308, #1077, .T. ) ;
#4897 = CARTESIAN_POINT ( 'NONE',  ( -1.469999999999984652, 0.000000000000000000, 0.6250000000000000000 ) ) ;
#4898 = CARTESIAN_POINT ( 'NONE',  ( -1.224999999999989875, 0.1519999999999999962, 0.3749999999999998890 ) ) ;
#4899 = VERTEX_POINT ( 'NONE', #8628 ) ;
#4900 = LINE ( 'NONE', #9550, #84 ) ;
#4901 = VECTOR ( 'NONE', #5895, 1000.000000000000000 ) ;
#4902 = CARTESIAN_POINT ( 'NONE',  ( -0.2500000000000128786, 0.1519999999999999962, 1.224999999999992095 ) ) ;
#4903 = VERTEX_POINT ( 'NONE', #1767 ) ;
#4904 = LINE ( 'NONE', #9306, #7685 ) ;
#4905 = DIRECTION ( 'NONE',  ( -0.000000000000000000, -1.000000000000000000, -0.000000000000000000 ) ) ;
#4906 = EDGE_CURVE ( 'NONE', #48, #9147, #1864, .T. ) ;
#4907 = EDGE_CURVE ( 'NONE', #3186, #7859, #1029, .T. ) ;
#4908 = DIRECTION ( 'NONE',  ( -0.000000000000000000, -0.000000000000000000, 1.000000000000000000 ) ) ;
#4909 = DIRECTION ( 'NONE',  ( 0.000000000000000000, 0.000000000000000000, -1.000000000000000000 ) ) ;
#4910 = VECTOR ( 'NONE', #5536, 1000.000000000000000 ) ;
#4911 = CARTESIAN_POINT ( 'NONE',  ( -1.469999999999989759, 0.000000000000000000, 0.3750000000000000000 ) ) ;
#4912 = EDGE_LOOP ( 'NONE', ( #8456, #5186, #3785, #2767 ) ) ;
#4913 = CARTESIAN_POINT ( 'NONE',  ( 0.1400000000000193312, 0.1519999999999999962, 1.469999999999977991 ) ) ;
#4914 = FACE_OUTER_BOUND ( 'NONE', #2556, .T. ) ;
#4915 = AXIS2_PLACEMENT_3D ( 'NONE', #8865, #2888, #2150 ) ;
#4916 = ORIENTED_EDGE ( 'NONE', *, *, #3286, .F. ) ;
#4917 = LINE ( 'NONE', #8583, #9635 ) ;
#4918 = DIRECTION ( 'NONE',  ( 0.000000000000000000, -0.000000000000000000, -1.000000000000000000 ) ) ;
#4919 = DIRECTION ( 'NONE',  ( 0.000000000000000000, 0.000000000000000000, 1.000000000000000000 ) ) ;
#4920 = AXIS2_PLACEMENT_3D ( 'NONE', #467, #7075, #420 ) ;
#4921 = FACE_OUTER_BOUND ( 'NONE', #1281, .T. ) ;
#4922 = CARTESIAN_POINT ( 'NONE',  ( -0.2500000000000128786, 0.1519999999999999962, 1.224999999999992095 ) ) ;
#4923 = EDGE_CURVE ( 'NONE', #7151, #3940, #7844, .T. ) ;
#4924 = VECTOR ( 'NONE', #2762, 1000.000000000000000 ) ;
#4925 = EDGE_LOOP ( 'NONE', ( #6260, #2829, #5449, #5687 ) ) ;
#4926 = ORIENTED_EDGE ( 'NONE', *, *, #3935, .F. ) ;
#4927 = LINE ( 'NONE', #2868, #6665 ) ;
#4928 = ORIENTED_EDGE ( 'NONE', *, *, #7458, .F. ) ;
#4929 = ORIENTED_EDGE ( 'NONE', *, *, #3479, .T. ) ;
#4930 = CARTESIAN_POINT ( 'NONE',  ( 1.470000000000007523, 0.1519999999999999962, 0.6249999999999691358 ) ) ;
#4931 = DIRECTION ( 'NONE',  ( -0.000000000000000000, -1.000000000000000000, -0.000000000000000000 ) ) ;
#4932 = SURFACE_STYLE_USAGE ( .BOTH. , #1789 ) ;
#4933 = CARTESIAN_POINT ( 'NONE',  ( -1.469999999999984652, 0.1519999999999999962, 0.6400000000000000133 ) ) ;
#4934 = VECTOR ( 'NONE', #735, 1000.000000000000000 ) ;
#4935 = VECTOR ( 'NONE', #7254, 1000.000000000000000 ) ;
#4936 = DIRECTION ( 'NONE',  ( 0.000000000000000000, 0.000000000000000000, -1.000000000000000000 ) ) ;
#4937 = ORIENTED_EDGE ( 'NONE', *, *, #4622, .F. ) ;
#4938 = DIRECTION ( 'NONE',  ( 0.000000000000000000, 0.000000000000000000, -1.000000000000000000 ) ) ;
#4939 = VECTOR ( 'NONE', #5962, 1000.000000000000000 ) ;
#4940 = VERTEX_POINT ( 'NONE', #4767 ) ;
#4941 = ORIENTED_EDGE ( 'NONE', *, *, #4043, .F. ) ;
#4942 = PLANE ( 'NONE',  #272 ) ;
#4943 = AXIS2_PLACEMENT_3D ( 'NONE', #9460, #5204, #4433 ) ;
#4944 = ORIENTED_EDGE ( 'NONE', *, *, #1665, .T. ) ;
#4945 = LINE ( 'NONE', #4214, #7702 ) ;
#4946 = FILL_AREA_STYLE_COLOUR ( '', #9131 ) ;
#4947 = DIRECTION ( 'NONE',  ( -0.000000000000000000, -1.000000000000000000, -0.000000000000000000 ) ) ;
#4948 = EDGE_CURVE ( 'NONE', #8094, #8338, #6371, .T. ) ;
#4949 = EDGE_CURVE ( 'NONE', #1117, #8861, #3449, .T. ) ;
#4950 = ORIENTED_EDGE ( 'NONE', *, *, #8736, .T. ) ;
#4951 = VECTOR ( 'NONE', #953, 1000.000000000000000 ) ;
#4952 = DIRECTION ( 'NONE',  ( -0.000000000000000000, 0.000000000000000000, 1.000000000000000000 ) ) ;
#4953 = DIRECTION ( 'NONE',  ( 1.000000000000000000, -0.000000000000000000, 3.614007241618338910E-15 ) ) ;
#4954 = ORIENTED_EDGE ( 'NONE', *, *, #132, .F. ) ;
#4955 = CARTESIAN_POINT ( 'NONE',  ( 1.469999999999997087, 0.1519999999999999962, -0.1400000000000309053 ) ) ;
#4956 = VECTOR ( 'NONE', #5697, 1000.000000000000000 ) ;
#4957 = LINE ( 'NONE', #4512, #346 ) ;
#4958 = CARTESIAN_POINT ( 'NONE',  ( 0.6400000000000053424, 0.1519999999999999962, -1.499999999999997780 ) ) ;
#4959 = DIRECTION ( 'NONE',  ( 0.000000000000000000, 0.000000000000000000, -1.000000000000000000 ) ) ;
#4960 = ORIENTED_EDGE ( 'NONE', *, *, #2335, .F. ) ;
#4961 = FACE_OUTER_BOUND ( 'NONE', #6971, .T. ) ;
#4962 = LINE ( 'NONE', #5112, #2740 ) ;
#4963 = EDGE_CURVE ( 'NONE', #8329, #8006, #4036, .T. ) ;
#4964 = EDGE_CURVE ( 'NONE', #1290, #903, #83, .T. ) ;
#4965 = ORIENTED_EDGE ( 'NONE', *, *, #6726, .T. ) ;
#4966 = CARTESIAN_POINT ( 'NONE',  ( 0.6250000000000192069, 0.1519999999999999962, 1.469999999999972662 ) ) ;
#4967 = DIRECTION ( 'NONE',  ( 0.000000000000000000, -1.000000000000000000, 0.000000000000000000 ) ) ;
#4968 = DIRECTION ( 'NONE',  ( -0.000000000000000000, -1.000000000000000000, -0.000000000000000000 ) ) ;
#4969 = CARTESIAN_POINT ( 'NONE',  ( -1.499999999999989786, 0.1519999999999999962, 0.1400000000000000411 ) ) ;
#4970 = CARTESIAN_POINT ( 'NONE',  ( 1.499999999999992006, 0.1519999999999999962, -0.6400000000000309885 ) ) ;
#4971 = ORIENTED_EDGE ( 'NONE', *, *, #5912, .F. ) ;
#4972 = ORIENTED_EDGE ( 'NONE', *, *, #4071, .T. ) ;
#4973 = CARTESIAN_POINT ( 'NONE',  ( 0.8750000000000192069, 0.05000000000000002359, 0.000000000000000000 ) ) ;
#4974 = EDGE_CURVE ( 'NONE', #7390, #4728, #6472, .T. ) ;
#4975 = ORIENTED_EDGE ( 'NONE', *, *, #2207, .T. ) ;
#4976 = ORIENTED_EDGE ( 'NONE', *, *, #8565, .T. ) ;
#4977 = CARTESIAN_POINT ( 'NONE',  ( 1.470000000000002416, 0.1519999999999999962, 0.1249999999999691358 ) ) ;
#4978 = ORIENTED_EDGE ( 'NONE', *, *, #6004, .F. ) ;
#4979 = CARTESIAN_POINT ( 'NONE',  ( 1.469999999999991980, 0.1519999999999999962, -0.8600000000000308509 ) ) ;
#4980 = FACE_OUTER_BOUND ( 'NONE', #3222, .T. ) ;
#4981 = EDGE_CURVE ( 'NONE', #7489, #1454, #1606, .T. ) ;
#4982 = CARTESIAN_POINT ( 'NONE',  ( 1.470000000000007523, 0.1519999999999999962, 0.8599999999999691225 ) ) ;
#4983 = CARTESIAN_POINT ( 'NONE',  ( -1.469999999999984652, 0.1519999999999999962, 0.6400000000000000133 ) ) ;
#4984 = AXIS2_PLACEMENT_3D ( 'NONE', #5276, #5231, #5136 ) ;
#4985 = EDGE_LOOP ( 'NONE', ( #6119, #3627, #264, #2936, #7957, #9661, #7824, #4978, #8518 ) ) ;
#4986 = ORIENTED_EDGE ( 'NONE', *, *, #8873, .T. ) ;
#4987 = CARTESIAN_POINT ( 'NONE',  ( -1.200000000000000400, 0.7500000000000000000, -1.200000000000000178 ) ) ;
#4988 = VERTEX_POINT ( 'NONE', #4600 ) ;
#4989 = ORIENTED_EDGE ( 'NONE', *, *, #5586, .T. ) ;
#4990 = CARTESIAN_POINT ( 'NONE',  ( 0.8750000000000192069, 0.1519999999999999962, 1.469999999999972662 ) ) ;
#4991 = ORIENTED_EDGE ( 'NONE', *, *, #2664, .T. ) ;
#4992 = LINE ( 'NONE', #4067, #3963 ) ;
#4993 = DIRECTION ( 'NONE',  ( 1.000000000000000000, -0.000000000000000000, 0.000000000000000000 ) ) ;
#4994 = DIRECTION ( 'NONE',  ( -1.000000000000000000, 0.000000000000000000, 0.000000000000000000 ) ) ;
#4995 = ORIENTED_EDGE ( 'NONE', *, *, #1432, .T. ) ;
#4996 = FACE_OUTER_BOUND ( 'NONE', #3405, .T. ) ;
#4997 = DIRECTION ( 'NONE',  ( -1.000000000000000000, 0.000000000000000000, 0.000000000000000000 ) ) ;
#4998 = ORIENTED_EDGE ( 'NONE', *, *, #8760, .F. ) ;
#4999 = AXIS2_PLACEMENT_3D ( 'NONE', #9031, #6268, #4636 ) ;
#5000 = EDGE_CURVE ( 'NONE', #957, #7582, #2249, .T. ) ;
#5001 = DIRECTION ( 'NONE',  ( 1.000000000000000000, 0.000000000000000000, 0.000000000000000000 ) ) ;
#5002 = ADVANCED_FACE ( 'NONE', ( #9453 ), #5731, .F. ) ;
#5003 = DIRECTION ( 'NONE',  ( -1.000000000000000000, 0.000000000000000000, 4.425314989736752882E-16 ) ) ;
#5004 = FACE_OUTER_BOUND ( 'NONE', #1457, .T. ) ;
#5005 = CARTESIAN_POINT ( 'NONE',  ( 1.500000000000002442, 0.05000000000000002359, 0.1399999999999691769 ) ) ;
#5006 = CARTESIAN_POINT ( 'NONE',  ( -0.000000000000000000, 0.05000000000000002359, 1.469999999999983320 ) ) ;
#5007 = ORIENTED_EDGE ( 'NONE', *, *, #4838, .F. ) ;
#5008 = VECTOR ( 'NONE', #7804, 1000.000000000000000 ) ;
#5009 = VECTOR ( 'NONE', #3436, 1000.000000000000000 ) ;
#5010 = CARTESIAN_POINT ( 'NONE',  ( -0.3599999999999947131, 0.1519999999999999962, -1.469999999999990870 ) ) ;
#5011 = DIRECTION ( 'NONE',  ( 1.000000000000000000, -0.000000000000000000, 4.425314989736752882E-16 ) ) ;
#5012 = EDGE_CURVE ( 'NONE', #5184, #4062, #7010, .T. ) ;
#5013 = ORIENTED_EDGE ( 'NONE', *, *, #4974, .T. ) ;
#5014 = DIRECTION ( 'NONE',  ( -0.000000000000000000, -1.000000000000000000, -0.000000000000000000 ) ) ;
#5015 = VECTOR ( 'NONE', #1385, 1000.000000000000000 ) ;
#5016 = CARTESIAN_POINT ( 'NONE',  ( -1.500000000000000222, 0.1519999999999999962, -0.8599999999999999867 ) ) ;
#5017 = VECTOR ( 'NONE', #6538, 1000.000000000000000 ) ;
#5018 = EDGE_CURVE ( 'NONE', #6734, #4489, #35, .T. ) ;
#5019 = ADVANCED_FACE ( 'NONE', ( #3033 ), #2751, .T. ) ;
#5020 = EDGE_CURVE ( 'NONE', #6923, #9605, #544, .T. ) ;
#5021 = CARTESIAN_POINT ( 'NONE',  ( -0.1249999999999957256, 0.000000000000000000, -1.224999999999989875 ) ) ;
#5022 = DIRECTION ( 'NONE',  ( -0.000000000000000000, -1.000000000000000000, -0.000000000000000000 ) ) ;
#5023 = FACE_OUTER_BOUND ( 'NONE', #5506, .T. ) ;
#5024 = VECTOR ( 'NONE', #4121, 1000.000000000000000 ) ;
#5025 = EDGE_LOOP ( 'NONE', ( #9375, #9194, #3416, #6812 ) ) ;
#5026 = ORIENTED_EDGE ( 'NONE', *, *, #9266, .F. ) ;
#5027 = CARTESIAN_POINT ( 'NONE',  ( 1.500000000000002442, 0.1519999999999999962, 0.3599999999999691225 ) ) ;
#5028 = ORIENTED_EDGE ( 'NONE', *, *, #2259, .T. ) ;
#5029 = ORIENTED_EDGE ( 'NONE', *, *, #9146, .T. ) ;
#5030 = DIRECTION ( 'NONE',  ( -1.000000000000000000, 0.000000000000000000, 4.425314989736752882E-16 ) ) ;
#5031 = DIRECTION ( 'NONE',  ( -1.000000000000000000, 0.000000000000000000, -0.000000000000000000 ) ) ;
#5032 = PRODUCT_CONTEXT ( 'NONE', #6228, 'mechanical' ) ;
#5033 = CARTESIAN_POINT ( 'NONE',  ( -1.225000000000000089, 0.05000000000000002359, -0.6250000000000001110 ) ) ;
#5034 = CARTESIAN_POINT ( 'NONE',  ( -1.500000000000000222, 0.05000000000000002359, 1.500000000000000000 ) ) ;
#5035 = ADVANCED_FACE ( 'NONE', ( #593 ), #6052, .T. ) ;
#5036 = VECTOR ( 'NONE', #7786, 1000.000000000000000 ) ;
#5037 = VERTEX_POINT ( 'NONE', #3599 ) ;
#5038 = VERTEX_POINT ( 'NONE', #3501 ) ;
#5039 = CARTESIAN_POINT ( 'NONE',  ( 1.470000000000002416, 0.1519999999999999962, 0.3599999999999691225 ) ) ;
#5040 = ORIENTED_EDGE ( 'NONE', *, *, #9193, .T. ) ;
#5041 = EDGE_LOOP ( 'NONE', ( #4049, #3993, #4937, #4453, #2143, #3174, #8563, #234 ) ) ;
#5042 = DIRECTION ( 'NONE',  ( 0.000000000000000000, 0.000000000000000000, -1.000000000000000000 ) ) ;
#5043 = ORIENTED_EDGE ( 'NONE', *, *, #2050, .T. ) ;
#5044 = FACE_OUTER_BOUND ( 'NONE', #7968, .T. ) ;
#5045 = CARTESIAN_POINT ( 'NONE',  ( -1.469999999999994866, 0.1519999999999999962, -0.3599999999999999867 ) ) ;
#5046 = AXIS2_PLACEMENT_3D ( 'NONE', #5383, #8232, #8272 ) ;
#5047 = ORIENTED_EDGE ( 'NONE', *, *, #9660, .F. ) ;
#5048 = DIRECTION ( 'NONE',  ( 0.000000000000000000, 0.000000000000000000, -1.000000000000000000 ) ) ;
#5049 = LINE ( 'NONE', #1317, #9159 ) ;
#5050 = EDGE_CURVE ( 'NONE', #5213, #2731, #3552, .T. ) ;
#5051 = AXIS2_PLACEMENT_3D ( 'NONE', #3410, #6527, #4237 ) ;
#5052 = ORIENTED_EDGE ( 'NONE', *, *, #1161, .F. ) ;
#5053 = LINE ( 'NONE', #4276, #4871 ) ;
#5054 = CARTESIAN_POINT ( 'NONE',  ( 1.224999999999997202, 0.05000000000000002359, -0.2500000000000308642 ) ) ;
#5055 = DIRECTION ( 'NONE',  ( 0.000000000000000000, 0.000000000000000000, -1.000000000000000000 ) ) ;
#5056 = FACE_OUTER_BOUND ( 'NONE', #3715, .T. ) ;
#5057 = DIRECTION ( 'NONE',  ( -0.000000000000000000, -1.000000000000000000, -0.000000000000000000 ) ) ;
#5058 = ORIENTED_EDGE ( 'NONE', *, *, #1225, .F. ) ;
#5059 = VECTOR ( 'NONE', #4317, 1000.000000000000000 ) ;
#5060 = ADVANCED_FACE ( 'NONE', ( #9507 ), #2065, .T. ) ;
#5061 = PLANE ( 'NONE',  #4252 ) ;
#5062 = DIRECTION ( 'NONE',  ( 1.000000000000000000, 0.000000000000000000, -4.425314989736752882E-16 ) ) ;
#5063 = VERTEX_POINT ( 'NONE', #5327 ) ;
#5064 = CARTESIAN_POINT ( 'NONE',  ( 1.469999999999991980, 0.000000000000000000, -0.8600000000000308509 ) ) ;
#5065 = VECTOR ( 'NONE', #9094, 1000.000000000000000 ) ;
#5066 = LINE ( 'NONE', #5016, #8946 ) ;
#5067 = LINE ( 'NONE', #1334, #2328 ) ;
#5068 = EDGE_CURVE ( 'NONE', #8304, #8808, #5280, .T. ) ;
#5069 = LINE ( 'NONE', #7306, #8457 ) ;
#5070 = FACE_OUTER_BOUND ( 'NONE', #6088, .T. ) ;
#5071 = ADVANCED_FACE ( 'NONE', ( #9562 ), #5960, .F. ) ;
#5072 = VECTOR ( 'NONE', #2112, 1000.000000000000000 ) ;
#5073 = ORIENTED_EDGE ( 'NONE', *, *, #9201, .T. ) ;
#5074 = EDGE_LOOP ( 'NONE', ( #2445, #4096, #9419, #8622 ) ) ;
#5075 = CARTESIAN_POINT ( 'NONE',  ( -1.469999999999989759, 0.1519999999999999962, 0.1400000000000000411 ) ) ;
#5076 = ORIENTED_EDGE ( 'NONE', *, *, #9595, .F. ) ;
#5077 = CARTESIAN_POINT ( 'NONE',  ( -1.499999999999995115, 0.1519999999999999962, -0.3599999999999999867 ) ) ;
#5078 = AXIS2_PLACEMENT_3D ( 'NONE', #9298, #431, #3435 ) ;
#5079 = FACE_OUTER_BOUND ( 'NONE', #3678, .T. ) ;
#5080 = PRESENTATION_STYLE_ASSIGNMENT (( #1350 ) ) ;
#5081 = DIRECTION ( 'NONE',  ( 3.982783490763077545E-15, -0.000000000000000000, -1.000000000000000000 ) ) ;
#5082 = LINE ( 'NONE', #8066, #302 ) ;
#5083 = ORIENTED_EDGE ( 'NONE', *, *, #6841, .T. ) ;
#5084 = ORIENTED_EDGE ( 'NONE', *, *, #2877, .T. ) ;
#5085 = EDGE_CURVE ( 'NONE', #1635, #5318, #2797, .T. ) ;
#5086 = FACE_OUTER_BOUND ( 'NONE', #3206, .T. ) ;
#5087 = EDGE_CURVE ( 'NONE', #8452, #8020, #768, .T. ) ;
#5088 = EDGE_LOOP ( 'NONE', ( #7703, #2237, #1588, #6288, #2096, #6657, #4592, #524 ) ) ;
#5089 = ORIENTED_EDGE ( 'NONE', *, *, #4027, .F. ) ;
#5090 = PLANE ( 'NONE',  #6844 ) ;
#5091 = ORIENTED_EDGE ( 'NONE', *, *, #8291, .T. ) ;
#5092 = EDGE_CURVE ( 'NONE', #7584, #8182, #7483, .T. ) ;
#5093 = VECTOR ( 'NONE', #348, 1000.000000000000000 ) ;
#5094 = CARTESIAN_POINT ( 'NONE',  ( -0.000000000000000000, 0.05000000000000002359, 1.469999999999983320 ) ) ;
#5095 = LINE ( 'NONE', #3585, #5534 ) ;
#5096 = CARTESIAN_POINT ( 'NONE',  ( -0.1399999999999948230, 0.1519999999999999962, -1.469999999999989981 ) ) ;
#5097 = VERTEX_POINT ( 'NONE', #2392 ) ;
#5098 = LINE ( 'NONE', #8082, #2127 ) ;
#5099 = AXIS2_PLACEMENT_3D ( 'NONE', #1477, #1522, #5924 ) ;
#5100 = AXIS2_PLACEMENT_3D ( 'NONE', #8982, #1491, #5263 ) ;
#5101 = LINE ( 'NONE', #8668, #6955 ) ;
#5102 = EDGE_LOOP ( 'NONE', ( #6593, #6691, #2573, #5878, #1597, #3046, #1329, #1254 ) ) ;
#5103 = CARTESIAN_POINT ( 'NONE',  ( -1.200000000000000400, 0.8000000000000000444, -1.200000000000000178 ) ) ;
#5104 = EDGE_CURVE ( 'NONE', #1768, #1243, #8441, .T. ) ;
#5105 = CARTESIAN_POINT ( 'NONE',  ( 0.1400000000000193312, 0.1519999999999999962, 1.469999999999977991 ) ) ;
#5106 = CARTESIAN_POINT ( 'NONE',  ( 0.8750000000000192069, 0.1519999999999999962, 1.469999999999972662 ) ) ;
#5107 = LINE ( 'NONE', #1374, #5156 ) ;
#5108 = AXIS2_PLACEMENT_3D ( 'NONE', #3184, #6979, #7581 ) ;
#5109 = EDGE_CURVE ( 'NONE', #7862, #3921, #3228, .T. ) ;
#5110 = VERTEX_POINT ( 'NONE', #5515 ) ;
#5111 = CARTESIAN_POINT ( 'NONE',  ( -0.6399999999999808065, 0.1519999999999999962, 1.469999999999988649 ) ) ;
#5112 = CARTESIAN_POINT ( 'NONE',  ( -1.469999999999989759, 0.000000000000000000, 0.3599999999999999867 ) ) ;
#5113 = VECTOR ( 'NONE', #6643, 1000.000000000000000 ) ;
#5114 = ORIENTED_EDGE ( 'NONE', *, *, #4496, .T. ) ;
#5115 = LINE ( 'NONE', #8095, #1800 ) ;
#5116 = CARTESIAN_POINT ( 'NONE',  ( 0.7500000000000043299, 0.1519999999999999962, -1.224999999999997424 ) ) ;
#5117 = DIRECTION ( 'NONE',  ( 0.000000000000000000, -1.000000000000000000, 0.000000000000000000 ) ) ;
#5118 = CARTESIAN_POINT ( 'NONE',  ( 1.224999999999997202, 0.1519999999999999962, -0.2500000000000308642 ) ) ;
#5119 = DIRECTION ( 'NONE',  ( -1.309893236962104487E-13, 0.000000000000000000, -1.000000000000000000 ) ) ;
#5120 = EDGE_LOOP ( 'NONE', ( #5218, #3733, #7338, #61, #221, #8396, #1011, #7590, #3714 ) ) ;
#5121 = VERTEX_POINT ( 'NONE', #7624 ) ;
#5122 = LINE ( 'NONE', #609, #7451 ) ;
#5123 = ORIENTED_EDGE ( 'NONE', *, *, #132, .T. ) ;
#5124 = CARTESIAN_POINT ( 'NONE',  ( 1.469999999999991980, 0.05000000000000002359, -0.8750000000000308642 ) ) ;
#5125 = EDGE_CURVE ( 'NONE', #1794, #3097, #4794, .T. ) ;
#5126 = EDGE_CURVE ( 'NONE', #3026, #2934, #1840, .T. ) ;
#5127 = CARTESIAN_POINT ( 'NONE',  ( -0.3599999999999806688, 0.1519999999999999962, 1.499999999999983347 ) ) ;
#5128 = SURFACE_STYLE_FILL_AREA ( #2925 ) ;
#5129 = CARTESIAN_POINT ( 'NONE',  ( 0.1400000000000053701, 0.1519999999999999962, -1.499999999999994449 ) ) ;
#5130 = LINE ( 'NONE', #4451, #9066 ) ;
#5131 = ORIENTED_EDGE ( 'NONE', *, *, #1763, .T. ) ;
#5132 = EDGE_LOOP ( 'NONE', ( #3495, #3802, #3667, #4398 ) ) ;
#5133 = CARTESIAN_POINT ( 'NONE',  ( -0.3749999999999955036, 0.1519999999999999962, -1.224999999999990763 ) ) ;
#5134 = EDGE_LOOP ( 'NONE', ( #673, #3346, #4473, #6570 ) ) ;
#5135 = ORIENTED_EDGE ( 'NONE', *, *, #2123, .F. ) ;
#5136 = DIRECTION ( 'NONE',  ( 0.000000000000000000, 0.000000000000000000, -1.000000000000000000 ) ) ;
#5137 = ORIENTED_EDGE ( 'NONE', *, *, #9574, .T. ) ;
#5138 = CARTESIAN_POINT ( 'NONE',  ( 1.469999999999991980, 0.1519999999999999962, -0.6400000000000309885 ) ) ;
#5139 = LINE ( 'NONE', #7283, #6147 ) ;
#5140 = PLANE ( 'NONE',  #9062 ) ;
#5141 = EDGE_CURVE ( 'NONE', #3615, #8612, #1050, .T. ) ;
#5142 = EDGE_CURVE ( 'NONE', #4195, #1269, #9241, .T. ) ;
#5143 = ORIENTED_EDGE ( 'NONE', *, *, #1268, .F. ) ;
#5144 = VECTOR ( 'NONE', #9594, 1000.000000000000000 ) ;
#5145 = LINE ( 'NONE', #726, #2750 ) ;
#5146 = VERTEX_POINT ( 'NONE', #8462 ) ;
#5147 = DIRECTION ( 'NONE',  ( 0.000000000000000000, 0.000000000000000000, -1.000000000000000000 ) ) ;
#5148 = CARTESIAN_POINT ( 'NONE',  ( -0.1399999999999807510, 0.1519999999999999962, 1.469999999999983320 ) ) ;
#5149 = LINE ( 'NONE', #2995, #1137 ) ;
#5150 = DIRECTION ( 'NONE',  ( -0.000000000000000000, -1.000000000000000000, -0.000000000000000000 ) ) ;
#5151 = ORIENTED_EDGE ( 'NONE', *, *, #554, .F. ) ;
#5152 = DIRECTION ( 'NONE',  ( -1.000000000000000000, 0.000000000000000000, 0.000000000000000000 ) ) ;
#5153 = CARTESIAN_POINT ( 'NONE',  ( -0.3599999999999946021, 0.1519999999999999962, -1.499999999999990896 ) ) ;
#5154 = EDGE_CURVE ( 'NONE', #6662, #2900, #9099, .T. ) ;
#5155 = AXIS2_PLACEMENT_3D ( 'NONE', #8976, #1817, #4132 ) ;
#5156 = VECTOR ( 'NONE', #4376, 1000.000000000000000 ) ;
#5157 = VERTEX_POINT ( 'NONE', #1006 ) ;
#5158 = DIRECTION ( 'NONE',  ( 3.614007241618338910E-15, 0.000000000000000000, -1.000000000000000000 ) ) ;
#5159 = DIRECTION ( 'NONE',  ( 0.000000000000000000, -1.000000000000000000, 0.000000000000000000 ) ) ;
#5160 = VECTOR ( 'NONE', #5235, 1000.000000000000000 ) ;
#5161 = AXIS2_PLACEMENT_3D ( 'NONE', #9143, #1654, #4652 ) ;
#5162 = CYLINDRICAL_SURFACE ( 'NONE', #4221, 0.1249999999999998890 ) ;
#5163 = CARTESIAN_POINT ( 'NONE',  ( 0.1400000000000193312, 0.1519999999999999962, 1.499999999999978240 ) ) ;
#5164 = DIRECTION ( 'NONE',  ( 0.000000000000000000, 0.000000000000000000, -1.000000000000000000 ) ) ;
#5165 = VECTOR ( 'NONE', #5269, 1000.000000000000000 ) ;
#5166 = VECTOR ( 'NONE', #898, 1000.000000000000000 ) ;
#5167 = EDGE_LOOP ( 'NONE', ( #1104, #5291, #1932, #823 ) ) ;
#5168 = VERTEX_POINT ( 'NONE', #2530 ) ;
#5169 = CARTESIAN_POINT ( 'NONE',  ( -1.224999999999989875, 0.05000000000000002359, 0.3749999999999998890 ) ) ;
#5170 = ADVANCED_FACE ( 'NONE', ( #3917 ), #7770, .T. ) ;
#5171 = VERTEX_POINT ( 'NONE', #8411 ) ;
#5172 = DIRECTION ( 'NONE',  ( -7.228014483236677820E-15, 0.000000000000000000, -1.000000000000000000 ) ) ;
#5173 = CARTESIAN_POINT ( 'NONE',  ( -1.225000000000000089, 0.000000000000000000, -0.6250000000000001110 ) ) ;
#5174 =( NAMED_UNIT ( * ) SI_UNIT ( $, .STERADIAN. ) SOLID_ANGLE_UNIT ( ) );
#5175 = LINE ( 'NONE', #9532, #8765 ) ;
#5176 = AXIS2_PLACEMENT_3D ( 'NONE', #1078, #9264, #1176 ) ;
#5177 = PLANE ( 'NONE',  #7502 ) ;
#5178 = EDGE_CURVE ( 'NONE', #6554, #857, #6833, .T. ) ;
#5179 = ORIENTED_EDGE ( 'NONE', *, *, #7953, .F. ) ;
#5180 = VERTEX_POINT ( 'NONE', #3327 ) ;
#5181 = FACE_OUTER_BOUND ( 'NONE', #4244, .T. ) ;
#5182 = STYLED_ITEM ( 'NONE', ( #1907 ), #6331 ) ;
#5183 = ORIENTED_EDGE ( 'NONE', *, *, #1775, .F. ) ;
#5184 = VERTEX_POINT ( 'NONE', #5469 ) ;
#5185 = CARTESIAN_POINT ( 'NONE',  ( -0.1399999999999807510, 0.1519999999999999962, 1.499999999999983347 ) ) ;
#5186 = ORIENTED_EDGE ( 'NONE', *, *, #9093, .T. ) ;
#5187 = FACE_OUTER_BOUND ( 'NONE', #3482, .T. ) ;
#5188 = DIRECTION ( 'NONE',  ( 0.000000000000000000, 0.000000000000000000, 1.000000000000000000 ) ) ;
#5189 = ORIENTED_EDGE ( 'NONE', *, *, #7484, .F. ) ;
#5190 = AXIS2_PLACEMENT_3D ( 'NONE', #639, #9606, #2157 ) ;
#5191 = ADVANCED_FACE ( 'NONE', ( #4698 ), #6242, .F. ) ;
#5192 = DIRECTION ( 'NONE',  ( -0.000000000000000000, -1.000000000000000000, -0.000000000000000000 ) ) ;
#5193 = VERTEX_POINT ( 'NONE', #1745 ) ;
#5194 = LINE ( 'NONE', #5872, #6747 ) ;
#5195 = EDGE_CURVE ( 'NONE', #8751, #2287, #9192, .T. ) ;
#5196 = LINE ( 'NONE', #3696, #4435 ) ;
#5197 = CARTESIAN_POINT ( 'NONE',  ( 0.6400000000000192202, 0.1519999999999999962, 1.469999999999972662 ) ) ;
#5198 = CARTESIAN_POINT ( 'NONE',  ( -0.6250000000000128786, 0.1519999999999999962, 1.224999999999993427 ) ) ;
#5199 = ORIENTED_EDGE ( 'NONE', *, *, #4619, .F. ) ;
#5200 = FACE_OUTER_BOUND ( 'NONE', #74, .T. ) ;
#5201 = LINE ( 'NONE', #7400, #8841 ) ;
#5202 = AXIS2_PLACEMENT_3D ( 'NONE', #8481, #3983, #1764 ) ;
#5203 = ORIENTED_EDGE ( 'NONE', *, *, #3176, .F. ) ;
#5204 = DIRECTION ( 'NONE',  ( -0.000000000000000000, 1.000000000000000000, -0.000000000000000000 ) ) ;
#5205 = EDGE_CURVE ( 'NONE', #8643, #9410, #6881, .T. ) ;
#5206 = ADVANCED_FACE ( 'NONE', ( #5563 ), #2440, .F. ) ;
#5207 = FACE_OUTER_BOUND ( 'NONE', #5309, .T. ) ;
#5208 = VECTOR ( 'NONE', #5574, 1000.000000000000000 ) ;
#5209 = LINE ( 'NONE', #4290, #8435 ) ;
#5210 = DIRECTION ( 'NONE',  ( 0.000000000000000000, -1.000000000000000000, 0.000000000000000000 ) ) ;
#5211 = CARTESIAN_POINT ( 'NONE',  ( -0.6399999999999806954, 0.1519999999999999962, 1.499999999999988676 ) ) ;
#5212 = VECTOR ( 'NONE', #6785, 1000.000000000000000 ) ;
#5213 = VERTEX_POINT ( 'NONE', #176 ) ;
#5214 = ORIENTED_EDGE ( 'NONE', *, *, #5948, .F. ) ;
#5215 = CARTESIAN_POINT ( 'NONE',  ( -1.469999999999984652, 0.1519999999999999962, 0.8750000000000000000 ) ) ;
#5216 = ORIENTED_EDGE ( 'NONE', *, *, #2335, .T. ) ;
#5217 = DIRECTION ( 'NONE',  ( -3.097720492815727067E-15, 0.000000000000000000, 1.000000000000000000 ) ) ;
#5218 = ORIENTED_EDGE ( 'NONE', *, *, #8114, .F. ) ;
#5219 = DIRECTION ( 'NONE',  ( 0.000000000000000000, -0.000000000000000000, -1.000000000000000000 ) ) ;
#5220 = DIRECTION ( 'NONE',  ( 0.000000000000000000, -0.000000000000000000, -1.000000000000000000 ) ) ;
#5221 = CARTESIAN_POINT ( 'NONE',  ( -0.1399999999999948230, 0.1519999999999999962, -1.469999999999989981 ) ) ;
#5222 = AXIS2_PLACEMENT_3D ( 'NONE', #7989, #1273, #6520 ) ;
#5223 = DIRECTION ( 'NONE',  ( 3.614007241618338910E-15, 0.000000000000000000, -1.000000000000000000 ) ) ;
#5224 = ADVANCED_FACE ( 'NONE', ( #1698 ), #3964, .T. ) ;
#5225 = ORIENTED_EDGE ( 'NONE', *, *, #9193, .F. ) ;
#5226 = ORIENTED_EDGE ( 'NONE', *, *, #6944, .F. ) ;
#5227 = DIRECTION ( 'NONE',  ( 1.000000000000000000, 0.000000000000000000, -7.228014483236677820E-15 ) ) ;
#5228 = VECTOR ( 'NONE', #7829, 1000.000000000000000 ) ;
#5229 = VERTEX_POINT ( 'NONE', #4015 ) ;
#5230 = ORIENTED_EDGE ( 'NONE', *, *, #8346, .F. ) ;
#5231 = DIRECTION ( 'NONE',  ( 0.000000000000000000, 1.000000000000000000, -0.000000000000000000 ) ) ;
#5232 = DIRECTION ( 'NONE',  ( -0.000000000000000000, -1.000000000000000000, -0.000000000000000000 ) ) ;
#5233 = CARTESIAN_POINT ( 'NONE',  ( 1.224999999999991873, 0.1519999999999999962, -0.8750000000000307532 ) ) ;
#5234 = CARTESIAN_POINT ( 'NONE',  ( 0.3750000000000042744, 0.1519999999999999962, -1.224999999999993427 ) ) ;
#5235 = DIRECTION ( 'NONE',  ( 1.000000000000000000, 0.000000000000000000, 0.000000000000000000 ) ) ;
#5236 = COLOUR_RGB ( '',0.7921568627450980005, 0.8196078431372548767, 0.9333333333333333481 ) ;
#5237 = CARTESIAN_POINT ( 'NONE',  ( 0.3600000000000192490, 0.1519999999999999962, 1.469999999999977991 ) ) ;
#5238 = VECTOR ( 'NONE', #9467, 1000.000000000000000 ) ;
#5239 = ORIENTED_EDGE ( 'NONE', *, *, #3589, .T. ) ;
#5240 = CARTESIAN_POINT ( 'NONE',  ( 1.470000000000002416, 0.1519999999999999962, 0.3749999999999691358 ) ) ;
#5241 = ORIENTED_EDGE ( 'NONE', *, *, #5634, .T. ) ;
#5242 = CARTESIAN_POINT ( 'NONE',  ( -0.000000000000000000, 0.05000000000000002359, 1.469999999999972662 ) ) ;
#5243 = EDGE_CURVE ( 'NONE', #4213, #6981, #8652, .T. ) ;
#5244 = ADVANCED_FACE ( 'NONE', ( #1941 ), #7917, .F. ) ;
#5245 = CARTESIAN_POINT ( 'NONE',  ( -1.469999999999984652, 0.1519999999999999962, 0.6250000000000000000 ) ) ;
#5246 = FACE_OUTER_BOUND ( 'NONE', #5526, .T. ) ;
#5247 = ORIENTED_EDGE ( 'NONE', *, *, #7410, .T. ) ;
#5248 = VECTOR ( 'NONE', #6896, 1000.000000000000000 ) ;
#5249 = FACE_OUTER_BOUND ( 'NONE', #2345, .T. ) ;
#5250 = APPLICATION_CONTEXT ( 'automotive_design' ) ;
#5251 = LINE ( 'NONE', #3199, #3107 ) ;
#5252 = AXIS2_PLACEMENT_3D ( 'NONE', #8870, #3738, #6697 ) ;
#5253 = CARTESIAN_POINT ( 'NONE',  ( -1.225000000000000089, 0.1519999999999999962, -0.8749999999999998890 ) ) ;
#5254 = PRESENTATION_LAYER_ASSIGNMENT (  '', '', ( #4172 ) ) ;
#5255 = CYLINDRICAL_SURFACE ( 'NONE', #287, 0.1249999999999998890 ) ;
#5256 = DIRECTION ( 'NONE',  ( 1.000000000000000000, 0.000000000000000000, 0.000000000000000000 ) ) ;
#5257 = ADVANCED_FACE ( 'NONE', ( #9533 ), #2679, .F. ) ;
#5258 = CARTESIAN_POINT ( 'NONE',  ( -0.1399999999999947120, 0.1519999999999999962, -1.499999999999990008 ) ) ;
#5259 = EDGE_CURVE ( 'NONE', #1641, #5732, #5752, .T. ) ;
#5260 = VECTOR ( 'NONE', #4590, 1000.000000000000000 ) ;
#5261 = VERTEX_POINT ( 'NONE', #1299 ) ;
#5262 = ORIENTED_EDGE ( 'NONE', *, *, #357, .T. ) ;
#5263 = DIRECTION ( 'NONE',  ( 0.000000000000000000, 0.000000000000000000, -1.000000000000000000 ) ) ;
#5264 = EDGE_LOOP ( 'NONE', ( #3221, #4954, #1042, #7537 ) ) ;
#5265 = LINE ( 'NONE', #64, #1589 ) ;
#5266 = ORIENTED_EDGE ( 'NONE', *, *, #6726, .F. ) ;
#5267 = CARTESIAN_POINT ( 'NONE',  ( 0.3600000000000052047, 0.1519999999999999962, -1.469999999999993534 ) ) ;
#5268 = CARTESIAN_POINT ( 'NONE',  ( 1.469999999999997087, 0.000000000000000000, -0.1250000000000308642 ) ) ;
#5269 = DIRECTION ( 'NONE',  ( 0.000000000000000000, 0.000000000000000000, -1.000000000000000000 ) ) ;
#5270 = EDGE_CURVE ( 'NONE', #5596, #8351, #2813, .T. ) ;
#5271 = ORIENTED_EDGE ( 'NONE', *, *, #3869, .F. ) ;
#5272 = ORIENTED_EDGE ( 'NONE', *, *, #1810, .F. ) ;
#5273 = CARTESIAN_POINT ( 'NONE',  ( -0.8750000000000126565, 0.000000000000000000, 1.224999999999990763 ) ) ;
#5274 = ORIENTED_EDGE ( 'NONE', *, *, #4964, .F. ) ;
#5275 = ORIENTED_EDGE ( 'NONE', *, *, #8565, .F. ) ;
#5276 = CARTESIAN_POINT ( 'NONE',  ( -0.7500000000000127676, 0.1519999999999999962, 1.224999999999992095 ) ) ;
#5277 = EDGE_CURVE ( 'NONE', #1841, #4866, #2628, .T. ) ;
#5278 = CARTESIAN_POINT ( 'NONE',  ( -1.500000000000000222, 0.8000000000000000444, -1.500000000000000000 ) ) ;
#5279 = DIRECTION ( 'NONE',  ( 3.614007241618338910E-15, 0.000000000000000000, -1.000000000000000000 ) ) ;
#5280 = LINE ( 'NONE', #3824, #2023 ) ;
#5281 = ORIENTED_EDGE ( 'NONE', *, *, #1051, .T. ) ;
#5282 = LINE ( 'NONE', #8320, #710 ) ;
#5283 = EDGE_LOOP ( 'NONE', ( #244, #5614, #6614, #9579 ) ) ;
#5284 = DIRECTION ( 'NONE',  ( -1.000000000000000000, 0.000000000000000000, 0.000000000000000000 ) ) ;
#5285 = ADVANCED_FACE ( 'NONE', ( #1993 ), #9482, .T. ) ;
#5286 = ORIENTED_EDGE ( 'NONE', *, *, #5531, .T. ) ;
#5287 = PLANE ( 'NONE',  #2860 ) ;
#5288 = CARTESIAN_POINT ( 'NONE',  ( 0.3750000000000193179, 0.1519999999999999962, 1.469999999999977991 ) ) ;
#5289 = DIRECTION ( 'NONE',  ( 0.000000000000000000, 0.000000000000000000, 1.000000000000000000 ) ) ;
#5290 = CIRCLE ( 'NONE', #7478, 0.1249999999999998890 ) ;
#5291 = ORIENTED_EDGE ( 'NONE', *, *, #5141, .T. ) ;
#5292 = DIRECTION ( 'NONE',  ( -1.000000000000000000, 0.000000000000000000, 4.425314989736752882E-16 ) ) ;
#5293 = EDGE_CURVE ( 'NONE', #8863, #5844, #2043, .T. ) ;
#5294 = EDGE_CURVE ( 'NONE', #2633, #3720, #6395, .T. ) ;
#5295 = MECHANICAL_DESIGN_GEOMETRIC_PRESENTATION_REPRESENTATION (  '', ( #9519 ), #9217 ) ;
#5296 = CARTESIAN_POINT ( 'NONE',  ( -1.499999999999984679, 0.1519999999999999962, 0.8599999999999999867 ) ) ;
#5297 = DIRECTION ( 'NONE',  ( 0.000000000000000000, 0.000000000000000000, -1.000000000000000000 ) ) ;
#5298 = DIRECTION ( 'NONE',  ( -0.000000000000000000, 1.000000000000000000, -0.000000000000000000 ) ) ;
#5299 = VECTOR ( 'NONE', #2462, 1000.000000000000000 ) ;
#5300 = DIRECTION ( 'NONE',  ( 0.000000000000000000, 0.000000000000000000, -1.000000000000000000 ) ) ;
#5301 = CARTESIAN_POINT ( 'NONE',  ( 0.8749999999999993339, 0.05000000000000002359, 3.484935554417689894E-15 ) ) ;
#5302 = ADVANCED_FACE ( 'NONE', ( #5606 ), #2091, .T. ) ;
#5303 = ORIENTED_EDGE ( 'NONE', *, *, #4838, .T. ) ;
#5304 = LINE ( 'NONE', #8394, #394 ) ;
#5305 = ORIENTED_EDGE ( 'NONE', *, *, #3539, .F. ) ;
#5306 = DIRECTION ( 'NONE',  ( 0.000000000000000000, -1.000000000000000000, 0.000000000000000000 ) ) ;
#5307 = VECTOR ( 'NONE', #1851, 1000.000000000000000 ) ;
#5308 = EDGE_CURVE ( 'NONE', #8633, #6234, #1200, .T. ) ;
#5309 = EDGE_LOOP ( 'NONE', ( #6677, #1628, #858, #6159 ) ) ;
#5310 = DIRECTION ( 'NONE',  ( 0.000000000000000000, -1.000000000000000000, 0.000000000000000000 ) ) ;
#5311 = PLANE ( 'NONE',  #5935 ) ;
#5312 = LINE ( 'NONE', #7855, #1718 ) ;
#5313 = VECTOR ( 'NONE', #2726, 1000.000000000000000 ) ;
#5314 = ORIENTED_EDGE ( 'NONE', *, *, #6283, .F. ) ;
#5315 = ORIENTED_EDGE ( 'NONE', *, *, #8858, .F. ) ;
#5316 = LINE ( 'NONE', #6873, #6810 ) ;
#5317 = EDGE_LOOP ( 'NONE', ( #3787, #9437, #4345, #2066 ) ) ;
#5318 = VERTEX_POINT ( 'NONE', #4205 ) ;
#5319 = DIRECTION ( 'NONE',  ( -8.850629979473505765E-16, 0.000000000000000000, 1.000000000000000000 ) ) ;
#5320 = EDGE_CURVE ( 'NONE', #9593, #5171, #6539, .T. ) ;
#5321 = VECTOR ( 'NONE', #4094, 1000.000000000000000 ) ;
#5322 = LINE ( 'NONE', #4694, #8651 ) ;
#5323 = CARTESIAN_POINT ( 'NONE',  ( 1.499999999999997113, 0.1519999999999999962, -0.1400000000000309053 ) ) ;
#5324 = EDGE_CURVE ( 'NONE', #3009, #3158, #9430, .T. ) ;
#5325 = CARTESIAN_POINT ( 'NONE',  ( -0.8599999999999947686, 0.000000000000000000, -1.469999999999987317 ) ) ;
#5326 = FACE_OUTER_BOUND ( 'NONE', #6922, .T. ) ;
#5327 = CARTESIAN_POINT ( 'NONE',  ( -0.1399999999999807510, 0.1519999999999999962, 1.499999999999983347 ) ) ;
#5328 = EDGE_CURVE ( 'NONE', #4199, #9491, #3476, .T. ) ;
#5329 = STYLED_ITEM ( 'NONE', ( #4476 ), #6180 ) ;
#5330 = EDGE_CURVE ( 'NONE', #3008, #8048, #4156, .T. ) ;
#5331 = ORIENTED_EDGE ( 'NONE', *, *, #5495, .F. ) ;
#5332 = CARTESIAN_POINT ( 'NONE',  ( 1.499999999999997113, 0.000000000000000000, -0.1400000000000309053 ) ) ;
#5333 = VERTEX_POINT ( 'NONE', #4983 ) ;
#5334 = DIRECTION ( 'NONE',  ( -3.614007241618338910E-15, 0.000000000000000000, 1.000000000000000000 ) ) ;
#5335 = ORIENTED_EDGE ( 'NONE', *, *, #2263, .T. ) ;
#5336 = DIRECTION ( 'NONE',  ( 0.000000000000000000, -1.000000000000000000, 0.000000000000000000 ) ) ;
#5337 = LINE ( 'NONE', #5386, #2716 ) ;
#5338 = CARTESIAN_POINT ( 'NONE',  ( 0.8750000000000052180, 0.1519999999999999962, -1.469999999999996865 ) ) ;
#5339 = AXIS2_PLACEMENT_3D ( 'NONE', #7095, #5581, #1215 ) ;
#5340 = ORIENTED_EDGE ( 'NONE', *, *, #939, .F. ) ;
#5341 =( NAMED_UNIT ( * ) SI_UNIT ( $, .STERADIAN. ) SOLID_ANGLE_UNIT ( ) );
#5342 = CARTESIAN_POINT ( 'NONE',  ( 1.470000000000007523, 0.1519999999999999962, 0.8599999999999691225 ) ) ;
#5343 = EDGE_CURVE ( 'NONE', #8367, #7193, #9222, .T. ) ;
#5344 = AXIS2_PLACEMENT_3D ( 'NONE', #4021, #5799, #4799 ) ;
#5345 = DIRECTION ( 'NONE',  ( -1.000000000000000000, -0.000000000000000000, -4.425314989736752882E-16 ) ) ;
#5346 = CARTESIAN_POINT ( 'NONE',  ( -0.6249999999999807931, 0.1519999999999999962, 1.469999999999988649 ) ) ;
#5347 = EDGE_CURVE ( 'NONE', #4625, #7582, #3380, .T. ) ;
#5348 = CARTESIAN_POINT ( 'NONE',  ( 0.6400000000000052314, 0.1519999999999999962, -1.469999999999997753 ) ) ;
#5349 = AXIS2_PLACEMENT_3D ( 'NONE', #7147, #2699, #3548 ) ;
#5350 = FACE_OUTER_BOUND ( 'NONE', #6135, .T. ) ;
#5351 = LINE ( 'NONE', #8932, #5543 ) ;
#5352 = ORIENTED_EDGE ( 'NONE', *, *, #1051, .F. ) ;
#5353 = LINE ( 'NONE', #1773, #2741 ) ;
#5354 = AXIS2_PLACEMENT_3D ( 'NONE', #2688, #2735, #8564 ) ;
#5355 = VERTEX_POINT ( 'NONE', #1148 ) ;
#5356 = FACE_OUTER_BOUND ( 'NONE', #675, .T. ) ;
#5357 = ORIENTED_EDGE ( 'NONE', *, *, #9484, .F. ) ;
#5358 = CARTESIAN_POINT ( 'NONE',  ( 1.469999999999991980, 0.1519999999999999962, -0.6400000000000309885 ) ) ;
#5359 = EDGE_CURVE ( 'NONE', #4366, #8733, #7223, .T. ) ;
#5360 = EDGE_CURVE ( 'NONE', #4903, #8370, #7520, .T. ) ;
#5361 = DIRECTION ( 'NONE',  ( 0.000000000000000000, -0.000000000000000000, -1.000000000000000000 ) ) ;
#5362 = CARTESIAN_POINT ( 'NONE',  ( -1.200000000000000400, 0.8000000000000000444, -1.350000000000000089 ) ) ;
#5363 = ORIENTED_EDGE ( 'NONE', *, *, #6518, .F. ) ;
#5364 = CIRCLE ( 'NONE', #6300, 0.1249999999999998890 ) ;
#5365 = ORIENTED_EDGE ( 'NONE', *, *, #2277, .F. ) ;
#5366 = ORIENTED_EDGE ( 'NONE', *, *, #4478, .F. ) ;
#5367 = CARTESIAN_POINT ( 'NONE',  ( -1.469999999999994866, 0.1519999999999999962, -0.3750000000000000000 ) ) ;
#5368 = VERTEX_POINT ( 'NONE', #2234 ) ;
#5369 = EDGE_LOOP ( 'NONE', ( #402, #9575, #2917, #157 ) ) ;
#5370 = FACE_OUTER_BOUND ( 'NONE', #1705, .T. ) ;
#5371 = AXIS2_PLACEMENT_3D ( 'NONE', #8235, #731, #2208 ) ;
#5372 = LINE ( 'NONE', #3865, #5837 ) ;
#5373 = DIRECTION ( 'NONE',  ( 0.000000000000000000, 0.000000000000000000, -1.000000000000000000 ) ) ;
#5374 = DIRECTION ( 'NONE',  ( -0.000000000000000000, -1.000000000000000000, -0.000000000000000000 ) ) ;
#5375 = CARTESIAN_POINT ( 'NONE',  ( -0.2500000000000128786, 0.000000000000000000, 1.099999999999976108 ) ) ;
#5376 = DIRECTION ( 'NONE',  ( 0.000000000000000000, 0.000000000000000000, -1.000000000000000000 ) ) ;
#5377 = ADVANCED_FACE ( 'NONE', ( #2183 ), #5177, .F. ) ;
#5378 = EDGE_CURVE ( 'NONE', #278, #8119, #5994, .T. ) ;
#5379 = ORIENTED_EDGE ( 'NONE', *, *, #448, .F. ) ;
#5380 = CARTESIAN_POINT ( 'NONE',  ( -1.225000000000000089, 0.000000000000000000, -0.8749999999999998890 ) ) ;
#5381 = VERTEX_POINT ( 'NONE', #8990 ) ;
#5382 = VERTEX_POINT ( 'NONE', #4498 ) ;
#5383 = CARTESIAN_POINT ( 'NONE',  ( 1.224999999999991873, 0.1519999999999999962, -0.7500000000000307532 ) ) ;
#5384 = ORIENTED_EDGE ( 'NONE', *, *, #5763, .F. ) ;
#5385 = CARTESIAN_POINT ( 'NONE',  ( -1.500000000000000222, 0.05000000000000002359, -0.8599999999999999867 ) ) ;
#5386 = CARTESIAN_POINT ( 'NONE',  ( 1.500000000000002442, 0.1519999999999999962, 0.1399999999999691769 ) ) ;
#5387 = LINE ( 'NONE', #4070, #613 ) ;
#5388 = EDGE_CURVE ( 'NONE', #4842, #4065, #3625, .T. ) ;
#5389 = ORIENTED_EDGE ( 'NONE', *, *, #9631, .T. ) ;
#5390 = CARTESIAN_POINT ( 'NONE',  ( 0.6400000000000192202, 0.000000000000000000, 1.469999999999972662 ) ) ;
#5391 = VECTOR ( 'NONE', #5540, 1000.000000000000000 ) ;
#5392 = EDGE_CURVE ( 'NONE', #4630, #5890, #754, .T. ) ;
#5393 = DIRECTION ( 'NONE',  ( 1.000000000000000000, -0.000000000000000000, -0.000000000000000000 ) ) ;
#5394 = DIRECTION ( 'NONE',  ( -0.000000000000000000, -1.000000000000000000, -0.000000000000000000 ) ) ;
#5395 = ADVANCED_FACE ( 'NONE', ( #5899 ), #1398, .F. ) ;
#5396 = VECTOR ( 'NONE', #3745, 1000.000000000000000 ) ;
#5397 = CARTESIAN_POINT ( 'NONE',  ( -0.6399999999999808065, 0.1519999999999999962, 1.469999999999988649 ) ) ;
#5398 = ORIENTED_EDGE ( 'NONE', *, *, #8711, .F. ) ;
#5399 = LINE ( 'NONE', #9022, #5633 ) ;
#5400 = CARTESIAN_POINT ( 'NONE',  ( 1.500000000000007550, 0.1519999999999999962, 0.6399999999999691491 ) ) ;
#5401 = VECTOR ( 'NONE', #3545, 1000.000000000000000 ) ;
#5402 = VECTOR ( 'NONE', #5014, 1000.000000000000000 ) ;
#5403 = ORIENTED_EDGE ( 'NONE', *, *, #7358, .F. ) ;
#5404 = FACE_OUTER_BOUND ( 'NONE', #1093, .T. ) ;
#5405 = EDGE_LOOP ( 'NONE', ( #4037, #995, #586, #6313 ) ) ;
#5406 = PLANE ( 'NONE',  #5648 ) ;
#5407 = ORIENTED_EDGE ( 'NONE', *, *, #8377, .T. ) ;
#5408 = CARTESIAN_POINT ( 'NONE',  ( -0.1249999999999807099, 0.1519999999999999962, 1.469999999999983320 ) ) ;
#5409 = CIRCLE ( 'NONE', #8694, 0.1249999999999998890 ) ;
#5410 = CLOSED_SHELL ( 'NONE', ( #7112, #200, #3011, #3248, #3797, #9307, #5285, #7841, #6179, #6480, #27, #9386, #3950, #1537, #3397, #5035, #8991, #760, #3140, #8084, #7763, #3371, #248, #2872, #203, #8051, #3522, #6154, #3094, #1796, #45, #2383, #5302, #8255, #6803, #6777, #6428, #3857, #1724, #2503, #9320, #9063, #2644, #2411, #867, #6211, #7884, #1286, #7394, #2968, #7928, #7812, #1647, #6207, #7518, #8745, #2590, #5727, #7952, #7078, #2310, #7467, #1160, #3149, #2803, #7408, #8672, #2154, #5170, #3411, #7598, #283, #9034, #3302, #486, #3073, #7146, #6277, #8359, #8662, #4495, #8688, #7551, #8804, #7465, #7375, #9168, #4202, #517, #9182, #9515, #4886, #1524, #1192, #6169, #7744, #9129, #5833, #1617, #8033, #5224, #1848, #2986, #7300, #7671, #2206, #5968, #8148, #6347, #5579, #8653, #4468, #1842, #2248, #5206, #834, #3052, #901, #4527, #7106, #8724, #8328, #3891, #2460, #5413, #7747, #6925, #4006, #4233, #1964, #2218, #2746, #4302, #9677, #8828, #3782, #7037, #779, #5952, #9584, #521 ) ) ;
#5411 = LINE ( 'NONE', #2376, #3136 ) ;
#5412 = VERTEX_POINT ( 'NONE', #8164 ) ;
#5413 = ADVANCED_FACE ( 'NONE', ( #1352 ), #4402, .T. ) ;
#5414 = ORIENTED_EDGE ( 'NONE', *, *, #590, .F. ) ;
#5415 = ORIENTED_EDGE ( 'NONE', *, *, #3933, .T. ) ;
#5416 = CARTESIAN_POINT ( 'NONE',  ( 1.470000000000007523, 0.1519999999999999962, 0.6399999999999691491 ) ) ;
#5417 = EDGE_CURVE ( 'NONE', #4511, #9087, #5130, .T. ) ;
#5418 = VECTOR ( 'NONE', #9372, 1000.000000000000000 ) ;
#5419 = VERTEX_POINT ( 'NONE', #8213 ) ;
#5420 = ORIENTED_EDGE ( 'NONE', *, *, #4964, .T. ) ;
#5421 = LINE ( 'NONE', #3776, #9429 ) ;
#5422 = DIRECTION ( 'NONE',  ( -0.000000000000000000, -1.000000000000000000, -0.000000000000000000 ) ) ;
#5423 = LINE ( 'NONE', #8409, #210 ) ;
#5424 = DIRECTION ( 'NONE',  ( 3.318986242302564785E-16, 0.000000000000000000, -1.000000000000000000 ) ) ;
#5425 = CARTESIAN_POINT ( 'NONE',  ( -0.3599999999999806688, 0.000000000000000000, 1.469999999999983320 ) ) ;
#5426 = ORIENTED_EDGE ( 'NONE', *, *, #6740, .T. ) ;
#5427 = DIRECTION ( 'NONE',  ( 1.000000000000000000, 0.000000000000000000, 0.000000000000000000 ) ) ;
#5428 = ORIENTED_EDGE ( 'NONE', *, *, #1470, .T. ) ;
#5429 = VERTEX_POINT ( 'NONE', #7374 ) ;
#5430 = CARTESIAN_POINT ( 'NONE',  ( 1.224999999999997202, 0.1519999999999999962, -0.3750000000000307532 ) ) ;
#5431 = ORIENTED_EDGE ( 'NONE', *, *, #4981, .F. ) ;
#5432 = DIRECTION ( 'NONE',  ( -1.000000000000000000, -0.000000000000000000, -4.425314989736752882E-16 ) ) ;
#5433 = EDGE_CURVE ( 'NONE', #273, #415, #7318, .T. ) ;
#5434 = ADVANCED_FACE ( 'NONE', ( #712 ), #4353, .F. ) ;
#5435 = EDGE_CURVE ( 'NONE', #8262, #5180, #8257, .T. ) ;
#5436 = CARTESIAN_POINT ( 'NONE',  ( 1.499999999999992006, 0.1519999999999999962, -0.6400000000000309885 ) ) ;
#5437 = FACE_OUTER_BOUND ( 'NONE', #7001, .T. ) ;
#5438 = ORIENTED_EDGE ( 'NONE', *, *, #5435, .F. ) ;
#5439 = DIRECTION ( 'NONE',  ( -0.000000000000000000, 0.000000000000000000, -1.000000000000000000 ) ) ;
#5440 = ORIENTED_EDGE ( 'NONE', *, *, #1470, .F. ) ;
#5441 = CARTESIAN_POINT ( 'NONE',  ( 1.499999999999997113, 0.000000000000000000, -0.3600000000000307954 ) ) ;
#5442 = DIRECTION ( 'NONE',  ( 0.000000000000000000, 0.000000000000000000, -1.000000000000000000 ) ) ;
#5443 = DIRECTION ( 'NONE',  ( 0.000000000000000000, 0.000000000000000000, -1.000000000000000000 ) ) ;
#5444 = EDGE_CURVE ( 'NONE', #256, #903, #1499, .T. ) ;
#5445 = CARTESIAN_POINT ( 'NONE',  ( 1.225000000000007638, 0.1519999999999999962, 0.8749999999999691358 ) ) ;
#5446 = ORIENTED_EDGE ( 'NONE', *, *, #1500, .F. ) ;
#5447 = DIRECTION ( 'NONE',  ( 0.000000000000000000, 0.000000000000000000, -1.000000000000000000 ) ) ;
#5448 = LINE ( 'NONE', #2559, #6009 ) ;
#5449 = ORIENTED_EDGE ( 'NONE', *, *, #2366, .F. ) ;
#5450 = DIRECTION ( 'NONE',  ( 1.000000000000000000, 0.000000000000000000, -8.850629979473505765E-16 ) ) ;
#5451 = EDGE_LOOP ( 'NONE', ( #5576, #4210, #3234, #3532 ) ) ;
#5452 = DIRECTION ( 'NONE',  ( 1.000000000000000000, 0.000000000000000000, 0.000000000000000000 ) ) ;
#5453 = CARTESIAN_POINT ( 'NONE',  ( 0.1250000000000052458, 0.000000000000000000, -1.469999999999994422 ) ) ;
#5454 = CARTESIAN_POINT ( 'NONE',  ( 0.3750000000000191513, 0.1519999999999999962, 1.224999999999978106 ) ) ;
#5455 = ADVANCED_FACE ( 'NONE', ( #3019 ), #3810, .F. ) ;
#5456 = VECTOR ( 'NONE', #6661, 1000.000000000000000 ) ;
#5457 = EDGE_LOOP ( 'NONE', ( #5724, #6920, #8195, #8523 ) ) ;
#5458 = ORIENTED_EDGE ( 'NONE', *, *, #4390, .T. ) ;
#5459 = CARTESIAN_POINT ( 'NONE',  ( 0.000000000000000000, 0.05000000000000002359, 0.1399999999999691769 ) ) ;
#5460 = ORIENTED_EDGE ( 'NONE', *, *, #2700, .T. ) ;
#5461 = ORIENTED_EDGE ( 'NONE', *, *, #480, .T. ) ;
#5462 = CARTESIAN_POINT ( 'NONE',  ( -0.8749999999999947820, 0.1519999999999999962, -1.469999999999987317 ) ) ;
#5463 =( NAMED_UNIT ( * ) PLANE_ANGLE_UNIT ( ) SI_UNIT ( $, .RADIAN. ) );
#5464 = FACE_OUTER_BOUND ( 'NONE', #6486, .T. ) ;
#5465 = DIRECTION ( 'NONE',  ( -0.000000000000000000, 0.000000000000000000, 1.000000000000000000 ) ) ;
#5466 = VECTOR ( 'NONE', #1325, 1000.000000000000000 ) ;
#5467 = VECTOR ( 'NONE', #2690, 1000.000000000000000 ) ;
#5468 = EDGE_CURVE ( 'NONE', #4489, #2792, #67, .T. ) ;
#5469 = CARTESIAN_POINT ( 'NONE',  ( -1.225000000000000089, 0.1519999999999999962, -0.6250000000000001110 ) ) ;
#5470 = ORIENTED_EDGE ( 'NONE', *, *, #7937, .T. ) ;
#5471 = LINE ( 'NONE', #9103, #7595 ) ;
#5472 = VECTOR ( 'NONE', #7868, 1000.000000000000000 ) ;
#5473 = ORIENTED_EDGE ( 'NONE', *, *, #6687, .T. ) ;
#5474 = ORIENTED_EDGE ( 'NONE', *, *, #6636, .T. ) ;
#5475 = CIRCLE ( 'NONE', #6719, 0.1250000000000159317 ) ;
#5476 = DIRECTION ( 'NONE',  ( -3.614007241618338910E-15, 0.000000000000000000, 1.000000000000000000 ) ) ;
#5477 = EDGE_LOOP ( 'NONE', ( #855, #3905, #1102, #6245 ) ) ;
#5478 = FACE_OUTER_BOUND ( 'NONE', #6489, .T. ) ;
#5479 = CARTESIAN_POINT ( 'NONE',  ( -1.224999999999989875, 0.000000000000000000, 0.2500000000000000000 ) ) ;
#5480 = DIRECTION ( 'NONE',  ( 0.000000000000000000, 0.000000000000000000, -1.000000000000000000 ) ) ;
#5481 = EDGE_CURVE ( 'NONE', #8139, #3124, #5082, .T. ) ;
#5482 = ORIENTED_EDGE ( 'NONE', *, *, #6296, .F. ) ;
#5483 = VECTOR ( 'NONE', #3800, 1000.000000000000000 ) ;
#5484 = FACE_OUTER_BOUND ( 'NONE', #8005, .T. ) ;
#5485 = LINE ( 'NONE', #976, #3216 ) ;
#5486 = ORIENTED_EDGE ( 'NONE', *, *, #6263, .F. ) ;
#5487 = AXIS2_PLACEMENT_3D ( 'NONE', #9456, #3406, #8722 ) ;
#5488 = LINE ( 'NONE', #838, #3804 ) ;
#5489 = LINE ( 'NONE', #2748, #1624 ) ;
#5490 = DIRECTION ( 'NONE',  ( 0.000000000000000000, 1.000000000000000000, -0.000000000000000000 ) ) ;
#5491 = ORIENTED_EDGE ( 'NONE', *, *, #8413, .T. ) ;
#5492 = FACE_OUTER_BOUND ( 'NONE', #88, .T. ) ;
#5493 = CYLINDRICAL_SURFACE ( 'NONE', #9303, 0.1249999999999998890 ) ;
#5494 = VECTOR ( 'NONE', #6558, 1000.000000000000000 ) ;
#5495 = EDGE_CURVE ( 'NONE', #6477, #5429, #8111, .T. ) ;
#5496 = EDGE_CURVE ( 'NONE', #1660, #715, #9084, .T. ) ;
#5497 = ORIENTED_EDGE ( 'NONE', *, *, #7722, .T. ) ;
#5498 = CARTESIAN_POINT ( 'NONE',  ( 0.7500000000000043299, 0.1519999999999999962, -1.224999999999997424 ) ) ;
#5499 = CARTESIAN_POINT ( 'NONE',  ( -1.200000000000000400, 0.7500000000000000000, -1.350000000000000089 ) ) ;
#5500 = VECTOR ( 'NONE', #4752, 1000.000000000000000 ) ;
#5501 = CARTESIAN_POINT ( 'NONE',  ( -1.469999999999994866, 0.1519999999999999962, -0.3599999999999999867 ) ) ;
#5502 = CARTESIAN_POINT ( 'NONE',  ( 1.225000000000007638, 0.000000000000000000, 0.7499999999999692468 ) ) ;
#5503 = SURFACE_SIDE_STYLE ('',( #4685 ) ) ;
#5504 = VECTOR ( 'NONE', #4571, 1000.000000000000000 ) ;
#5505 = ORIENTED_EDGE ( 'NONE', *, *, #4723, .F. ) ;
#5506 = EDGE_LOOP ( 'NONE', ( #943, #7986, #4577, #2404 ) ) ;
#5507 = CARTESIAN_POINT ( 'NONE',  ( 0.1250000000000192901, 0.1519999999999999962, 1.469999999999977991 ) ) ;
#5508 = ORIENTED_EDGE ( 'NONE', *, *, #5569, .T. ) ;
#5509 = EDGE_LOOP ( 'NONE', ( #796, #3909, #1680, #2109 ) ) ;
#5510 = DIRECTION ( 'NONE',  ( -1.000000000000000000, 0.000000000000000000, 0.000000000000000000 ) ) ;
#5511 = CARTESIAN_POINT ( 'NONE',  ( -1.469999999999994866, 0.1519999999999999962, -0.3750000000000000000 ) ) ;
#5512 = EDGE_CURVE ( 'NONE', #6783, #2918, #2500, .T. ) ;
#5513 = DIRECTION ( 'NONE',  ( 0.000000000000000000, -1.000000000000000000, 0.000000000000000000 ) ) ;
#5514 = AXIS2_PLACEMENT_3D ( 'NONE', #2783, #4411, #6508 ) ;
#5515 = CARTESIAN_POINT ( 'NONE',  ( 0.6250000000000194289, 0.1519999999999999962, 1.224999999999972555 ) ) ;
#5516 = ORIENTED_EDGE ( 'NONE', *, *, #5068, .F. ) ;
#5517 = FACE_OUTER_BOUND ( 'NONE', #9473, .T. ) ;
#5518 = AXIS2_PLACEMENT_3D ( 'NONE', #3322, #2724, #7766 ) ;
#5519 = EDGE_LOOP ( 'NONE', ( #7297, #7785, #7909, #5474, #5950, #7954, #8043, #6937 ) ) ;
#5520 = ORIENTED_EDGE ( 'NONE', *, *, #8770, .F. ) ;
#5521 = CARTESIAN_POINT ( 'NONE',  ( -0.3599999999999947131, 0.1519999999999999962, -1.469999999999990870 ) ) ;
#5522 = ORIENTED_EDGE ( 'NONE', *, *, #6759, .T. ) ;
#5523 = CARTESIAN_POINT ( 'NONE',  ( -0.1249999999999807099, 0.1519999999999999962, 1.469999999999983320 ) ) ;
#5524 = PLANE ( 'NONE',  #204 ) ;
#5525 = DIRECTION ( 'NONE',  ( -0.000000000000000000, -1.000000000000000000, -0.000000000000000000 ) ) ;
#5526 = EDGE_LOOP ( 'NONE', ( #2617, #3428, #7568, #412 ) ) ;
#5527 = AXIS2_PLACEMENT_3D ( 'NONE', #2603, #8575, #5678 ) ;
#5528 = SURFACE_SIDE_STYLE ('',( #383 ) ) ;
#5529 = PLANE ( 'NONE',  #1958 ) ;
#5530 = ORIENTED_EDGE ( 'NONE', *, *, #1523, .F. ) ;
#5531 = EDGE_CURVE ( 'NONE', #2001, #9567, #8447, .T. ) ;
#5532 = LINE ( 'NONE', #4223, #5036 ) ;
#5533 = ADVANCED_FACE ( 'NONE', ( #4684 ), #4777, .F. ) ;
#5534 = VECTOR ( 'NONE', #3736, 1000.000000000000000 ) ;
#5535 = CARTESIAN_POINT ( 'NONE',  ( -0.8749999999999947820, 0.1519999999999999962, -1.469999999999987317 ) ) ;
#5536 = DIRECTION ( 'NONE',  ( -0.000000000000000000, -1.000000000000000000, -0.000000000000000000 ) ) ;
#5537 = CARTESIAN_POINT ( 'NONE',  ( 1.500000000000002442, 0.000000000000000000, 0.3599999999999691225 ) ) ;
#5538 = ORIENTED_EDGE ( 'NONE', *, *, #2013, .T. ) ;
#5539 = DIRECTION ( 'NONE',  ( 0.000000000000000000, 0.000000000000000000, -1.000000000000000000 ) ) ;
#5540 = DIRECTION ( 'NONE',  ( 0.000000000000000000, 0.000000000000000000, -1.000000000000000000 ) ) ;
#5541 = ORIENTED_EDGE ( 'NONE', *, *, #5, .F. ) ;
#5542 = DIRECTION ( 'NONE',  ( -1.000000000000000000, 0.000000000000000000, 0.000000000000000000 ) ) ;
#5543 = VECTOR ( 'NONE', #3105, 1000.000000000000000 ) ;
#5544 = FACE_OUTER_BOUND ( 'NONE', #9537, .T. ) ;
#5545 = EDGE_CURVE ( 'NONE', #4491, #7068, #850, .T. ) ;
#5546 = EDGE_CURVE ( 'NONE', #8025, #6438, #163, .T. ) ;
#5547 = PLANE ( 'NONE',  #8908 ) ;
#5548 = DIRECTION ( 'NONE',  ( 0.000000000000000000, 1.000000000000000000, -0.000000000000000000 ) ) ;
#5549 = CARTESIAN_POINT ( 'NONE',  ( 1.225000000000002309, 0.1519999999999999962, 0.3749999999999690803 ) ) ;
#5550 = VECTOR ( 'NONE', #2658, 1000.000000000000000 ) ;
#5551 = VECTOR ( 'NONE', #3839, 1000.000000000000000 ) ;
#5552 = VERTEX_POINT ( 'NONE', #8350 ) ;
#5553 = ORIENTED_EDGE ( 'NONE', *, *, #2717, .F. ) ;
#5554 = LINE ( 'NONE', #4973, #2601 ) ;
#5555 = ORIENTED_EDGE ( 'NONE', *, *, #171, .T. ) ;
#5556 = ORIENTED_EDGE ( 'NONE', *, *, #4723, .T. ) ;
#5557 = AXIS2_PLACEMENT_3D ( 'NONE', #6513, #2842, #1855 ) ;
#5558 = DIRECTION ( 'NONE',  ( 0.000000000000000000, 1.000000000000000000, -0.000000000000000000 ) ) ;
#5559 = PRESENTATION_STYLE_ASSIGNMENT (( #4103 ) ) ;
#5560 = VECTOR ( 'NONE', #6282, 1000.000000000000000 ) ;
#5561 = DIRECTION ( 'NONE',  ( -0.000000000000000000, 0.000000000000000000, 1.000000000000000000 ) ) ;
#5562 = DIRECTION ( 'NONE',  ( 3.614007241618338910E-15, 0.000000000000000000, -1.000000000000000000 ) ) ;
#5563 = FACE_OUTER_BOUND ( 'NONE', #6012, .T. ) ;
#5564 = EDGE_CURVE ( 'NONE', #6042, #6450, #7565, .T. ) ;
#5565 = VECTOR ( 'NONE', #4405, 1000.000000000000000 ) ;
#5566 = UNCERTAINTY_MEASURE_WITH_UNIT (LENGTH_MEASURE( 1.000000000000000082E-05 ), #8697, 'distance_accuracy_value', 'NONE');
#5567 = ORIENTED_EDGE ( 'NONE', *, *, #2264, .T. ) ;
#5568 = CARTESIAN_POINT ( 'NONE',  ( 1.470000000000002416, 0.05000000000000002359, 0.000000000000000000 ) ) ;
#5569 = EDGE_CURVE ( 'NONE', #278, #3009, #3952, .T. ) ;
#5570 = ORIENTED_EDGE ( 'NONE', *, *, #6622, .T. ) ;
#5571 = ORIENTED_EDGE ( 'NONE', *, *, #5979, .T. ) ;
#5572 = FACE_OUTER_BOUND ( 'NONE', #3506, .T. ) ;
#5573 = ORIENTED_EDGE ( 'NONE', *, *, #8378, .F. ) ;
#5574 = DIRECTION ( 'NONE',  ( -7.228014483236677820E-15, 0.000000000000000000, -1.000000000000000000 ) ) ;
#5575 = CARTESIAN_POINT ( 'NONE',  ( -0.7500000000000127676, 0.1519999999999999962, 1.224999999999992095 ) ) ;
#5576 = ORIENTED_EDGE ( 'NONE', *, *, #7534, .T. ) ;
#5577 = FILL_AREA_STYLE_COLOUR ( '', #947 ) ;
#5578 = CARTESIAN_POINT ( 'NONE',  ( 0.3750000000000052736, 0.000000000000000000, -1.469999999999993534 ) ) ;
#5579 = ADVANCED_FACE ( 'NONE', ( #1684 ), #1779, .T. ) ;
#5580 = ORIENTED_EDGE ( 'NONE', *, *, #4859, .F. ) ;
#5581 = DIRECTION ( 'NONE',  ( 0.000000000000000000, 1.000000000000000000, -0.000000000000000000 ) ) ;
#5582 = DIRECTION ( 'NONE',  ( -1.000000000000000000, 0.000000000000000000, -0.000000000000000000 ) ) ;
#5583 = LINE ( 'NONE', #8673, #3825 ) ;
#5584 = CARTESIAN_POINT ( 'NONE',  ( 0.8600000000000191935, 0.1519999999999999962, 1.469999999999972662 ) ) ;
#5585 = ORIENTED_EDGE ( 'NONE', *, *, #1591, .F. ) ;
#5586 = EDGE_CURVE ( 'NONE', #9383, #529, #7659, .T. ) ;
#5587 = PLANE ( 'NONE',  #3930 ) ;
#5588 = CARTESIAN_POINT ( 'NONE',  ( -1.499999999999989786, 0.1519999999999999962, 0.1400000000000000411 ) ) ;
#5589 = ORIENTED_EDGE ( 'NONE', *, *, #5594, .T. ) ;
#5590 = DIRECTION ( 'NONE',  ( 0.000000000000000000, -0.000000000000000000, -1.000000000000000000 ) ) ;
#5591 = FACE_OUTER_BOUND ( 'NONE', #8010, .T. ) ;
#5592 = DIRECTION ( 'NONE',  ( 0.000000000000000000, 0.000000000000000000, -1.000000000000000000 ) ) ;
#5593 = VECTOR ( 'NONE', #8952, 1000.000000000000000 ) ;
#5594 = EDGE_CURVE ( 'NONE', #577, #3254, #113, .T. ) ;
#5595 = LINE ( 'NONE', #1287, #8292 ) ;
#5596 = VERTEX_POINT ( 'NONE', #3855 ) ;
#5597 = VERTEX_POINT ( 'NONE', #994 ) ;
#5598 = LINE ( 'NONE', #6386, #5418 ) ;
#5599 = EDGE_CURVE ( 'NONE', #1984, #1301, #6916, .T. ) ;
#5600 = ADVANCED_FACE ( 'NONE', ( #260 ), #2518, .T. ) ;
#5601 = ORIENTED_EDGE ( 'NONE', *, *, #632, .T. ) ;
#5602 = VERTEX_POINT ( 'NONE', #3214 ) ;
#5603 = LINE ( 'NONE', #1097, #4749 ) ;
#5604 = CARTESIAN_POINT ( 'NONE',  ( -1.225000000000000089, 0.1519999999999999962, -0.7500000000000000000 ) ) ;
#5605 = CARTESIAN_POINT ( 'NONE',  ( 0.1250000000000052458, 0.1519999999999999962, -1.469999999999994422 ) ) ;
#5606 = FACE_OUTER_BOUND ( 'NONE', #9500, .T. ) ;
#5607 = VECTOR ( 'NONE', #9518, 1000.000000000000000 ) ;
#5608 = VECTOR ( 'NONE', #5310, 1000.000000000000000 ) ;
#5609 = ORIENTED_EDGE ( 'NONE', *, *, #7285, .F. ) ;
#5610 = EDGE_CURVE ( 'NONE', #9596, #5755, #7661, .T. ) ;
#5611 = FACE_OUTER_BOUND ( 'NONE', #988, .T. ) ;
#5612 = EDGE_CURVE ( 'NONE', #6515, #608, #6820, .T. ) ;
#5613 = VERTEX_POINT ( 'NONE', #2326 ) ;
#5614 = ORIENTED_EDGE ( 'NONE', *, *, #5433, .F. ) ;
#5615 = FACE_OUTER_BOUND ( 'NONE', #6875, .T. ) ;
#5616 = EDGE_LOOP ( 'NONE', ( #5808, #6770, #4419, #71, #1153, #8535, #2372, #9151 ) ) ;
#5617 = DIRECTION ( 'NONE',  ( -0.000000000000000000, 1.000000000000000000, -0.000000000000000000 ) ) ;
#5618 = VECTOR ( 'NONE', #4947, 1000.000000000000000 ) ;
#5619 = CARTESIAN_POINT ( 'NONE',  ( 1.469999999999997087, 0.1519999999999999962, -0.1250000000000308642 ) ) ;
#5620 = DIRECTION ( 'NONE',  ( 1.000000000000000000, -0.000000000000000000, 3.318986242302564785E-16 ) ) ;
#5621 = EDGE_CURVE ( 'NONE', #6821, #9374, #5411, .T. ) ;
#5622 = VERTEX_POINT ( 'NONE', #5454 ) ;
#5623 = SURFACE_STYLE_FILL_AREA ( #8568 ) ;
#5624 = LINE ( 'NONE', #8763, #240 ) ;
#5625 = VECTOR ( 'NONE', #6683, 1000.000000000000000 ) ;
#5626 = VECTOR ( 'NONE', #570, 1000.000000000000000 ) ;
#5627 = CARTESIAN_POINT ( 'NONE',  ( 1.470000000000002416, 0.000000000000000000, 0.1249999999999691358 ) ) ;
#5628 = VERTEX_POINT ( 'NONE', #5362 ) ;
#5629 = LINE ( 'NONE', #6315, #9089 ) ;
#5630 = DIRECTION ( 'NONE',  ( -1.000000000000000000, 0.000000000000000000, -0.000000000000000000 ) ) ;
#5631 = LINE ( 'NONE', #4860, #4450 ) ;
#5632 = CARTESIAN_POINT ( 'NONE',  ( 1.470000000000007523, 0.000000000000000000, 0.8749999999999691358 ) ) ;
#5633 = VECTOR ( 'NONE', #6808, 1000.000000000000000 ) ;
#5634 = EDGE_CURVE ( 'NONE', #4199, #3415, #5312, .T. ) ;
#5635 = CARTESIAN_POINT ( 'NONE',  ( 1.224999999999991873, 0.000000000000000000, -0.8750000000000307532 ) ) ;
#5636 = ORIENTED_EDGE ( 'NONE', *, *, #8840, .F. ) ;
#5637 = DIRECTION ( 'NONE',  ( -1.000000000000000000, 0.000000000000000000, -3.982783490763077545E-15 ) ) ;
#5638 = CARTESIAN_POINT ( 'NONE',  ( 1.469999999999997087, 0.1519999999999999962, -0.1400000000000309053 ) ) ;
#5639 = ORIENTED_EDGE ( 'NONE', *, *, #6389, .F. ) ;
#5640 = CARTESIAN_POINT ( 'NONE',  ( 0.3600000000000052047, 0.1519999999999999962, -1.469999999999993534 ) ) ;
#5641 = DIRECTION ( 'NONE',  ( 0.000000000000000000, 0.000000000000000000, 1.000000000000000000 ) ) ;
#5642 = DIRECTION ( 'NONE',  ( 0.000000000000000000, 0.000000000000000000, -1.000000000000000000 ) ) ;
#5643 = DIRECTION ( 'NONE',  ( 1.000000000000000000, 0.000000000000000000, -0.000000000000000000 ) ) ;
#5644 = LINE ( 'NONE', #8546, #6806 ) ;
#5645 = ORIENTED_EDGE ( 'NONE', *, *, #8135, .T. ) ;
#5646 = ORIENTED_EDGE ( 'NONE', *, *, #8028, .F. ) ;
#5647 = DIRECTION ( 'NONE',  ( 0.000000000000000000, 0.000000000000000000, -1.000000000000000000 ) ) ;
#5648 = AXIS2_PLACEMENT_3D ( 'NONE', #3111, #6129, #8345 ) ;
#5649 = EDGE_LOOP ( 'NONE', ( #9247, #4679, #8504, #7559 ) ) ;
#5650 = ORIENTED_EDGE ( 'NONE', *, *, #1486, .F. ) ;
#5651 = EDGE_CURVE ( 'NONE', #1370, #608, #8589, .T. ) ;
#5652 = EDGE_CURVE ( 'NONE', #8863, #2684, #4191, .T. ) ;
#5653 = LINE ( 'NONE', #9426, #6462 ) ;
#5654 = DIRECTION ( 'NONE',  ( 0.000000000000000000, 1.000000000000000000, -0.000000000000000000 ) ) ;
#5655 = DIRECTION ( 'NONE',  ( 0.000000000000000000, 0.000000000000000000, -1.000000000000000000 ) ) ;
#5656 = AXIS2_PLACEMENT_3D ( 'NONE', #9463, #2807, #6712 ) ;
#5657 = UNCERTAINTY_MEASURE_WITH_UNIT (LENGTH_MEASURE( 1.000000000000000082E-05 ), #2053, 'distance_accuracy_value', 'NONE');
#5658 = ORIENTED_EDGE ( 'NONE', *, *, #8552, .T. ) ;
#5659 = DIRECTION ( 'NONE',  ( 0.000000000000000000, -1.000000000000000000, 0.000000000000000000 ) ) ;
#5660 = ORIENTED_EDGE ( 'NONE', *, *, #1324, .F. ) ;
#5661 = ORIENTED_EDGE ( 'NONE', *, *, #4108, .F. ) ;
#5662 = CARTESIAN_POINT ( 'NONE',  ( -0.8599999999999947686, 0.1519999999999999962, -1.469999999999987317 ) ) ;
#5663 = ORIENTED_EDGE ( 'NONE', *, *, #7286, .F. ) ;
#5664 = VECTOR ( 'NONE', #9504, 1000.000000000000000 ) ;
#5665 = LINE ( 'NONE', #7828, #3503 ) ;
#5666 = DIRECTION ( 'NONE',  ( -1.000000000000000000, 0.000000000000000000, 0.000000000000000000 ) ) ;
#5667 = LINE ( 'NONE', #8664, #3769 ) ;
#5668 = EDGE_CURVE ( 'NONE', #4659, #3720, #6333, .T. ) ;
#5669 = EDGE_CURVE ( 'NONE', #4031, #3817, #3920, .T. ) ;
#5670 = EDGE_CURVE ( 'NONE', #5146, #8832, #1877, .T. ) ;
#5671 = ORIENTED_EDGE ( 'NONE', *, *, #1983, .T. ) ;
#5672 = DIRECTION ( 'NONE',  ( -3.097720492815727461E-15, 0.000000000000000000, 1.000000000000000000 ) ) ;
#5673 = VECTOR ( 'NONE', #6192, 1000.000000000000000 ) ;
#5674 = LINE ( 'NONE', #7985, #2434 ) ;
#5675 = EDGE_LOOP ( 'NONE', ( #5491, #3848, #4403, #2975 ) ) ;
#5676 = CARTESIAN_POINT ( 'NONE',  ( -0.3749999999999947264, 0.1519999999999999962, -1.469999999999990870 ) ) ;
#5677 = LINE ( 'NONE', #8671, #5664 ) ;
#5678 = DIRECTION ( 'NONE',  ( 0.000000000000000000, 0.000000000000000000, -1.000000000000000000 ) ) ;
#5679 = DIRECTION ( 'NONE',  ( 1.000000000000000000, 0.000000000000000000, 0.000000000000000000 ) ) ;
#5680 = VECTOR ( 'NONE', #2353, 1000.000000000000000 ) ;
#5681 = CARTESIAN_POINT ( 'NONE',  ( -1.469999999999984652, 0.1519999999999999962, 0.6250000000000000000 ) ) ;
#5682 = VERTEX_POINT ( 'NONE', #7113 ) ;
#5683 = PLANE ( 'NONE',  #5176 ) ;
#5684 = DIRECTION ( 'NONE',  ( 0.000000000000000000, 0.000000000000000000, 1.000000000000000000 ) ) ;
#5685 = EDGE_CURVE ( 'NONE', #8167, #9102, #8731, .T. ) ;
#5686 = STYLED_ITEM ( 'NONE', ( #3178 ), #9581 ) ;
#5687 = ORIENTED_EDGE ( 'NONE', *, *, #4186, .T. ) ;
#5688 = DIRECTION ( 'NONE',  ( -1.000000000000000000, 0.000000000000000000, -3.614007241618338910E-15 ) ) ;
#5689 = EDGE_CURVE ( 'NONE', #7178, #7972, #5740, .T. ) ;
#5690 = FACE_OUTER_BOUND ( 'NONE', #8578, .T. ) ;
#5691 = FACE_OUTER_BOUND ( 'NONE', #1388, .T. ) ;
#5692 = PLANE ( 'NONE',  #7668 ) ;
#5693 = CARTESIAN_POINT ( 'NONE',  ( 0.6400000000000192202, 0.1519999999999999962, 1.469999999999972662 ) ) ;
#5694 = VECTOR ( 'NONE', #5982, 1000.000000000000000 ) ;
#5695 = EDGE_LOOP ( 'NONE', ( #2940, #9626, #3025, #2307 ) ) ;
#5696 = ORIENTED_EDGE ( 'NONE', *, *, #6822, .F. ) ;
#5697 = DIRECTION ( 'NONE',  ( 1.000000000000000000, -0.000000000000000000, 3.318986242302564785E-16 ) ) ;
#5698 = ORIENTED_EDGE ( 'NONE', *, *, #2609, .T. ) ;
#5699 = ORIENTED_EDGE ( 'NONE', *, *, #7587, .T. ) ;
#5700 = CARTESIAN_POINT ( 'NONE',  ( -1.469999999999989759, 0.1519999999999999962, 0.3599999999999999867 ) ) ;
#5701 =( NAMED_UNIT ( * ) SI_UNIT ( $, .STERADIAN. ) SOLID_ANGLE_UNIT ( ) );
#5702 = PLANE ( 'NONE',  #3138 ) ;
#5703 = AXIS2_PLACEMENT_3D ( 'NONE', #3838, #9018, #5292 ) ;
#5704 = CIRCLE ( 'NONE', #7741, 0.1249999999999998890 ) ;
#5705 = DIRECTION ( 'NONE',  ( 1.000000000000000000, 0.000000000000000000, -4.425314989736752882E-16 ) ) ;
#5706 = EDGE_CURVE ( 'NONE', #4500, #4511, #9324, .T. ) ;
#5707 = EDGE_CURVE ( 'NONE', #8076, #3946, #556, .T. ) ;
#5708 = ORIENTED_EDGE ( 'NONE', *, *, #9483, .F. ) ;
#5709 = DIRECTION ( 'NONE',  ( 0.000000000000000000, -0.000000000000000000, -1.000000000000000000 ) ) ;
#5710 = CIRCLE ( 'NONE', #8687, 0.1249999999999998890 ) ;
#5711 = ORIENTED_EDGE ( 'NONE', *, *, #3746, .T. ) ;
#5712 = ORIENTED_EDGE ( 'NONE', *, *, #2101, .F. ) ;
#5713 = LINE ( 'NONE', #7973, #6381 ) ;
#5714 = ORIENTED_EDGE ( 'NONE', *, *, #4307, .T. ) ;
#5715 = PLANE ( 'NONE',  #822 ) ;
#5716 = SURFACE_SIDE_STYLE ('',( #9439 ) ) ;
#5717 = LINE ( 'NONE', #432, #8444 ) ;
#5718 = ORIENTED_EDGE ( 'NONE', *, *, #8770, .T. ) ;
#5719 = VECTOR ( 'NONE', #1895, 1000.000000000000000 ) ;
#5720 = EDGE_CURVE ( 'NONE', #3717, #7187, #5595, .T. ) ;
#5721 = LINE ( 'NONE', #8713, #6336 ) ;
#5722 = DIRECTION ( 'NONE',  ( 1.000000000000000000, 0.000000000000000000, -0.000000000000000000 ) ) ;
#5723 = ADVANCED_FACE ( 'NONE', ( #3413 ), #9415, .F. ) ;
#5724 = ORIENTED_EDGE ( 'NONE', *, *, #9502, .F. ) ;
#5725 = CARTESIAN_POINT ( 'NONE',  ( -1.499999999999989786, 0.05000000000000002359, 0.3599999999999999867 ) ) ;
#5726 = ADVANCED_FACE ( 'NONE', ( #7160 ), #2026, .F. ) ;
#5727 = ADVANCED_FACE ( 'NONE', ( #2714 ), #5692, .T. ) ;
#5728 = AXIS2_PLACEMENT_3D ( 'NONE', #7910, #7118, #1986 ) ;
#5729 = CARTESIAN_POINT ( 'NONE',  ( 0.1400000000000052869, 0.1519999999999999962, -1.469999999999994422 ) ) ;
#5730 = PLANE ( 'NONE',  #5222 ) ;
#5731 = PLANE ( 'NONE',  #618 ) ;
#5732 = VERTEX_POINT ( 'NONE', #1929 ) ;
#5733 = LINE ( 'NONE', #4231, #4555 ) ;
#5734 = PLANE ( 'NONE',  #8369 ) ;
#5735 = VERTEX_POINT ( 'NONE', #9273 ) ;
#5736 = CARTESIAN_POINT ( 'NONE',  ( 1.469999999999997087, 0.1519999999999999962, -0.1250000000000308642 ) ) ;
#5737 = FACE_OUTER_BOUND ( 'NONE', #9391, .T. ) ;
#5738 = ADVANCED_FACE ( 'NONE', ( #4921 ), #4824, .F. ) ;
#5739 = CARTESIAN_POINT ( 'NONE',  ( 1.224999999999991873, 0.1519999999999999962, -0.6250000000000308642 ) ) ;
#5740 = LINE ( 'NONE', #1827, #3 ) ;
#5741 = DIRECTION ( 'NONE',  ( 0.000000000000000000, 0.000000000000000000, -1.000000000000000000 ) ) ;
#5742 = ORIENTED_EDGE ( 'NONE', *, *, #4561, .T. ) ;
#5743 = VERTEX_POINT ( 'NONE', #8685 ) ;
#5744 = CARTESIAN_POINT ( 'NONE',  ( 0.6250000000000192069, 0.1519999999999999962, 1.469999999999972662 ) ) ;
#5745 = ORIENTED_EDGE ( 'NONE', *, *, #4601, .T. ) ;
#5746 = ORIENTED_EDGE ( 'NONE', *, *, #1382, .F. ) ;
#5747 = CARTESIAN_POINT ( 'NONE',  ( -0.3599999999999947131, 0.1519999999999999962, -1.469999999999990870 ) ) ;
#5748 = CARTESIAN_POINT ( 'NONE',  ( 1.470000000000007523, 0.1519999999999999962, 0.8599999999999691225 ) ) ;
#5749 =( NAMED_UNIT ( * ) SI_UNIT ( $, .STERADIAN. ) SOLID_ANGLE_UNIT ( ) );
#5750 = VECTOR ( 'NONE', #4648, 1000.000000000000000 ) ;
#5751 = DIRECTION ( 'NONE',  ( -0.000000000000000000, -0.000000000000000000, 1.000000000000000000 ) ) ;
#5752 = LINE ( 'NONE', #571, #6868 ) ;
#5753 = EDGE_CURVE ( 'NONE', #3209, #7775, #1235, .T. ) ;
#5754 = COLOUR_RGB ( '',0.7921568627450980005, 0.8196078431372548767, 0.9333333333333333481 ) ;
#5755 = VERTEX_POINT ( 'NONE', #6482 ) ;
#5756 = ORIENTED_EDGE ( 'NONE', *, *, #7090, .T. ) ;
#5757 = DIRECTION ( 'NONE',  ( 0.000000000000000000, 1.000000000000000000, 0.000000000000000000 ) ) ;
#5758 = VERTEX_POINT ( 'NONE', #4872 ) ;
#5759 = ORIENTED_EDGE ( 'NONE', *, *, #5634, .F. ) ;
#5760 = CARTESIAN_POINT ( 'NONE',  ( -1.470000000000000195, 0.000000000000000000, -0.8750000000000000000 ) ) ;
#5761 = EDGE_LOOP ( 'NONE', ( #1729, #2448, #4017, #4782 ) ) ;
#5762 = DIRECTION ( 'NONE',  ( -1.000000000000000000, 0.000000000000000000, 0.000000000000000000 ) ) ;
#5763 = EDGE_CURVE ( 'NONE', #5229, #3419, #2567, .T. ) ;
#5764 = CARTESIAN_POINT ( 'NONE',  ( -1.500000000000000222, 0.1519999999999999962, -0.8599999999999999867 ) ) ;
#5765 = DIRECTION ( 'NONE',  ( 0.000000000000000000, 1.000000000000000000, -0.000000000000000000 ) ) ;
#5766 = VECTOR ( 'NONE', #3842, 1000.000000000000000 ) ;
#5767 = AXIS2_PLACEMENT_3D ( 'NONE', #3192, #8521, #3878 ) ;
#5768 = VERTEX_POINT ( 'NONE', #8931 ) ;
#5769 = FACE_OUTER_BOUND ( 'NONE', #2743, .T. ) ;
#5770 = DIRECTION ( 'NONE',  ( 0.000000000000000000, 0.000000000000000000, -1.000000000000000000 ) ) ;
#5771 = ORIENTED_EDGE ( 'NONE', *, *, #3703, .T. ) ;
#5772 = VECTOR ( 'NONE', #3698, 1000.000000000000000 ) ;
#5773 = CARTESIAN_POINT ( 'NONE',  ( -1.659493121151416006E-16, 0.05000000000000002359, -0.3750000000000301981 ) ) ;
#5774 = CARTESIAN_POINT ( 'NONE',  ( -1.469999999999989759, 0.1519999999999999962, 0.1400000000000000411 ) ) ;
#5775 = EDGE_CURVE ( 'NONE', #5318, #8006, #6625, .T. ) ;
#5776 = LINE ( 'NONE', #9353, #837 ) ;
#5777 = PLANE ( 'NONE',  #8276 ) ;
#5778 = DIRECTION ( 'NONE',  ( 0.000000000000000000, -1.000000000000000000, 0.000000000000000000 ) ) ;
#5779 = ORIENTED_EDGE ( 'NONE', *, *, #8413, .F. ) ;
#5780 = VECTOR ( 'NONE', #6183, 1000.000000000000000 ) ;
#5781 = CIRCLE ( 'NONE', #7023, 0.1499999999999999667 ) ;
#5782 = CARTESIAN_POINT ( 'NONE',  ( -1.500000000000000222, 0.8000000000000000444, -1.500000000000000000 ) ) ;
#5783 = FACE_OUTER_BOUND ( 'NONE', #373, .T. ) ;
#5784 = EDGE_LOOP ( 'NONE', ( #1226, #9431, #7459, #9523 ) ) ;
#5785 = DIRECTION ( 'NONE',  ( -0.000000000000000000, -1.000000000000000000, -0.000000000000000000 ) ) ;
#5786 = VECTOR ( 'NONE', #3305, 1000.000000000000000 ) ;
#5787 = DIRECTION ( 'NONE',  ( 0.000000000000000000, -0.000000000000000000, -1.000000000000000000 ) ) ;
#5788 = VECTOR ( 'NONE', #5562, 1000.000000000000000 ) ;
#5789 = DIRECTION ( 'NONE',  ( 0.000000000000000000, 0.000000000000000000, -1.000000000000000000 ) ) ;
#5790 = CARTESIAN_POINT ( 'NONE',  ( 1.469999999999997087, 0.1519999999999999962, -0.3600000000000307954 ) ) ;
#5791 = EDGE_CURVE ( 'NONE', #3755, #1632, #7823, .T. ) ;
#5792 = CARTESIAN_POINT ( 'NONE',  ( -0.6249999999999807931, 0.1519999999999999962, 1.469999999999988649 ) ) ;
#5793 = ADVANCED_FACE ( 'NONE', ( #1528 ), #741, .F. ) ;
#5794 = VECTOR ( 'NONE', #7447, 1000.000000000000000 ) ;
#5795 = ORIENTED_EDGE ( 'NONE', *, *, #9071, .F. ) ;
#5796 = ORIENTED_EDGE ( 'NONE', *, *, #2638, .T. ) ;
#5797 = CARTESIAN_POINT ( 'NONE',  ( 1.225000000000002309, 0.05000000000000002359, 0.2499999999999691636 ) ) ;
#5798 = ORIENTED_EDGE ( 'NONE', *, *, #2787, .T. ) ;
#5799 = DIRECTION ( 'NONE',  ( 0.000000000000000000, -1.000000000000000000, 0.000000000000000000 ) ) ;
#5800 = VERTEX_POINT ( 'NONE', #2863 ) ;
#5801 = VECTOR ( 'NONE', #8670, 1000.000000000000000 ) ;
#5802 = LINE ( 'NONE', #7314, #8335 ) ;
#5803 = PRESENTATION_STYLE_ASSIGNMENT (( #9675 ) ) ;
#5804 = CARTESIAN_POINT ( 'NONE',  ( -0.6399999999999806954, 0.05000000000000002359, 1.499999999999988676 ) ) ;
#5805 = DIRECTION ( 'NONE',  ( 0.000000000000000000, -1.000000000000000000, 0.000000000000000000 ) ) ;
#5806 = EDGE_CURVE ( 'NONE', #1637, #2764, #7506, .T. ) ;
#5807 = AXIS2_PLACEMENT_3D ( 'NONE', #705, #797, #1587 ) ;
#5808 = ORIENTED_EDGE ( 'NONE', *, *, #4415, .F. ) ;
#5809 = ORIENTED_EDGE ( 'NONE', *, *, #4272, .F. ) ;
#5810 = DIRECTION ( 'NONE',  ( 1.000000000000000000, 0.000000000000000000, 0.000000000000000000 ) ) ;
#5811 = ORIENTED_EDGE ( 'NONE', *, *, #6687, .F. ) ;
#5812 = ORIENTED_EDGE ( 'NONE', *, *, #3677, .T. ) ;
#5813 = PLANE ( 'NONE',  #3588 ) ;
#5814 = EDGE_CURVE ( 'NONE', #8059, #1114, #3611, .T. ) ;
#5815 = ORIENTED_EDGE ( 'NONE', *, *, #1216, .T. ) ;
#5816 = FACE_OUTER_BOUND ( 'NONE', #8439, .T. ) ;
#5817 = DIRECTION ( 'NONE',  ( 0.000000000000000000, -1.000000000000000000, 0.000000000000000000 ) ) ;
#5818 = FACE_OUTER_BOUND ( 'NONE', #5901, .T. ) ;
#5819 = VECTOR ( 'NONE', #2167, 1000.000000000000000 ) ;
#5820 = ORIENTED_EDGE ( 'NONE', *, *, #447, .T. ) ;
#5821 = CARTESIAN_POINT ( 'NONE',  ( -0.6399999999999947953, 0.1519999999999999962, -1.469999999999986429 ) ) ;
#5822 = PLANE ( 'NONE',  #9004 ) ;
#5823 = VECTOR ( 'NONE', #7343, 1000.000000000000000 ) ;
#5824 = EDGE_LOOP ( 'NONE', ( #4944, #5340, #9123, #7312 ) ) ;
#5825 = FACE_OUTER_BOUND ( 'NONE', #8947, .T. ) ;
#5826 = LINE ( 'NONE', #5105, #2235 ) ;
#5827 = LINE ( 'NONE', #5245, #5842 ) ;
#5828 = DIRECTION ( 'NONE',  ( 0.000000000000000000, -1.000000000000000000, 0.000000000000000000 ) ) ;
#5829 = ORIENTED_EDGE ( 'NONE', *, *, #6743, .F. ) ;
#5830 = CIRCLE ( 'NONE', #3969, 0.1249999999999998890 ) ;
#5831 = FACE_OUTER_BOUND ( 'NONE', #7218, .T. ) ;
#5832 = DIRECTION ( 'NONE',  ( 0.000000000000000000, 0.000000000000000000, -1.000000000000000000 ) ) ;
#5833 = ADVANCED_FACE ( 'NONE', ( #1335 ), #7456, .T. ) ;
#5834 = EDGE_CURVE ( 'NONE', #5552, #6644, #8788, .T. ) ;
#5835 = VERTEX_POINT ( 'NONE', #2912 ) ;
#5836 = DIRECTION ( 'NONE',  ( 7.228014483236677820E-15, 0.000000000000000000, 1.000000000000000000 ) ) ;
#5837 = VECTOR ( 'NONE', #2435, 1000.000000000000000 ) ;
#5838 = CARTESIAN_POINT ( 'NONE',  ( -0.7500000000000127676, 0.000000000000000000, 1.224999999999992095 ) ) ;
#5839 = DIRECTION ( 'NONE',  ( 0.000000000000000000, 1.000000000000000000, -0.000000000000000000 ) ) ;
#5840 = CARTESIAN_POINT ( 'NONE',  ( 0.1250000000000052458, 0.1519999999999999962, -1.469999999999994422 ) ) ;
#5841 = CARTESIAN_POINT ( 'NONE',  ( -0.8599999999999805578, 0.1519999999999999962, 1.499999999999988676 ) ) ;
#5842 = VECTOR ( 'NONE', #8824, 1000.000000000000000 ) ;
#5843 = ORIENTED_EDGE ( 'NONE', *, *, #353, .T. ) ;
#5844 = VERTEX_POINT ( 'NONE', #5790 ) ;
#5845 = DIRECTION ( 'NONE',  ( 0.000000000000000000, 0.000000000000000000, -1.000000000000000000 ) ) ;
#5846 = ORIENTED_EDGE ( 'NONE', *, *, #798, .F. ) ;
#5847 = LINE ( 'NONE', #8106, #4877 ) ;
#5848 = EDGE_CURVE ( 'NONE', #4875, #3755, #4437, .T. ) ;
#5849 = ADVANCED_FACE ( 'NONE', ( #6716 ), #5888, .F. ) ;
#5850 = VECTOR ( 'NONE', #5908, 1000.000000000000000 ) ;
#5851 = LINE ( 'NONE', #5127, #2395 ) ;
#5852 = LINE ( 'NONE', #7317, #2814 ) ;
#5853 = DIRECTION ( 'NONE',  ( 0.000000000000000000, -1.000000000000000000, 0.000000000000000000 ) ) ;
#5854 = AXIS2_PLACEMENT_3D ( 'NONE', #8290, #1582, #104 ) ;
#5855 = ORIENTED_EDGE ( 'NONE', *, *, #4602, .T. ) ;
#5856 = ORIENTED_EDGE ( 'NONE', *, *, #8187, .F. ) ;
#5857 = CARTESIAN_POINT ( 'NONE',  ( 1.469999999999997087, 0.000000000000000000, -0.3600000000000307954 ) ) ;
#5858 = ORIENTED_EDGE ( 'NONE', *, *, #6124, .T. ) ;
#5859 = VERTEX_POINT ( 'NONE', #8885 ) ;
#5860 = DIRECTION ( 'NONE',  ( 0.000000000000000000, 0.000000000000000000, -1.000000000000000000 ) ) ;
#5861 = ORIENTED_EDGE ( 'NONE', *, *, #1626, .F. ) ;
#5862 = AXIS2_PLACEMENT_3D ( 'NONE', #5342, #9061, #3652 ) ;
#5863 = DIRECTION ( 'NONE',  ( 0.000000000000000000, 0.000000000000000000, -1.000000000000000000 ) ) ;
#5864 = EDGE_CURVE ( 'NONE', #761, #5890, #655, .T. ) ;
#5865 = CARTESIAN_POINT ( 'NONE',  ( -0.3749999999999955036, 0.1519999999999999962, -1.224999999999990763 ) ) ;
#5866 = PLANE ( 'NONE',  #3294 ) ;
#5867 = ORIENTED_EDGE ( 'NONE', *, *, #7342, .F. ) ;
#5868 = CIRCLE ( 'NONE', #6653, 0.1499999999999999667 ) ;
#5869 = VECTOR ( 'NONE', #4089, 1000.000000000000000 ) ;
#5870 = DIRECTION ( 'NONE',  ( 0.000000000000000000, -1.000000000000000000, 0.000000000000000000 ) ) ;
#5871 = EDGE_LOOP ( 'NONE', ( #118, #5556, #8323, #744 ) ) ;
#5872 = CARTESIAN_POINT ( 'NONE',  ( -0.6399999999999806954, 0.000000000000000000, 1.499999999999988676 ) ) ;
#5873 = CARTESIAN_POINT ( 'NONE',  ( 1.470000000000002416, 0.1519999999999999962, 0.3749999999999691358 ) ) ;
#5874 = DIRECTION ( 'NONE',  ( -0.000000000000000000, -0.000000000000000000, 1.000000000000000000 ) ) ;
#5875 = DIRECTION ( 'NONE',  ( -3.614007241618338910E-15, 0.000000000000000000, 1.000000000000000000 ) ) ;
#5876 = AXIS2_PLACEMENT_3D ( 'NONE', #4369, #9553, #3440 ) ;
#5877 = CLOSED_SHELL ( 'NONE', ( #8046, #5257, #3441, #3126, #8538, #3357, #8810, #691, #3884, #3556 ) ) ;
#5878 = ORIENTED_EDGE ( 'NONE', *, *, #6569, .T. ) ;
#5879 = DIRECTION ( 'NONE',  ( 1.000000000000000000, 0.000000000000000000, 0.000000000000000000 ) ) ;
#5880 = DIRECTION ( 'NONE',  ( 1.000000000000000000, 0.000000000000000000, -0.000000000000000000 ) ) ;
#5881 = EDGE_CURVE ( 'NONE', #4246, #8750, #2958, .T. ) ;
#5882 = VECTOR ( 'NONE', #8607, 1000.000000000000000 ) ;
#5883 = ORIENTED_EDGE ( 'NONE', *, *, #7267, .F. ) ;
#5884 = CYLINDRICAL_SURFACE ( 'NONE', #7907, 0.1249999999999998890 ) ;
#5885 = LINE ( 'NONE', #5928, #5819 ) ;
#5886 = EDGE_CURVE ( 'NONE', #4002, #5157, #8928, .T. ) ;
#5887 = DIRECTION ( 'NONE',  ( 0.000000000000000000, 0.000000000000000000, -1.000000000000000000 ) ) ;
#5888 = PLANE ( 'NONE',  #3465 ) ;
#5889 = PLANE ( 'NONE',  #9144 ) ;
#5890 = VERTEX_POINT ( 'NONE', #697 ) ;
#5891 = EDGE_LOOP ( 'NONE', ( #9529, #1041, #5658, #5230 ) ) ;
#5892 = LINE ( 'NONE', #2467, #6654 ) ;
#5893 = ORIENTED_EDGE ( 'NONE', *, *, #6376, .F. ) ;
#5894 = CYLINDRICAL_SURFACE ( 'NONE', #4730, 0.1250000000000159317 ) ;
#5895 = DIRECTION ( 'NONE',  ( 3.614007241618338910E-15, 0.000000000000000000, -1.000000000000000000 ) ) ;
#5896 = SURFACE_SIDE_STYLE ('',( #615 ) ) ;
#5897 = EDGE_CURVE ( 'NONE', #6675, #7859, #5932, .T. ) ;
#5898 = DIRECTION ( 'NONE',  ( -0.000000000000000000, 1.000000000000000000, -0.000000000000000000 ) ) ;
#5899 = FACE_OUTER_BOUND ( 'NONE', #680, .T. ) ;
#5900 = EDGE_CURVE ( 'NONE', #273, #1659, #6529, .T. ) ;
#5901 = EDGE_LOOP ( 'NONE', ( #9183, #3642, #3871, #7712 ) ) ;
#5902 = ORIENTED_EDGE ( 'NONE', *, *, #7311, .F. ) ;
#5903 = CARTESIAN_POINT ( 'NONE',  ( 0.1250000000000193456, 0.1519999999999999962, 1.224999999999978106 ) ) ;
#5904 = VERTEX_POINT ( 'NONE', #7 ) ;
#5905 = ORIENTED_EDGE ( 'NONE', *, *, #4306, .T. ) ;
#5906 = VERTEX_POINT ( 'NONE', #4485 ) ;
#5907 = PLANE ( 'NONE',  #3345 ) ;
#5908 = DIRECTION ( 'NONE',  ( 0.000000000000000000, -1.000000000000000000, 0.000000000000000000 ) ) ;
#5909 = FACE_OUTER_BOUND ( 'NONE', #2770, .T. ) ;
#5910 = EDGE_LOOP ( 'NONE', ( #535, #6935, #4825, #3814, #3430, #4971, #7971, #4928, #7291 ) ) ;
#5911 = AXIS2_PLACEMENT_3D ( 'NONE', #8998, #1551, #4547 ) ;
#5912 = EDGE_CURVE ( 'NONE', #1894, #2275, #8977, .T. ) ;
#5913 = EDGE_CURVE ( 'NONE', #5602, #6981, #4525, .T. ) ;
#5914 = LINE ( 'NONE', #8269, #8539 ) ;
#5915 = ORIENTED_EDGE ( 'NONE', *, *, #6021, .F. ) ;
#5916 = CYLINDRICAL_SURFACE ( 'NONE', #1428, 0.1249999999999998890 ) ;
#5917 = DIRECTION ( 'NONE',  ( 0.000000000000000000, 0.000000000000000000, -1.000000000000000000 ) ) ;
#5918 = PRESENTATION_LAYER_ASSIGNMENT (  '', '', ( #9519 ) ) ;
#5919 = DIRECTION ( 'NONE',  ( 0.000000000000000000, 1.000000000000000000, -0.000000000000000000 ) ) ;
#5920 = CARTESIAN_POINT ( 'NONE',  ( -1.469999999999984652, 0.1519999999999999962, 0.8750000000000000000 ) ) ;
#5921 = EDGE_CURVE ( 'NONE', #9330, #3728, #5069, .T. ) ;
#5922 = ORIENTED_EDGE ( 'NONE', *, *, #8621, .F. ) ;
#5923 = SURFACE_STYLE_USAGE ( .BOTH. , #6706 ) ;
#5924 = DIRECTION ( 'NONE',  ( -1.000000000000000000, 0.000000000000000000, -0.000000000000000000 ) ) ;
#5925 = AXIS2_PLACEMENT_3D ( 'NONE', #5575, #3976, #4611 ) ;
#5926 = ORIENTED_EDGE ( 'NONE', *, *, #2485, .F. ) ;
#5927 = CARTESIAN_POINT ( 'NONE',  ( -0.6249999999999947820, 0.000000000000000000, -1.469999999999986429 ) ) ;
#5928 = CARTESIAN_POINT ( 'NONE',  ( 1.225000000000007638, 0.1519999999999999962, 0.6249999999999693578 ) ) ;
#5929 = ADVANCED_FACE ( 'NONE', ( #5492 ), #3988, .F. ) ;
#5930 = VECTOR ( 'NONE', #7720, 1000.000000000000000 ) ;
#5931 = CARTESIAN_POINT ( 'NONE',  ( -1.469999999999994866, 0.1519999999999999962, -0.1400000000000000411 ) ) ;
#5932 = LINE ( 'NONE', #4342, #4713 ) ;
#5933 = DIRECTION ( 'NONE',  ( -1.000000000000000000, 0.000000000000000000, -4.425314989736752882E-16 ) ) ;
#5934 = AXIS2_PLACEMENT_3D ( 'NONE', #8302, #6226, #4732 ) ;
#5935 = AXIS2_PLACEMENT_3D ( 'NONE', #7563, #8300, #6819 ) ;
#5936 = ORIENTED_EDGE ( 'NONE', *, *, #336, .F. ) ;
#5937 = EDGE_LOOP ( 'NONE', ( #9119, #2097, #9280, #728 ) ) ;
#5938 = CARTESIAN_POINT ( 'NONE',  ( 1.470000000000002416, 0.000000000000000000, 0.1399999999999691769 ) ) ;
#5939 = ORIENTED_EDGE ( 'NONE', *, *, #684, .T. ) ;
#5940 = CARTESIAN_POINT ( 'NONE',  ( -0.8599999999999946576, 0.1519999999999999962, -1.499999999999987566 ) ) ;
#5941 = ORIENTED_EDGE ( 'NONE', *, *, #4613, .F. ) ;
#5942 = CARTESIAN_POINT ( 'NONE',  ( 0.3750000000000052736, 0.1519999999999999962, -1.469999999999993534 ) ) ;
#5943 = FILL_AREA_STYLE_COLOUR ( '', #8427 ) ;
#5944 = DIRECTION ( 'NONE',  ( 0.000000000000000000, 0.000000000000000000, 1.000000000000000000 ) ) ;
#5945 = DIRECTION ( 'NONE',  ( -0.000000000000000000, -1.000000000000000000, -0.000000000000000000 ) ) ;
#5946 = AXIS2_PLACEMENT_3D ( 'NONE', #3103, #3889, #4575 ) ;
#5947 = DIRECTION ( 'NONE',  ( 0.000000000000000000, -0.000000000000000000, -1.000000000000000000 ) ) ;
#5948 = EDGE_CURVE ( 'NONE', #8515, #9513, #9069, .T. ) ;
#5949 = EDGE_LOOP ( 'NONE', ( #2606, #9125, #199, #1844 ) ) ;
#5950 = ORIENTED_EDGE ( 'NONE', *, *, #7623, .T. ) ;
#5951 = CARTESIAN_POINT ( 'NONE',  ( -1.499999999999989786, 0.1519999999999999962, 0.1400000000000000411 ) ) ;
#5952 = ADVANCED_FACE ( 'NONE', ( #1676 ), #6906, .F. ) ;
#5953 = VECTOR ( 'NONE', #50, 1000.000000000000000 ) ;
#5954 = ORIENTED_EDGE ( 'NONE', *, *, #4508, .T. ) ;
#5955 = EDGE_LOOP ( 'NONE', ( #5820, #8279, #830, #5114 ) ) ;
#5956 =( NAMED_UNIT ( * ) PLANE_ANGLE_UNIT ( ) SI_UNIT ( $, .RADIAN. ) );
#5957 = LINE ( 'NONE', #722, #8499 ) ;
#5958 = SURFACE_STYLE_USAGE ( .BOTH. , #9547 ) ;
#5959 = LINE ( 'NONE', #2247, #9224 ) ;
#5960 = PLANE ( 'NONE',  #6859 ) ;
#5961 = CIRCLE ( 'NONE', #5339, 0.1249999999999998890 ) ;
#5962 = DIRECTION ( 'NONE',  ( 0.000000000000000000, 0.000000000000000000, 1.000000000000000000 ) ) ;
#5963 = ORIENTED_EDGE ( 'NONE', *, *, #3965, .F. ) ;
#5964 = CARTESIAN_POINT ( 'NONE',  ( -0.8749999999999947820, 0.1519999999999999962, -1.469999999999987317 ) ) ;
#5965 = AXIS2_PLACEMENT_3D ( 'NONE', #3281, #2536, #9295 ) ;
#5966 = DIRECTION ( 'NONE',  ( 4.425314989736752882E-16, 0.000000000000000000, -1.000000000000000000 ) ) ;
#5967 = EDGE_CURVE ( 'NONE', #275, #5597, #888, .T. ) ;
#5968 = ADVANCED_FACE ( 'NONE', ( #5350 ), #57, .F. ) ;
#5969 = LINE ( 'NONE', #2849, #6620 ) ;
#5970 = CARTESIAN_POINT ( 'NONE',  ( -0.8599999999999807798, 0.05000000000000002359, 1.469999999999988649 ) ) ;
#5971 = ORIENTED_EDGE ( 'NONE', *, *, #7038, .F. ) ;
#5972 = CARTESIAN_POINT ( 'NONE',  ( -0.8599999999999947686, 0.05000000000000002359, -1.469999999999987317 ) ) ;
#5973 = DIRECTION ( 'NONE',  ( -6.637972484605129570E-16, 0.000000000000000000, -1.000000000000000000 ) ) ;
#5974 = CIRCLE ( 'NONE', #9578, 0.1249999999999998890 ) ;
#5975 = VERTEX_POINT ( 'NONE', #201 ) ;
#5976 = CARTESIAN_POINT ( 'NONE',  ( 1.469999999999997087, 0.1519999999999999962, -0.3600000000000307954 ) ) ;
#5977 = CARTESIAN_POINT ( 'NONE',  ( 0.3750000000000193179, 0.1519999999999999962, 1.469999999999977991 ) ) ;
#5978 = VECTOR ( 'NONE', #1311, 1000.000000000000000 ) ;
#5979 = EDGE_CURVE ( 'NONE', #9262, #3956, #4242, .T. ) ;
#5980 = DIRECTION ( 'NONE',  ( -0.000000000000000000, -1.000000000000000000, -0.000000000000000000 ) ) ;
#5981 = DIRECTION ( 'NONE',  ( -1.000000000000000000, 0.000000000000000000, 4.425314989736752882E-16 ) ) ;
#5982 = DIRECTION ( 'NONE',  ( 3.982783490763077545E-15, 0.000000000000000000, -1.000000000000000000 ) ) ;
#5983 = ADVANCED_FACE ( 'NONE', ( #4769 ), #6217, .T. ) ;
#5984 = ORIENTED_EDGE ( 'NONE', *, *, #6552, .F. ) ;
#5985 = VERTEX_POINT ( 'NONE', #8339 ) ;
#5986 = DIRECTION ( 'NONE',  ( 0.000000000000000000, -1.000000000000000000, 0.000000000000000000 ) ) ;
#5987 = ORIENTED_EDGE ( 'NONE', *, *, #6746, .F. ) ;
#5988 = DIRECTION ( 'NONE',  ( 0.000000000000000000, 0.000000000000000000, -1.000000000000000000 ) ) ;
#5989 = EDGE_LOOP ( 'NONE', ( #4646, #7627, #8693, #5271 ) ) ;
#5990 = DIRECTION ( 'NONE',  ( -1.000000000000000000, 0.000000000000000000, 0.000000000000000000 ) ) ;
#5991 = DIRECTION ( 'NONE',  ( 0.000000000000000000, 0.000000000000000000, 1.000000000000000000 ) ) ;
#5992 = CARTESIAN_POINT ( 'NONE',  ( -0.1399999999999947120, 0.1519999999999999962, -1.499999999999990008 ) ) ;
#5993 = VECTOR ( 'NONE', #8875, 1000.000000000000000 ) ;
#5994 = LINE ( 'NONE', #9586, #4391 ) ;
#5995 = ORIENTED_EDGE ( 'NONE', *, *, #8187, .T. ) ;
#5996 = ORIENTED_EDGE ( 'NONE', *, *, #4895, .T. ) ;
#5997 = CARTESIAN_POINT ( 'NONE',  ( 0.000000000000000000, 0.05000000000000002359, 0.1400000000000000411 ) ) ;
#5998 = VECTOR ( 'NONE', #1804, 1000.000000000000000 ) ;
#5999 = VERTEX_POINT ( 'NONE', #4626 ) ;
#6000 = ORIENTED_EDGE ( 'NONE', *, *, #3883, .F. ) ;
#6001 = CARTESIAN_POINT ( 'NONE',  ( 0.3750000000000042744, 0.05000000000000002359, -1.224999999999993427 ) ) ;
#6002 = LINE ( 'NONE', #6047, #4286 ) ;
#6003 = CARTESIAN_POINT ( 'NONE',  ( 0.8600000000000052047, 0.1519999999999999962, -1.469999999999996865 ) ) ;
#6004 = EDGE_CURVE ( 'NONE', #2900, #4297, #1769, .T. ) ;
#6005 = DIRECTION ( 'NONE',  ( 1.301042606982616933E-13, 0.000000000000000000, 1.000000000000000000 ) ) ;
#6006 = EDGE_CURVE ( 'NONE', #2777, #7526, #6953, .T. ) ;
#6007 = ORIENTED_EDGE ( 'NONE', *, *, #6609, .F. ) ;
#6008 = CARTESIAN_POINT ( 'NONE',  ( 1.499999999999992006, 0.1519999999999999962, -0.8600000000000308509 ) ) ;
#6009 = VECTOR ( 'NONE', #6907, 1000.000000000000000 ) ;
#6010 = VERTEX_POINT ( 'NONE', #3843 ) ;
#6011 = CARTESIAN_POINT ( 'NONE',  ( 0.8599999999999998757, 0.05000000000000002359, 3.108046227791771226E-15 ) ) ;
#6012 = EDGE_LOOP ( 'NONE', ( #7912, #657, #2177, #9196 ) ) ;
#6013 = FACE_OUTER_BOUND ( 'NONE', #1417, .T. ) ;
#6014 = LINE ( 'NONE', #9655, #7873 ) ;
#6015 = CARTESIAN_POINT ( 'NONE',  ( 1.470000000000007523, 0.1519999999999999962, 0.6399999999999691491 ) ) ;
#6016 = EDGE_CURVE ( 'NONE', #8119, #3158, #1581, .T. ) ;
#6017 = ORIENTED_EDGE ( 'NONE', *, *, #4415, .T. ) ;
#6018 = AXIS2_PLACEMENT_3D ( 'NONE', #6259, #6210, #6114 ) ;
#6019 = AXIS2_PLACEMENT_3D ( 'NONE', #300, #4818, #5590 ) ;
#6020 = PLANE ( 'NONE',  #5099 ) ;
#6021 = EDGE_CURVE ( 'NONE', #6894, #7364, #7745, .T. ) ;
#6022 = EDGE_CURVE ( 'NONE', #5597, #6090, #6122, .T. ) ;
#6023 = CARTESIAN_POINT ( 'NONE',  ( -1.469999999999994866, 0.05000000000000002359, -0.000000000000000000 ) ) ;
#6024 = VECTOR ( 'NONE', #6246, 1000.000000000000000 ) ;
#6025 = DIRECTION ( 'NONE',  ( 1.000000000000000000, 0.000000000000000000, 0.000000000000000000 ) ) ;
#6026 = CLOSED_SHELL ( 'NONE', ( #2541, #9680, #4035, #5533, #6976, #5726, #2837, #7353, #922, #7319, #1725 ) ) ;
#6027 = LINE ( 'NONE', #1627, #3118 ) ;
#6028 = CARTESIAN_POINT ( 'NONE',  ( 0.2500000000000043854, 0.1519999999999999962, -1.224999999999993872 ) ) ;
#6029 = DIRECTION ( 'NONE',  ( -0.000000000000000000, 0.000000000000000000, 1.000000000000000000 ) ) ;
#6030 = VECTOR ( 'NONE', #9639, 1000.000000000000000 ) ;
#6031 = EDGE_CURVE ( 'NONE', #9060, #902, #5399, .T. ) ;
#6032 = ORIENTED_EDGE ( 'NONE', *, *, #5392, .T. ) ;
#6033 = PLANE ( 'NONE',  #8065 ) ;
#6034 = ADVANCED_FACE ( 'NONE', ( #2314 ), #7554, .F. ) ;
#6035 = ORIENTED_EDGE ( 'NONE', *, *, #9573, .T. ) ;
#6036 = PLANE ( 'NONE',  #5807 ) ;
#6037 = ORIENTED_EDGE ( 'NONE', *, *, #6870, .F. ) ;
#6038 = PLANE ( 'NONE',  #3119 ) ;
#6039 = EDGE_CURVE ( 'NONE', #2728, #1739, #8390, .T. ) ;
#6040 = PLANE ( 'NONE',  #7984 ) ;
#6041 = DIRECTION ( 'NONE',  ( -1.000000000000000000, 0.000000000000000000, -0.000000000000000000 ) ) ;
#6042 = VERTEX_POINT ( 'NONE', #3941 ) ;
#6043 = ORIENTED_EDGE ( 'NONE', *, *, #7342, .T. ) ;
#6044 = LINE ( 'NONE', #5459, #1668 ) ;
#6045 = ORIENTED_EDGE ( 'NONE', *, *, #2763, .F. ) ;
#6046 = VERTEX_POINT ( 'NONE', #3204 ) ;
#6047 = CARTESIAN_POINT ( 'NONE',  ( -1.470000000000000195, 0.000000000000000000, -0.6250000000000000000 ) ) ;
#6048 = CARTESIAN_POINT ( 'NONE',  ( 1.224999999999991873, 0.05000000000000002359, -0.6250000000000308642 ) ) ;
#6049 = EDGE_CURVE ( 'NONE', #1613, #7390, #8437, .T. ) ;
#6050 = PLANE ( 'NONE',  #8666 ) ;
#6051 = DIRECTION ( 'NONE',  ( 0.000000000000000000, -1.000000000000000000, 0.000000000000000000 ) ) ;
#6052 = PLANE ( 'NONE',  #3283 ) ;
#6053 = ORIENTED_EDGE ( 'NONE', *, *, #8193, .T. ) ;
#6054 = LINE ( 'NONE', #5332, #2907 ) ;
#6055 = ORIENTED_EDGE ( 'NONE', *, *, #5018, .F. ) ;
#6056 = EDGE_CURVE ( 'NONE', #6644, #134, #2706, .T. ) ;
#6057 = CARTESIAN_POINT ( 'NONE',  ( 1.469999999999991980, 0.1519999999999999962, -0.6250000000000308642 ) ) ;
#6058 = ORIENTED_EDGE ( 'NONE', *, *, #9588, .F. ) ;
#6059 = DIRECTION ( 'NONE',  ( 1.000000000000000000, 0.000000000000000000, 4.425314989736752882E-16 ) ) ;
#6060 = CARTESIAN_POINT ( 'NONE',  ( 0.8750000000000042188, 0.05000000000000002359, -1.224999999999996980 ) ) ;
#6061 = DIRECTION ( 'NONE',  ( 0.000000000000000000, 0.000000000000000000, 1.000000000000000000 ) ) ;
#6062 = AXIS2_PLACEMENT_3D ( 'NONE', #477, #5042, #3432 ) ;
#6063 = ORIENTED_EDGE ( 'NONE', *, *, #7758, .T. ) ;
#6064 = CARTESIAN_POINT ( 'NONE',  ( 1.500000000000007550, 0.000000000000000000, 0.6399999999999691491 ) ) ;
#6065 = EDGE_CURVE ( 'NONE', #6987, #902, #1920, .T. ) ;
#6066 = CARTESIAN_POINT ( 'NONE',  ( 1.224999999999997202, 0.1519999999999999962, -0.2500000000000308642 ) ) ;
#6067 = EDGE_CURVE ( 'NONE', #7273, #6302, #4401, .T. ) ;
#6068 = LINE ( 'NONE', #246, #3169 ) ;
#6069 = DIRECTION ( 'NONE',  ( -1.000000000000000000, -0.000000000000000000, -4.425314989736752882E-16 ) ) ;
#6070 = DIRECTION ( 'NONE',  ( 0.000000000000000000, 0.000000000000000000, -1.000000000000000000 ) ) ;
#6071 = LINE ( 'NONE', #3890, #2268 ) ;
#6072 = ORIENTED_EDGE ( 'NONE', *, *, #4354, .F. ) ;
#6073 = DIRECTION ( 'NONE',  ( 0.000000000000000000, 1.000000000000000000, -0.000000000000000000 ) ) ;
#6074 = VECTOR ( 'NONE', #5778, 1000.000000000000000 ) ;
#6075 = ORIENTED_EDGE ( 'NONE', *, *, #3879, .T. ) ;
#6076 = DIRECTION ( 'NONE',  ( 3.872150616019659031E-15, -0.000000000000000000, -1.000000000000000000 ) ) ;
#6077 = AXIS2_PLACEMENT_3D ( 'NONE', #2439, #6880, #6239 ) ;
#6078 = ORIENTED_EDGE ( 'NONE', *, *, #4709, .T. ) ;
#6079 = CARTESIAN_POINT ( 'NONE',  ( 1.470000000000002416, 0.1519999999999999962, 0.3599999999999691225 ) ) ;
#6080 = EDGE_CURVE ( 'NONE', #4195, #6733, #3775, .T. ) ;
#6081 = EDGE_CURVE ( 'NONE', #6252, #2393, #3454, .T. ) ;
#6082 = CARTESIAN_POINT ( 'NONE',  ( 1.469999999999991980, 0.000000000000000000, -0.6400000000000309885 ) ) ;
#6083 = CARTESIAN_POINT ( 'NONE',  ( -1.500000000000000222, 0.05000000000000002359, 1.500000000000000000 ) ) ;
#6084 = ORIENTED_EDGE ( 'NONE', *, *, #5444, .T. ) ;
#6085 = VECTOR ( 'NONE', #1640, 1000.000000000000000 ) ;
#6086 = AXIS2_PLACEMENT_3D ( 'NONE', #4933, #3475, #8016 ) ;
#6087 = ORIENTED_EDGE ( 'NONE', *, *, #7831, .T. ) ;
#6088 = EDGE_LOOP ( 'NONE', ( #7120, #8406, #155, #7427 ) ) ;
#6089 = DIRECTION ( 'NONE',  ( 0.000000000000000000, -1.000000000000000000, 0.000000000000000000 ) ) ;
#6090 = VERTEX_POINT ( 'NONE', #7794 ) ;
#6091 = ORIENTED_EDGE ( 'NONE', *, *, #9336, .F. ) ;
#6092 = EDGE_CURVE ( 'NONE', #905, #3732, #6876, .T. ) ;
#6093 = PLANE ( 'NONE',  #3259 ) ;
#6094 = VECTOR ( 'NONE', #3154, 1000.000000000000000 ) ;
#6095 = FACE_OUTER_BOUND ( 'NONE', #6748, .T. ) ;
#6096 = CARTESIAN_POINT ( 'NONE',  ( -1.224999999999989875, 0.1519999999999999962, 0.1250000000000001110 ) ) ;
#6097 = AXIS2_PLACEMENT_3D ( 'NONE', #9621, #3710, #2910 ) ;
#6098 = DIRECTION ( 'NONE',  ( 0.000000000000000000, 0.000000000000000000, -1.000000000000000000 ) ) ;
#6099 = DIRECTION ( 'NONE',  ( -1.000000000000000000, 0.000000000000000000, 0.000000000000000000 ) ) ;
#6100 = DIRECTION ( 'NONE',  ( 1.000000000000000000, 0.000000000000000000, 0.000000000000000000 ) ) ;
#6101 = ADVANCED_FACE ( 'NONE', ( #4961 ), #1223, .T. ) ;
#6102 =( GEOMETRIC_REPRESENTATION_CONTEXT ( 3 ) GLOBAL_UNCERTAINTY_ASSIGNED_CONTEXT ( ( #8112 ) ) GLOBAL_UNIT_ASSIGNED_CONTEXT ( ( #975, #3979, #1573 ) ) REPRESENTATION_CONTEXT ( 'NONE', 'WORKASPACE' ) );
#6103 = ORIENTED_EDGE ( 'NONE', *, *, #1943, .F. ) ;
#6104 = CARTESIAN_POINT ( 'NONE',  ( -0.3749999999999947264, 0.000000000000000000, -1.469999999999990870 ) ) ;
#6105 = ADVANCED_FACE ( 'NONE', ( #347 ), #7846, .F. ) ;
#6106 = ORIENTED_EDGE ( 'NONE', *, *, #448, .T. ) ;
#6107 = LINE ( 'NONE', #9009, #7057 ) ;
#6108 = ORIENTED_EDGE ( 'NONE', *, *, #4054, .T. ) ;
#6109 = DIRECTION ( 'NONE',  ( 0.000000000000000000, 0.000000000000000000, 1.000000000000000000 ) ) ;
#6110 = DIRECTION ( 'NONE',  ( 0.000000000000000000, 0.000000000000000000, 1.000000000000000000 ) ) ;
#6111 = CARTESIAN_POINT ( 'NONE',  ( -0.1399999999999948230, 0.1519999999999999962, -1.469999999999989981 ) ) ;
#6112 = EDGE_LOOP ( 'NONE', ( #7367, #1505, #9576, #6604 ) ) ;
#6113 = CARTESIAN_POINT ( 'NONE',  ( 1.499999999999992006, 0.1519999999999999962, -0.6400000000000309885 ) ) ;
#6114 = DIRECTION ( 'NONE',  ( 0.000000000000000000, 0.000000000000000000, -1.000000000000000000 ) ) ;
#6115 = VECTOR ( 'NONE', #8208, 1000.000000000000000 ) ;
#6116 = LINE ( 'NONE', #2359, #121 ) ;
#6117 = CARTESIAN_POINT ( 'NONE',  ( -1.469999999999984652, 0.1519999999999999962, 0.6400000000000000133 ) ) ;
#6118 = CARTESIAN_POINT ( 'NONE',  ( -0.8599999999999805578, 0.1519999999999999962, 1.499999999999988676 ) ) ;
#6119 = ORIENTED_EDGE ( 'NONE', *, *, #107, .F. ) ;
#6120 = AXIS2_PLACEMENT_3D ( 'NONE', #7404, #5297, #1332 ) ;
#6121 = ADVANCED_FACE ( 'NONE', ( #4863 ), #5587, .F. ) ;
#6122 = LINE ( 'NONE', #9120, #7508 ) ;
#6123 = CARTESIAN_POINT ( 'NONE',  ( 1.470000000000007523, 0.000000000000000000, 0.6249999999999691358 ) ) ;
#6124 = EDGE_CURVE ( 'NONE', #4073, #4489, #1820, .T. ) ;
#6125 = ORIENTED_EDGE ( 'NONE', *, *, #3892, .F. ) ;
#6126 = CARTESIAN_POINT ( 'NONE',  ( -1.469999999999994866, 0.1519999999999999962, -0.3599999999999999867 ) ) ;
#6127 = VECTOR ( 'NONE', #3788, 1000.000000000000000 ) ;
#6128 = ORIENTED_EDGE ( 'NONE', *, *, #7504, .F. ) ;
#6129 = DIRECTION ( 'NONE',  ( 0.000000000000000000, -1.000000000000000000, 0.000000000000000000 ) ) ;
#6130 = ORIENTED_EDGE ( 'NONE', *, *, #5586, .F. ) ;
#6131 = CARTESIAN_POINT ( 'NONE',  ( -1.469999999999984652, 0.1519999999999999962, 0.6400000000000000133 ) ) ;
#6132 = DIRECTION ( 'NONE',  ( -0.000000000000000000, -0.000000000000000000, -1.000000000000000000 ) ) ;
#6133 = ORIENTED_EDGE ( 'NONE', *, *, #1161, .T. ) ;
#6134 = VECTOR ( 'NONE', #6902, 1000.000000000000000 ) ;
#6135 = EDGE_LOOP ( 'NONE', ( #461, #6200, #7782, #2420 ) ) ;
#6136 = EDGE_LOOP ( 'NONE', ( #9350, #5939, #5461, #310 ) ) ;
#6137 = DIRECTION ( 'NONE',  ( 3.614007241618338910E-15, 0.000000000000000000, -1.000000000000000000 ) ) ;
#6138 = ADVANCED_FACE ( 'NONE', ( #7942 ), #5683, .F. ) ;
#6139 = EDGE_CURVE ( 'NONE', #6778, #2161, #5733, .T. ) ;
#6140 = ORIENTED_EDGE ( 'NONE', *, *, #8858, .T. ) ;
#6141 = VERTEX_POINT ( 'NONE', #3354 ) ;
#6142 = AXIS2_PLACEMENT_3D ( 'NONE', #6797, #280, #7683 ) ;
#6143 = CARTESIAN_POINT ( 'NONE',  ( 1.499999999999999778, 0.05000000000000002359, 1.500000000000000000 ) ) ;
#6144 = CARTESIAN_POINT ( 'NONE',  ( -1.224999999999989875, 0.000000000000000000, 0.3749999999999998890 ) ) ;
#6145 = CARTESIAN_POINT ( 'NONE',  ( 1.500000000000007550, 0.000000000000000000, 0.8599999999999691225 ) ) ;
#6146 = CARTESIAN_POINT ( 'NONE',  ( 1.225000000000007638, 0.000000000000000000, 0.7499999999999692468 ) ) ;
#6147 = VECTOR ( 'NONE', #2246, 1000.000000000000000 ) ;
#6148 = ORIENTED_EDGE ( 'NONE', *, *, #6056, .F. ) ;
#6149 = DIRECTION ( 'NONE',  ( -0.000000000000000000, -0.000000000000000000, -1.000000000000000000 ) ) ;
#6150 = VERTEX_POINT ( 'NONE', #1127 ) ;
#6151 = ORIENTED_EDGE ( 'NONE', *, *, #572, .T. ) ;
#6152 = LINE ( 'NONE', #8372, #2214 ) ;
#6153 = ORIENTED_EDGE ( 'NONE', *, *, #5343, .T. ) ;
#6154 = ADVANCED_FACE ( 'NONE', ( #4134 ), #7202, .T. ) ;
#6155 = CARTESIAN_POINT ( 'NONE',  ( -1.469999999999984652, 0.05000000000000002359, 0.8750000000000000000 ) ) ;
#6156 = CARTESIAN_POINT ( 'NONE',  ( -0.000000000000000000, 0.05000000000000002359, 0.8599999999999999867 ) ) ;
#6157 = CARTESIAN_POINT ( 'NONE',  ( -0.1249999999999808625, 0.1519999999999999962, 1.224999999999983213 ) ) ;
#6158 =( GEOMETRIC_REPRESENTATION_CONTEXT ( 3 ) GLOBAL_UNCERTAINTY_ASSIGNED_CONTEXT ( ( #7320 ) ) GLOBAL_UNIT_ASSIGNED_CONTEXT ( ( #6442, #6588, #2040 ) ) REPRESENTATION_CONTEXT ( 'NONE', 'WORKASPACE' ) );
#6159 = ORIENTED_EDGE ( 'NONE', *, *, #6365, .F. ) ;
#6160 = FILL_AREA_STYLE ('',( #2406 ) ) ;
#6161 = FACE_OUTER_BOUND ( 'NONE', #1999, .T. ) ;
#6162 = VECTOR ( 'NONE', #9219, 1000.000000000000000 ) ;
#6163 = ORIENTED_EDGE ( 'NONE', *, *, #2190, .T. ) ;
#6164 = CARTESIAN_POINT ( 'NONE',  ( -1.470000000000000195, 0.1519999999999999962, -0.6250000000000000000 ) ) ;
#6165 = PLANE ( 'NONE',  #9263 ) ;
#6166 = LINE ( 'NONE', #9260, #4293 ) ;
#6167 = AXIS2_PLACEMENT_3D ( 'NONE', #7496, #3793, #1574 ) ;
#6168 = VECTOR ( 'NONE', #8343, 1000.000000000000000 ) ;
#6169 = ADVANCED_FACE ( 'NONE', ( #7103 ), #4085, .T. ) ;
#6170 = CARTESIAN_POINT ( 'NONE',  ( 0.8600000000000191935, 0.1519999999999999962, 1.469999999999972662 ) ) ;
#6171 = ORIENTED_EDGE ( 'NONE', *, *, #7393, .F. ) ;
#6172 = DIRECTION ( 'NONE',  ( 0.000000000000000000, -1.000000000000000000, 0.000000000000000000 ) ) ;
#6173 = LINE ( 'NONE', #1032, #7422 ) ;
#6174 = VECTOR ( 'NONE', #2533, 1000.000000000000000 ) ;
#6175 = VERTEX_POINT ( 'NONE', #1031 ) ;
#6176 = DIRECTION ( 'NONE',  ( 0.000000000000000000, -1.000000000000000000, 0.000000000000000000 ) ) ;
#6177 = EDGE_LOOP ( 'NONE', ( #4693, #7845, #39, #2278 ) ) ;
#6178 = CARTESIAN_POINT ( 'NONE',  ( -1.499999999999989786, 0.1519999999999999962, 0.3599999999999999867 ) ) ;
#6179 = ADVANCED_FACE ( 'NONE', ( #297 ), #6373, .T. ) ;
#6180 = MANIFOLD_SOLID_BREP ( 'Boss-Extrude3[16]', #6026 ) ;
#6181 = DIRECTION ( 'NONE',  ( -4.425314989736752882E-16, 0.000000000000000000, 1.000000000000000000 ) ) ;
#6182 = VECTOR ( 'NONE', #1303, 1000.000000000000000 ) ;
#6183 = DIRECTION ( 'NONE',  ( 0.000000000000000000, -1.000000000000000000, 0.000000000000000000 ) ) ;
#6184 = DIRECTION ( 'NONE',  ( 1.000000000000000000, 0.000000000000000000, 0.000000000000000000 ) ) ;
#6185 = ORIENTED_EDGE ( 'NONE', *, *, #1534, .F. ) ;
#6186 = ORIENTED_EDGE ( 'NONE', *, *, #8101, .T. ) ;
#6187 = LINE ( 'NONE', #5507, #1813 ) ;
#6188 = VECTOR ( 'NONE', #8205, 1000.000000000000000 ) ;
#6189 = VERTEX_POINT ( 'NONE', #7298 ) ;
#6190 = EDGE_LOOP ( 'NONE', ( #7018, #3502, #4063, #8209, #7249, #8342, #5742, #2738, #3450, #7377, #4137, #7179, #951, #2351, #9220, #4162, #4488, #2997, #4459, #7487 ) ) ;
#6191 = EDGE_CURVE ( 'NONE', #5906, #8847, #2261, .T. ) ;
#6192 = DIRECTION ( 'NONE',  ( 1.000000000000000000, -0.000000000000000000, -0.000000000000000000 ) ) ;
#6193 = LINE ( 'NONE', #3128, #6273 ) ;
#6194 = CARTESIAN_POINT ( 'NONE',  ( 1.224999999999997202, 0.1519999999999999962, -0.1250000000000309475 ) ) ;
#6195 = CARTESIAN_POINT ( 'NONE',  ( 1.469999999999997087, 0.1519999999999999962, -0.1250000000000308642 ) ) ;
#6196 = DIRECTION ( 'NONE',  ( -3.097720492815727067E-15, 0.000000000000000000, 1.000000000000000000 ) ) ;
#6197 = ORIENTED_EDGE ( 'NONE', *, *, #1956, .T. ) ;
#6198 = DIRECTION ( 'NONE',  ( 0.000000000000000000, 1.000000000000000000, 0.000000000000000000 ) ) ;
#6199 = ORIENTED_EDGE ( 'NONE', *, *, #5360, .T. ) ;
#6200 = ORIENTED_EDGE ( 'NONE', *, *, #1523, .T. ) ;
#6201 = CARTESIAN_POINT ( 'NONE',  ( -0.6399999999999947953, 0.1519999999999999962, -1.499999999999986677 ) ) ;
#6202 = VERTEX_POINT ( 'NONE', #1376 ) ;
#6203 = CARTESIAN_POINT ( 'NONE',  ( -0.2500000000000128786, 0.1519999999999999962, 1.224999999999992095 ) ) ;
#6204 = DIRECTION ( 'NONE',  ( 1.000000000000000000, 0.000000000000000000, -4.425314989736752882E-16 ) ) ;
#6205 = DIRECTION ( 'NONE',  ( 0.000000000000000000, -1.000000000000000000, 0.000000000000000000 ) ) ;
#6206 = ADVANCED_FACE ( 'NONE', ( #8190 ), #1476, .T. ) ;
#6207 = ADVANCED_FACE ( 'NONE', ( #3554 ), #2212, .T. ) ;
#6208 = EDGE_LOOP ( 'NONE', ( #3137, #3694, #2782, #5671 ) ) ;
#6209 = DIRECTION ( 'NONE',  ( 0.000000000000000000, 0.000000000000000000, -1.000000000000000000 ) ) ;
#6210 = DIRECTION ( 'NONE',  ( 1.000000000000000000, 0.000000000000000000, 0.000000000000000000 ) ) ;
#6211 = ADVANCED_FACE ( 'NONE', ( #5200 ), #3701, .T. ) ;
#6212 = ORIENTED_EDGE ( 'NONE', *, *, #4075, .F. ) ;
#6213 = CARTESIAN_POINT ( 'NONE',  ( -1.469999999999989759, 0.1519999999999999962, 0.1400000000000000411 ) ) ;
#6214 = PLANE ( 'NONE',  #1926 ) ;
#6215 = DIRECTION ( 'NONE',  ( -3.614007241618338910E-15, 0.000000000000000000, 1.000000000000000000 ) ) ;
#6216 = ORIENTED_EDGE ( 'NONE', *, *, #9458, .T. ) ;
#6217 = CYLINDRICAL_SURFACE ( 'NONE', #1726, 0.1249999999999998890 ) ;
#6218 = DIRECTION ( 'NONE',  ( 0.000000000000000000, 0.000000000000000000, 1.000000000000000000 ) ) ;
#6219 = AXIS2_PLACEMENT_3D ( 'NONE', #194, #3050, #8383 ) ;
#6220 = ORIENTED_EDGE ( 'NONE', *, *, #7831, .F. ) ;
#6221 = FACE_OUTER_BOUND ( 'NONE', #7237, .T. ) ;
#6222 = ADVANCED_FACE ( 'NONE', ( #5831 ), #9658, .F. ) ;
#6223 = VERTEX_POINT ( 'NONE', #5782 ) ;
#6224 = DIRECTION ( 'NONE',  ( -0.000000000000000000, -1.000000000000000000, -0.000000000000000000 ) ) ;
#6225 = LINE ( 'NONE', #162, #6869 ) ;
#6226 = DIRECTION ( 'NONE',  ( 0.000000000000000000, 1.000000000000000000, -0.000000000000000000 ) ) ;
#6227 = CARTESIAN_POINT ( 'NONE',  ( 0.8750000000000042188, 0.1519999999999999962, -1.224999999999996980 ) ) ;
#6228 = APPLICATION_CONTEXT ( 'automotive_design' ) ;
#6229 = AXIS2_PLACEMENT_3D ( 'NONE', #8957, #7296, #2297 ) ;
#6230 = VECTOR ( 'NONE', #3289, 1000.000000000000000 ) ;
#6231 = ORIENTED_EDGE ( 'NONE', *, *, #9660, .T. ) ;
#6232 = VERTEX_POINT ( 'NONE', #8829 ) ;
#6233 = CARTESIAN_POINT ( 'NONE',  ( -1.499999999999984679, 0.1519999999999999962, 0.6400000000000000133 ) ) ;
#6234 = VERTEX_POINT ( 'NONE', #5972 ) ;
#6235 = ORIENTED_EDGE ( 'NONE', *, *, #2223, .F. ) ;
#6236 = DIRECTION ( 'NONE',  ( -1.000000000000000000, 0.000000000000000000, 0.000000000000000000 ) ) ;
#6237 = CARTESIAN_POINT ( 'NONE',  ( -1.500000000000000222, 0.1519999999999999962, -0.8599999999999999867 ) ) ;
#6238 = DIRECTION ( 'NONE',  ( -0.000000000000000000, -1.000000000000000000, -0.000000000000000000 ) ) ;
#6239 = DIRECTION ( 'NONE',  ( 0.000000000000000000, 0.000000000000000000, -1.000000000000000000 ) ) ;
#6240 = VECTOR ( 'NONE', #8545, 1000.000000000000000 ) ;
#6241 = VECTOR ( 'NONE', #1756, 1000.000000000000000 ) ;
#6242 = PLANE ( 'NONE',  #8748 ) ;
#6243 = ADVANCED_FACE ( 'NONE', ( #8879 ), #1426, .T. ) ;
#6244 = ADVANCED_FACE ( 'NONE', ( #7250 ), #5061, .F. ) ;
#6245 = ORIENTED_EDGE ( 'NONE', *, *, #8194, .T. ) ;
#6246 = DIRECTION ( 'NONE',  ( 0.000000000000000000, -1.000000000000000000, 0.000000000000000000 ) ) ;
#6247 = AXIS2_PLACEMENT_3D ( 'NONE', #1629, #4721, #8487 ) ;
#6248 = ORIENTED_EDGE ( 'NONE', *, *, #4617, .F. ) ;
#6249 = ORIENTED_EDGE ( 'NONE', *, *, #8471, .T. ) ;
#6250 = AXIS2_PLACEMENT_3D ( 'NONE', #7126, #7964, #421 ) ;
#6251 = CARTESIAN_POINT ( 'NONE',  ( -0.7500000000000127676, 0.05000000000000002359, 1.099999999999992317 ) ) ;
#6252 = VERTEX_POINT ( 'NONE', #6615 ) ;
#6253 = CARTESIAN_POINT ( 'NONE',  ( -1.469999999999989759, 0.05000000000000002359, 0.1400000000000000411 ) ) ;
#6254 = LINE ( 'NONE', #7731, #8656 ) ;
#6255 = DIRECTION ( 'NONE',  ( 0.000000000000000000, 0.000000000000000000, 1.000000000000000000 ) ) ;
#6256 = VERTEX_POINT ( 'NONE', #9612 ) ;
#6257 = STYLED_ITEM ( 'NONE', ( #7140 ), #6314 ) ;
#6258 = DIRECTION ( 'NONE',  ( 0.000000000000000000, -0.000000000000000000, 1.000000000000000000 ) ) ;
#6259 = CARTESIAN_POINT ( 'NONE',  ( -1.500000000000000222, 0.1519999999999999962, -0.8599999999999999867 ) ) ;
#6260 = ORIENTED_EDGE ( 'NONE', *, *, #9013, .T. ) ;
#6261 = MANIFOLD_SOLID_BREP ( 'Boss-Extrude3[14]', #2571 ) ;
#6262 = LINE ( 'NONE', #4078, #7209 ) ;
#6263 = EDGE_CURVE ( 'NONE', #3817, #6826, #8933, .T. ) ;
#6264 = EDGE_CURVE ( 'NONE', #164, #4940, #4615, .T. ) ;
#6265 = VECTOR ( 'NONE', #7838, 1000.000000000000000 ) ;
#6266 = DIRECTION ( 'NONE',  ( -7.228014483236677820E-15, 0.000000000000000000, -1.000000000000000000 ) ) ;
#6267 = DIRECTION ( 'NONE',  ( -1.309893236962104487E-13, 0.000000000000000000, -1.000000000000000000 ) ) ;
#6268 = DIRECTION ( 'NONE',  ( -1.000000000000000000, 0.000000000000000000, -0.000000000000000000 ) ) ;
#6269 = LINE ( 'NONE', #8674, #918 ) ;
#6270 = ORIENTED_EDGE ( 'NONE', *, *, #7887, .F. ) ;
#6271 = DIRECTION ( 'NONE',  ( 0.000000000000000000, 0.000000000000000000, -1.000000000000000000 ) ) ;
#6272 = DIRECTION ( 'NONE',  ( 0.000000000000000000, -1.000000000000000000, 0.000000000000000000 ) ) ;
#6273 = VECTOR ( 'NONE', #1553, 1000.000000000000000 ) ;
#6274 = VERTEX_POINT ( 'NONE', #6942 ) ;
#6275 = PLANE ( 'NONE',  #1488 ) ;
#6276 = DIRECTION ( 'NONE',  ( 0.000000000000000000, -1.000000000000000000, 0.000000000000000000 ) ) ;
#6277 = ADVANCED_FACE ( 'NONE', ( #6895 ), #3047, .T. ) ;
#6278 = VECTOR ( 'NONE', #7654, 1000.000000000000000 ) ;
#6279 = MANIFOLD_SOLID_BREP ( 'Boss-Extrude3[15]', #7749 ) ;
#6280 = DIRECTION ( 'NONE',  ( -1.000000000000000000, 0.000000000000000000, 8.850629979473505765E-16 ) ) ;
#6281 = CARTESIAN_POINT ( 'NONE',  ( -0.2499999999999956146, 0.1519999999999999962, -1.224999999999990319 ) ) ;
#6282 = DIRECTION ( 'NONE',  ( -0.000000000000000000, -1.000000000000000000, -0.000000000000000000 ) ) ;
#6283 = EDGE_CURVE ( 'NONE', #5121, #8094, #880, .T. ) ;
#6284 = VECTOR ( 'NONE', #7255, 1000.000000000000000 ) ;
#6285 = ORIENTED_EDGE ( 'NONE', *, *, #3965, .T. ) ;
#6286 = ORIENTED_EDGE ( 'NONE', *, *, #9534, .F. ) ;
#6287 = CARTESIAN_POINT ( 'NONE',  ( -0.3749999999999947264, 0.1519999999999999962, -1.469999999999990870 ) ) ;
#6288 = ORIENTED_EDGE ( 'NONE', *, *, #5670, .F. ) ;
#6289 = ORIENTED_EDGE ( 'NONE', *, *, #379, .F. ) ;
#6290 = CYLINDRICAL_SURFACE ( 'NONE', #5518, 0.1249999999999998890 ) ;
#6291 =( LENGTH_UNIT ( ) NAMED_UNIT ( * ) SI_UNIT ( .MILLI., .METRE. ) );
#6292 = DIRECTION ( 'NONE',  ( -1.000000000000000000, 0.000000000000000000, -0.000000000000000000 ) ) ;
#6293 = CARTESIAN_POINT ( 'NONE',  ( -1.225000000000000089, 0.1519999999999999962, -0.8749999999999998890 ) ) ;
#6294 = AXIS2_PLACEMENT_3D ( 'NONE', #6753, #2794, #9556 ) ;
#6295 = DIRECTION ( 'NONE',  ( 0.000000000000000000, -1.000000000000000000, 0.000000000000000000 ) ) ;
#6296 = EDGE_CURVE ( 'NONE', #3618, #2432, #7545, .T. ) ;
#6297 = MANIFOLD_SOLID_BREP ( 'Boss-Extrude3[12]', #4012 ) ;
#6298 = ORIENTED_EDGE ( 'NONE', *, *, #5050, .F. ) ;
#6299 = CARTESIAN_POINT ( 'NONE',  ( 0.1250000000000192901, 0.000000000000000000, 1.469999999999977991 ) ) ;
#6300 = AXIS2_PLACEMENT_3D ( 'NONE', #4055, #2527, #1740 ) ;
#6301 = ORIENTED_EDGE ( 'NONE', *, *, #2902, .F. ) ;
#6302 = VERTEX_POINT ( 'NONE', #8477 ) ;
#6303 = LINE ( 'NONE', #4977, #332 ) ;
#6304 = EDGE_LOOP ( 'NONE', ( #5609, #6795, #2457, #825 ) ) ;
#6305 = CARTESIAN_POINT ( 'NONE',  ( 1.500000000000007550, 0.05000000000000002359, 0.6399999999999691491 ) ) ;
#6306 = EDGE_CURVE ( 'NONE', #8370, #5429, #6846, .T. ) ;
#6307 = FACE_OUTER_BOUND ( 'NONE', #6608, .T. ) ;
#6308 = LINE ( 'NONE', #4757, #4688 ) ;
#6309 = ORIENTED_EDGE ( 'NONE', *, *, #2101, .T. ) ;
#6310 = VECTOR ( 'NONE', #1219, 1000.000000000000000 ) ;
#6311 = CARTESIAN_POINT ( 'NONE',  ( -1.200000000000000400, 0.8000000000000000444, -1.200000000000000178 ) ) ;
#6312 = CARTESIAN_POINT ( 'NONE',  ( -1.500000000000000222, 0.05000000000000002359, 1.500000000000000000 ) ) ;
#6313 = ORIENTED_EDGE ( 'NONE', *, *, #2980, .T. ) ;
#6314 = MANIFOLD_SOLID_BREP ( 'Boss-Extrude3[11]', #7597 ) ;
#6315 = CARTESIAN_POINT ( 'NONE',  ( 0.6400000000000053424, 0.1519999999999999962, -1.499999999999997780 ) ) ;
#6316 = VECTOR ( 'NONE', #2198, 1000.000000000000000 ) ;
#6317 = CARTESIAN_POINT ( 'NONE',  ( 1.224999999999991873, 0.000000000000000000, -0.7500000000000307532 ) ) ;
#6318 = EDGE_CURVE ( 'NONE', #8739, #4002, #3393, .T. ) ;
#6319 = CARTESIAN_POINT ( 'NONE',  ( 1.499999999999999778, 0.8000000000000000444, 1.500000000000000000 ) ) ;
#6320 =( LENGTH_UNIT ( ) NAMED_UNIT ( * ) SI_UNIT ( .MILLI., .METRE. ) );
#6321 = LINE ( 'NONE', #7893, #9216 ) ;
#6322 = EDGE_LOOP ( 'NONE', ( #230, #2319, #4077, #413 ) ) ;
#6323 = CARTESIAN_POINT ( 'NONE',  ( -0.2500000000000128786, 0.1519999999999999962, 1.224999999999992095 ) ) ;
#6324 = CARTESIAN_POINT ( 'NONE',  ( -0.000000000000000000, 0.05000000000000002359, -1.469999999999996865 ) ) ;
#6325 = ADVANCED_FACE ( 'NONE', ( #4173 ), #4851, .F. ) ;
#6326 = ADVANCED_FACE ( 'NONE', ( #5484 ), #7043, .T. ) ;
#6327 = VERTEX_POINT ( 'NONE', #2642 ) ;
#6328 = DIRECTION ( 'NONE',  ( -4.425314989736752882E-16, 0.000000000000000000, -1.000000000000000000 ) ) ;
#6329 = AXIS2_PLACEMENT_3D ( 'NONE', #4922, #8004, #9623 ) ;
#6330 = CARTESIAN_POINT ( 'NONE',  ( -0.8749999999999955591, 0.1519999999999999962, -1.224999999999987432 ) ) ;
#6331 = MANIFOLD_SOLID_BREP ( 'Boss-Extrude3[8]', #7280 ) ;
#6332 = LINE ( 'NONE', #7063, #9067 ) ;
#6333 = LINE ( 'NONE', #1135, #2661 ) ;
#6334 = EDGE_CURVE ( 'NONE', #2240, #5168, #9237, .T. ) ;
#6335 = DIRECTION ( 'NONE',  ( 0.000000000000000000, -0.000000000000000000, -1.000000000000000000 ) ) ;
#6336 = VECTOR ( 'NONE', #4321, 1000.000000000000000 ) ;
#6337 = VECTOR ( 'NONE', #5542, 1000.000000000000000 ) ;
#6338 = EDGE_CURVE ( 'NONE', #2497, #9199, #9301, .T. ) ;
#6339 = ORIENTED_EDGE ( 'NONE', *, *, #1138, .T. ) ;
#6340 = ORIENTED_EDGE ( 'NONE', *, *, #3462, .F. ) ;
#6341 = DIRECTION ( 'NONE',  ( -0.000000000000000000, -0.000000000000000000, 1.000000000000000000 ) ) ;
#6342 = ORIENTED_EDGE ( 'NONE', *, *, #2168, .F. ) ;
#6343 = ORIENTED_EDGE ( 'NONE', *, *, #1091, .F. ) ;
#6344 = VECTOR ( 'NONE', #3278, 1000.000000000000000 ) ;
#6345 = DIRECTION ( 'NONE',  ( 0.000000000000000000, -1.000000000000000000, 0.000000000000000000 ) ) ;
#6346 = CARTESIAN_POINT ( 'NONE',  ( 0.3600000000000052047, 0.05000000000000002359, -1.469999999999993534 ) ) ;
#6347 = ADVANCED_FACE ( 'NONE', ( #909 ), #1002, .T. ) ;
#6348 = DIRECTION ( 'NONE',  ( -1.000000000000000000, -0.000000000000000000, -0.000000000000000000 ) ) ;
#6349 = FACE_OUTER_BOUND ( 'NONE', #7084, .T. ) ;
#6350 = CARTESIAN_POINT ( 'NONE',  ( -0.1249999999999947681, 0.1519999999999999962, -1.469999999999989981 ) ) ;
#6351 = AXIS2_PLACEMENT_3D ( 'NONE', #3517, #2766, #5647 ) ;
#6352 = ORIENTED_EDGE ( 'NONE', *, *, #3677, .F. ) ;
#6353 = CARTESIAN_POINT ( 'NONE',  ( -1.224999999999994982, 0.1519999999999999962, -0.2500000000000000000 ) ) ;
#6354 = ORIENTED_EDGE ( 'NONE', *, *, #7613, .T. ) ;
#6355 = VERTEX_POINT ( 'NONE', #3961 ) ;
#6356 = FACE_OUTER_BOUND ( 'NONE', #1600, .T. ) ;
#6357 = EDGE_CURVE ( 'NONE', #6232, #1794, #78, .T. ) ;
#6358 = ORIENTED_EDGE ( 'NONE', *, *, #218, .F. ) ;
#6359 = DIRECTION ( 'NONE',  ( 0.000000000000000000, -1.000000000000000000, 0.000000000000000000 ) ) ;
#6360 = DIRECTION ( 'NONE',  ( -1.000000000000000000, -0.000000000000000000, -4.425314989736752882E-16 ) ) ;
#6361 = DIRECTION ( 'NONE',  ( 1.000000000000000000, 0.000000000000000000, -0.000000000000000000 ) ) ;
#6362 = ORIENTED_EDGE ( 'NONE', *, *, #8324, .F. ) ;
#6363 = DIRECTION ( 'NONE',  ( -3.097720492815727067E-15, 0.000000000000000000, 1.000000000000000000 ) ) ;
#6364 = CARTESIAN_POINT ( 'NONE',  ( 0.7500000000000193179, 0.1519999999999999962, 1.224999999999972555 ) ) ;
#6365 = EDGE_CURVE ( 'NONE', #2393, #9374, #3271, .T. ) ;
#6366 = CARTESIAN_POINT ( 'NONE',  ( 0.6400000000000053424, 0.1519999999999999962, -1.499999999999997780 ) ) ;
#6367 = VERTEX_POINT ( 'NONE', #2528 ) ;
#6368 = CARTESIAN_POINT ( 'NONE',  ( -1.470000000000000195, 0.1519999999999999962, -0.6400000000000000133 ) ) ;
#6369 = FACE_OUTER_BOUND ( 'NONE', #7274, .T. ) ;
#6370 = DIRECTION ( 'NONE',  ( -8.850629979473505765E-16, -0.000000000000000000, 1.000000000000000000 ) ) ;
#6371 = LINE ( 'NONE', #9355, #8130 ) ;
#6372 = ORIENTED_EDGE ( 'NONE', *, *, #6600, .F. ) ;
#6373 = PLANE ( 'NONE',  #484 ) ;
#6374 = LINE ( 'NONE', #7897, #3060 ) ;
#6375 = EDGE_CURVE ( 'NONE', #3826, #3717, #8459, .T. ) ;
#6376 = EDGE_CURVE ( 'NONE', #2920, #5261, #6928, .T. ) ;
#6377 = ORIENTED_EDGE ( 'NONE', *, *, #5125, .F. ) ;
#6378 = FACE_OUTER_BOUND ( 'NONE', #4712, .T. ) ;
#6379 = DIRECTION ( 'NONE',  ( 0.000000000000000000, 0.000000000000000000, -1.000000000000000000 ) ) ;
#6380 = CARTESIAN_POINT ( 'NONE',  ( -1.469999999999994866, 0.000000000000000000, -0.1250000000000000000 ) ) ;
#6381 = VECTOR ( 'NONE', #530, 1000.000000000000000 ) ;
#6382 = CARTESIAN_POINT ( 'NONE',  ( 1.500000000000007550, 0.1519999999999999962, 0.6399999999999691491 ) ) ;
#6383 = LINE ( 'NONE', #356, #7102 ) ;
#6384 = VERTEX_POINT ( 'NONE', #6048 ) ;
#6385 = EDGE_LOOP ( 'NONE', ( #1648, #3902, #4101, #6885 ) ) ;
#6386 = CARTESIAN_POINT ( 'NONE',  ( 0.3600000000000052047, 0.1519999999999999962, -1.469999999999993534 ) ) ;
#6387 = EDGE_LOOP ( 'NONE', ( #915, #8994, #3528, #6710 ) ) ;
#6388 = ORIENTED_EDGE ( 'NONE', *, *, #8412, .T. ) ;
#6389 = EDGE_CURVE ( 'NONE', #4826, #2798, #8475, .T. ) ;
#6390 = EDGE_CURVE ( 'NONE', #275, #8304, #6193, .T. ) ;
#6391 = DIRECTION ( 'NONE',  ( -0.000000000000000000, -1.000000000000000000, -0.000000000000000000 ) ) ;
#6392 = CYLINDRICAL_SURFACE ( 'NONE', #4831, 0.1250000000000159317 ) ;
#6393 = DIRECTION ( 'NONE',  ( 0.000000000000000000, 0.000000000000000000, -1.000000000000000000 ) ) ;
#6394 = CARTESIAN_POINT ( 'NONE',  ( 0.1400000000000053701, 0.000000000000000000, -1.499999999999994449 ) ) ;
#6395 = LINE ( 'NONE', #6350, #8450 ) ;
#6396 = VECTOR ( 'NONE', #7792, 1000.000000000000000 ) ;
#6397 = VERTEX_POINT ( 'NONE', #3911 ) ;
#6398 = CARTESIAN_POINT ( 'NONE',  ( -0.8599999999999914380, 0.05000000000000002359, 6.216092455583480921E-15 ) ) ;
#6399 = VERTEX_POINT ( 'NONE', #959 ) ;
#6400 = ORIENTED_EDGE ( 'NONE', *, *, #9534, .T. ) ;
#6401 = CARTESIAN_POINT ( 'NONE',  ( 1.469999999999997087, 0.000000000000000000, -0.3750000000000308642 ) ) ;
#6402 = ORIENTED_EDGE ( 'NONE', *, *, #1534, .T. ) ;
#6403 = VECTOR ( 'NONE', #226, 1000.000000000000000 ) ;
#6404 = DIRECTION ( 'NONE',  ( 0.000000000000000000, 0.000000000000000000, -1.000000000000000000 ) ) ;
#6405 = EDGE_CURVE ( 'NONE', #6274, #4674, #2481, .T. ) ;
#6406 = CARTESIAN_POINT ( 'NONE',  ( -0.1399999999999947120, 0.1519999999999999962, -1.499999999999990008 ) ) ;
#6407 = CARTESIAN_POINT ( 'NONE',  ( 1.500000000000002442, 0.000000000000000000, 0.1399999999999691769 ) ) ;
#6408 = VERTEX_POINT ( 'NONE', #1741 ) ;
#6409 = DIRECTION ( 'NONE',  ( 1.000000000000000000, 0.000000000000000000, 0.000000000000000000 ) ) ;
#6410 = EDGE_CURVE ( 'NONE', #6141, #2426, #4742, .T. ) ;
#6411 = VECTOR ( 'NONE', #5805, 1000.000000000000000 ) ;
#6412 = VECTOR ( 'NONE', #4190, 1000.000000000000000 ) ;
#6413 = CARTESIAN_POINT ( 'NONE',  ( 1.225000000000007638, 0.1519999999999999962, 0.7499999999999692468 ) ) ;
#6414 = ORIENTED_EDGE ( 'NONE', *, *, #2277, .T. ) ;
#6415 = DIRECTION ( 'NONE',  ( 0.000000000000000000, -1.000000000000000000, 0.000000000000000000 ) ) ;
#6416 = DIRECTION ( 'NONE',  ( 1.000000000000000000, 0.000000000000000000, -0.000000000000000000 ) ) ;
#6417 = CARTESIAN_POINT ( 'NONE',  ( -1.469999999999984652, 0.000000000000000000, 0.6400000000000000133 ) ) ;
#6418 = LINE ( 'NONE', #5338, #296 ) ;
#6419 = VECTOR ( 'NONE', #8053, 1000.000000000000000 ) ;
#6420 = CARTESIAN_POINT ( 'NONE',  ( 1.469999999999991980, 0.1519999999999999962, -0.8600000000000308509 ) ) ;
#6421 = VERTEX_POINT ( 'NONE', #6144 ) ;
#6422 = DIRECTION ( 'NONE',  ( -1.000000000000000000, 0.000000000000000000, -0.000000000000000000 ) ) ;
#6423 = FACE_OUTER_BOUND ( 'NONE', #1107, .T. ) ;
#6424 = PRESENTATION_LAYER_ASSIGNMENT (  '', '', ( #5329 ) ) ;
#6425 = ORIENTED_EDGE ( 'NONE', *, *, #2609, .F. ) ;
#6426 = DIRECTION ( 'NONE',  ( 0.000000000000000000, -1.000000000000000000, 0.000000000000000000 ) ) ;
#6427 = LINE ( 'NONE', #8783, #7853 ) ;
#6428 = ADVANCED_FACE ( 'NONE', ( #4550 ), #3822, .T. ) ;
#6429 = ADVANCED_FACE ( 'NONE', ( #1602 ), #8361, .F. ) ;
#6430 = FACE_OUTER_BOUND ( 'NONE', #5871, .T. ) ;
#6431 = VECTOR ( 'NONE', #40, 1000.000000000000000 ) ;
#6432 = DIRECTION ( 'NONE',  ( 0.000000000000000000, -1.000000000000000000, 0.000000000000000000 ) ) ;
#6433 = CARTESIAN_POINT ( 'NONE',  ( -0.1399999999999807510, 0.1519999999999999962, 1.499999999999983347 ) ) ;
#6434 = ORIENTED_EDGE ( 'NONE', *, *, #4572, .T. ) ;
#6435 = VERTEX_POINT ( 'NONE', #8408 ) ;
#6436 = CARTESIAN_POINT ( 'NONE',  ( -0.3749999999999806821, 0.1519999999999999962, 1.469999999999983320 ) ) ;
#6437 = VECTOR ( 'NONE', #3947, 1000.000000000000000 ) ;
#6438 = VERTEX_POINT ( 'NONE', #1694 ) ;
#6439 = ORIENTED_EDGE ( 'NONE', *, *, #7534, .F. ) ;
#6440 = LINE ( 'NONE', #9283, #2090 ) ;
#6441 = ADVANCED_FACE ( 'NONE', ( #173 ), #4695, .F. ) ;
#6442 =( LENGTH_UNIT ( ) NAMED_UNIT ( * ) SI_UNIT ( .MILLI., .METRE. ) );
#6443 = LINE ( 'NONE', #9428, #4854 ) ;
#6444 = CARTESIAN_POINT ( 'NONE',  ( -1.500000000000000222, 0.05000000000000002359, 1.500000000000000000 ) ) ;
#6445 = VECTOR ( 'NONE', #8625, 1000.000000000000000 ) ;
#6446 = EDGE_CURVE ( 'NONE', #1841, #2384, #5532, .T. ) ;
#6447 = EDGE_CURVE ( 'NONE', #1613, #8629, #8528, .T. ) ;
#6448 = EDGE_CURVE ( 'NONE', #9589, #2104, #5961, .T. ) ;
#6449 = UNCERTAINTY_MEASURE_WITH_UNIT (LENGTH_MEASURE( 1.000000000000000082E-05 ), #8263, 'distance_accuracy_value', 'NONE');
#6450 = VERTEX_POINT ( 'NONE', #2744 ) ;
#6451 = LINE ( 'NONE', #2046, #94 ) ;
#6452 = ORIENTED_EDGE ( 'NONE', *, *, #6908, .F. ) ;
#6453 = EDGE_LOOP ( 'NONE', ( #9327, #5779, #5639, #6103, #349, #9175, #165, #8073 ) ) ;
#6454 = LINE ( 'NONE', #5662, #7316 ) ;
#6455 = ORIENTED_EDGE ( 'NONE', *, *, #5259, .T. ) ;
#6456 = CIRCLE ( 'NONE', #8026, 0.1249999999999998890 ) ;
#6457 = DIRECTION ( 'NONE',  ( -0.000000000000000000, -1.000000000000000000, -0.000000000000000000 ) ) ;
#6458 = LINE ( 'NONE', #380, #9444 ) ;
#6459 = DIRECTION ( 'NONE',  ( 0.000000000000000000, -1.000000000000000000, 0.000000000000000000 ) ) ;
#6460 = ORIENTED_EDGE ( 'NONE', *, *, #4072, .F. ) ;
#6461 = FACE_OUTER_BOUND ( 'NONE', #4925, .T. ) ;
#6462 = VECTOR ( 'NONE', #1144, 1000.000000000000000 ) ;
#6463 = CARTESIAN_POINT ( 'NONE',  ( 1.224999999999997202, 0.000000000000000000, -0.2500000000000308642 ) ) ;
#6464 = EDGE_CURVE ( 'NONE', #2413, #333, #4904, .T. ) ;
#6465 = EDGE_LOOP ( 'NONE', ( #5073, #6037, #6540, #4133 ) ) ;
#6466 = CARTESIAN_POINT ( 'NONE',  ( -1.470000000000000195, 0.05000000000000002359, -0.8599999999999999867 ) ) ;
#6467 = CARTESIAN_POINT ( 'NONE',  ( -0.3599999999999806688, 0.1519999999999999962, 1.469999999999983320 ) ) ;
#6468 = EDGE_CURVE ( 'NONE', #529, #2728, #1962, .T. ) ;
#6469 = LINE ( 'NONE', #9451, #7082 ) ;
#6470 = DIRECTION ( 'NONE',  ( 0.000000000000000000, 1.000000000000000000, -0.000000000000000000 ) ) ;
#6471 = VECTOR ( 'NONE', #3597, 1000.000000000000000 ) ;
#6472 = LINE ( 'NONE', #5006, #5160 ) ;
#6473 = ORIENTED_EDGE ( 'NONE', *, *, #590, .T. ) ;
#6474 = DIRECTION ( 'NONE',  ( 0.000000000000000000, 0.000000000000000000, -1.000000000000000000 ) ) ;
#6475 = LINE ( 'NONE', #445, #551 ) ;
#6476 =( GEOMETRIC_REPRESENTATION_CONTEXT ( 3 ) GLOBAL_UNCERTAINTY_ASSIGNED_CONTEXT ( ( #3329 ) ) GLOBAL_UNIT_ASSIGNED_CONTEXT ( ( #533, #3338, #1850 ) ) REPRESENTATION_CONTEXT ( 'NONE', 'WORKASPACE' ) );
#6477 = VERTEX_POINT ( 'NONE', #1812 ) ;
#6478 = CARTESIAN_POINT ( 'NONE',  ( -1.470000000000000195, 0.1519999999999999962, -0.6250000000000000000 ) ) ;
#6479 = PLANE ( 'NONE',  #5656 ) ;
#6480 = ADVANCED_FACE ( 'NONE', ( #9400 ), #4125, .T. ) ;
#6481 = CARTESIAN_POINT ( 'NONE',  ( 1.470000000000002416, 0.1519999999999999962, 0.1399999999999691769 ) ) ;
#6482 = CARTESIAN_POINT ( 'NONE',  ( -0.1249999999999957256, 0.1519999999999999962, -1.224999999999989875 ) ) ;
#6483 = CARTESIAN_POINT ( 'NONE',  ( -0.000000000000000000, 0.05000000000000002359, 1.469999999999972662 ) ) ;
#6484 = VECTOR ( 'NONE', #8686, 1000.000000000000000 ) ;
#6485 = EDGE_CURVE ( 'NONE', #1586, #704, #3496, .T. ) ;
#6486 = EDGE_LOOP ( 'NONE', ( #669, #9177, #6956, #2397 ) ) ;
#6487 = VERTEX_POINT ( 'NONE', #6466 ) ;
#6488 = DIRECTION ( 'NONE',  ( 1.000000000000000000, -0.000000000000000000, -0.000000000000000000 ) ) ;
#6489 = EDGE_LOOP ( 'NONE', ( #5331, #9601, #3491, #3264 ) ) ;
#6490 = ORIENTED_EDGE ( 'NONE', *, *, #6841, .F. ) ;
#6491 = FACE_OUTER_BOUND ( 'NONE', #5937, .T. ) ;
#6492 = DIRECTION ( 'NONE',  ( 1.000000000000000000, 0.000000000000000000, 3.097720492815727461E-15 ) ) ;
#6493 = SURFACE_SIDE_STYLE ('',( #7767 ) ) ;
#6494 = FILL_AREA_STYLE_COLOUR ( '', #5236 ) ;
#6495 = CARTESIAN_POINT ( 'NONE',  ( -0.3750000000000288103, 0.1519999999999999962, 1.224999999999990763 ) ) ;
#6496 = AXIS2_PLACEMENT_3D ( 'NONE', #286, #9497, #2693 ) ;
#6497 = VECTOR ( 'NONE', #8936, 1000.000000000000000 ) ;
#6498 = DIRECTION ( 'NONE',  ( 0.000000000000000000, 0.000000000000000000, -1.000000000000000000 ) ) ;
#6499 = EDGE_CURVE ( 'NONE', #8593, #9596, #7886, .T. ) ;
#6500 = VERTEX_POINT ( 'NONE', #4809 ) ;
#6501 = VERTEX_POINT ( 'NONE', #9448 ) ;
#6502 = DIRECTION ( 'NONE',  ( -0.000000000000000000, -1.000000000000000000, -0.000000000000000000 ) ) ;
#6503 = VECTOR ( 'NONE', #2892, 1000.000000000000000 ) ;
#6504 = EDGE_LOOP ( 'NONE', ( #3038, #6072, #620, #8069 ) ) ;
#6505 = ORIENTED_EDGE ( 'NONE', *, *, #3626, .T. ) ;
#6506 = FACE_OUTER_BOUND ( 'NONE', #7807, .T. ) ;
#6507 = VERTEX_POINT ( 'NONE', #4032 ) ;
#6508 = DIRECTION ( 'NONE',  ( 0.000000000000000000, 0.000000000000000000, 1.000000000000000000 ) ) ;
#6509 = SURFACE_STYLE_USAGE ( .BOTH. , #5716 ) ;
#6510 = CARTESIAN_POINT ( 'NONE',  ( -1.225000000000000089, 0.1519999999999999962, -0.8749999999999998890 ) ) ;
#6511 = VERTEX_POINT ( 'NONE', #5725 ) ;
#6512 = AXIS2_PLACEMENT_3D ( 'NONE', #5416, #1783, #1736 ) ;
#6513 = CARTESIAN_POINT ( 'NONE',  ( 0.1400000000000053701, 0.1519999999999999962, -1.499999999999994449 ) ) ;
#6514 = PLANE ( 'NONE',  #9634 ) ;
#6515 = VERTEX_POINT ( 'NONE', #9258 ) ;
#6516 = CARTESIAN_POINT ( 'NONE',  ( 1.469999999999997087, 0.05000000000000002359, -0.1400000000000309053 ) ) ;
#6517 = CARTESIAN_POINT ( 'NONE',  ( 1.469999999999997087, 0.000000000000000000, -0.3750000000000308642 ) ) ;
#6518 = EDGE_CURVE ( 'NONE', #1375, #5382, #1070, .T. ) ;
#6519 = EDGE_CURVE ( 'NONE', #5904, #5613, #2600, .T. ) ;
#6520 = DIRECTION ( 'NONE',  ( 7.228014483236677820E-15, 0.000000000000000000, 1.000000000000000000 ) ) ;
#6521 = DIRECTION ( 'NONE',  ( -0.000000000000000000, -1.000000000000000000, -0.000000000000000000 ) ) ;
#6522 = ORIENTED_EDGE ( 'NONE', *, *, #7058, .T. ) ;
#6523 =( NAMED_UNIT ( * ) SI_UNIT ( $, .STERADIAN. ) SOLID_ANGLE_UNIT ( ) );
#6524 = CARTESIAN_POINT ( 'NONE',  ( 1.470000000000002416, 0.1519999999999999962, 0.3749999999999691358 ) ) ;
#6525 = VERTEX_POINT ( 'NONE', #290 ) ;
#6526 = LINE ( 'NONE', #4480, #711 ) ;
#6527 = DIRECTION ( 'NONE',  ( -1.000000000000000000, 0.000000000000000000, 6.637972484605129570E-16 ) ) ;
#6528 = CARTESIAN_POINT ( 'NONE',  ( 1.469999999999991980, 0.000000000000000000, -0.8600000000000308509 ) ) ;
#6529 = LINE ( 'NONE', #1483, #781 ) ;
#6530 = DIRECTION ( 'NONE',  ( 3.614007241618338910E-15, 0.000000000000000000, -1.000000000000000000 ) ) ;
#6531 = EDGE_CURVE ( 'NONE', #7463, #8593, #1118, .T. ) ;
#6532 = ORIENTED_EDGE ( 'NONE', *, *, #5689, .T. ) ;
#6533 = ORIENTED_EDGE ( 'NONE', *, *, #4753, .F. ) ;
#6534 = DIRECTION ( 'NONE',  ( 0.000000000000000000, -1.000000000000000000, 0.000000000000000000 ) ) ;
#6535 = ORIENTED_EDGE ( 'NONE', *, *, #146, .T. ) ;
#6536 = DIRECTION ( 'NONE',  ( -0.000000000000000000, -0.000000000000000000, -1.000000000000000000 ) ) ;
#6537 = CARTESIAN_POINT ( 'NONE',  ( 1.469999999999997087, 0.05000000000000002359, -0.3750000000000308642 ) ) ;
#6538 = DIRECTION ( 'NONE',  ( -0.000000000000000000, -1.000000000000000000, -0.000000000000000000 ) ) ;
#6539 = LINE ( 'NONE', #3527, #7818 ) ;
#6540 = ORIENTED_EDGE ( 'NONE', *, *, #6635, .F. ) ;
#6541 = ORIENTED_EDGE ( 'NONE', *, *, #6811, .F. ) ;
#6542 = CARTESIAN_POINT ( 'NONE',  ( -0.1249999999999957256, 0.05000000000000002359, -1.224999999999989875 ) ) ;
#6543 = ORIENTED_EDGE ( 'NONE', *, *, #3067, .F. ) ;
#6544 = EDGE_LOOP ( 'NONE', ( #8271, #4998, #2173, #6063 ) ) ;
#6545 = CARTESIAN_POINT ( 'NONE',  ( -0.8749999999999807931, 0.1519999999999999962, 1.469999999999988649 ) ) ;
#6546 = ORIENTED_EDGE ( 'NONE', *, *, #1832, .T. ) ;
#6547 = LINE ( 'NONE', #3536, #8813 ) ;
#6548 = DIRECTION ( 'NONE',  ( 0.000000000000000000, -1.000000000000000000, 0.000000000000000000 ) ) ;
#6549 = LINE ( 'NONE', #2005, #2185 ) ;
#6550 = VECTOR ( 'NONE', #8199, 1000.000000000000000 ) ;
#6551 = AXIS2_PLACEMENT_3D ( 'NONE', #6798, #2899, #6061 ) ;
#6552 = EDGE_CURVE ( 'NONE', #8847, #3372, #4857, .T. ) ;
#6553 = EDGE_CURVE ( 'NONE', #905, #9589, #6262, .T. ) ;
#6554 = VERTEX_POINT ( 'NONE', #6368 ) ;
#6555 = CARTESIAN_POINT ( 'NONE',  ( -0.8599999999999807798, 0.1519999999999999962, 1.469999999999988649 ) ) ;
#6556 = DIRECTION ( 'NONE',  ( 3.614007241618338910E-15, 0.000000000000000000, -1.000000000000000000 ) ) ;
#6557 = ORIENTED_EDGE ( 'NONE', *, *, #522, .F. ) ;
#6558 = DIRECTION ( 'NONE',  ( 1.307680579467250963E-13, -0.000000000000000000, 1.000000000000000000 ) ) ;
#6559 = CARTESIAN_POINT ( 'NONE',  ( -0.000000000000000000, 0.05000000000000002359, -1.469999999999987317 ) ) ;
#6560 = CARTESIAN_POINT ( 'NONE',  ( 1.470000000000002416, 0.1519999999999999962, 0.3599999999999691225 ) ) ;
#6561 = SURFACE_SIDE_STYLE ('',( #2553 ) ) ;
#6562 = CARTESIAN_POINT ( 'NONE',  ( -0.7500000000000127676, 0.1519999999999999962, 1.224999999999992095 ) ) ;
#6563 = VERTEX_POINT ( 'NONE', #2698 ) ;
#6564 = VECTOR ( 'NONE', #368, 1000.000000000000000 ) ;
#6565 = VECTOR ( 'NONE', #2283, 1000.000000000000000 ) ;
#6566 = FILL_AREA_STYLE ('',( #2162 ) ) ;
#6567 = LINE ( 'NONE', #4283, #8681 ) ;
#6568 = EDGE_CURVE ( 'NONE', #3198, #3171, #338, .T. ) ;
#6569 = EDGE_CURVE ( 'NONE', #9257, #2991, #5629, .T. ) ;
#6570 = ORIENTED_EDGE ( 'NONE', *, *, #9285, .F. ) ;
#6571 = FACE_OUTER_BOUND ( 'NONE', #3175, .T. ) ;
#6572 = AXIS2_PLACEMENT_3D ( 'NONE', #5118, #604, #8099 ) ;
#6573 = DIRECTION ( 'NONE',  ( 1.000000000000000000, 0.000000000000000000, 0.000000000000000000 ) ) ;
#6574 = VECTOR ( 'NONE', #8052, 1000.000000000000000 ) ;
#6575 = CARTESIAN_POINT ( 'NONE',  ( -0.3749999999999806821, 0.000000000000000000, 1.469999999999983320 ) ) ;
#6576 = CARTESIAN_POINT ( 'NONE',  ( 1.469999999999997087, 0.1519999999999999962, -0.3750000000000308642 ) ) ;
#6577 = DIRECTION ( 'NONE',  ( 0.000000000000000000, 0.000000000000000000, -1.000000000000000000 ) ) ;
#6578 = COLOUR_RGB ( '',0.7921568627450980005, 0.8196078431372548767, 0.9333333333333333481 ) ;
#6579 = ORIENTED_EDGE ( 'NONE', *, *, #6139, .F. ) ;
#6580 = ORIENTED_EDGE ( 'NONE', *, *, #1366, .T. ) ;
#6581 = FACE_OUTER_BOUND ( 'NONE', #3066, .T. ) ;
#6582 = EDGE_CURVE ( 'NONE', #1687, #9476, #7145, .T. ) ;
#6583 = EDGE_LOOP ( 'NONE', ( #9443, #7969, #9641, #3359, #7663, #3091, #2673, #9652, #1190 ) ) ;
#6584 = LINE ( 'NONE', #5747, #4569 ) ;
#6585 = VECTOR ( 'NONE', #9190, 1000.000000000000000 ) ;
#6586 = CARTESIAN_POINT ( 'NONE',  ( 0.6400000000000053424, 0.05000000000000002359, -1.499999999999997780 ) ) ;
#6587 = EDGE_CURVE ( 'NONE', #5063, #36, #7441, .T. ) ;
#6588 =( NAMED_UNIT ( * ) PLANE_ANGLE_UNIT ( ) SI_UNIT ( $, .RADIAN. ) );
#6589 = DIRECTION ( 'NONE',  ( 0.000000000000000000, 0.000000000000000000, -1.000000000000000000 ) ) ;
#6590 = DIRECTION ( 'NONE',  ( -1.000000000000000000, 0.000000000000000000, 0.000000000000000000 ) ) ;
#6591 = VECTOR ( 'NONE', #1612, 1000.000000000000000 ) ;
#6592 = ORIENTED_EDGE ( 'NONE', *, *, #4561, .F. ) ;
#6593 = ORIENTED_EDGE ( 'NONE', *, *, #9696, .T. ) ;
#6594 = DIRECTION ( 'NONE',  ( 0.000000000000000000, -0.000000000000000000, -1.000000000000000000 ) ) ;
#6595 = ORIENTED_EDGE ( 'NONE', *, *, #1863, .F. ) ;
#6596 = VERTEX_POINT ( 'NONE', #3593 ) ;
#6597 = DIRECTION ( 'NONE',  ( 7.228014483236677820E-15, 0.000000000000000000, 1.000000000000000000 ) ) ;
#6598 = ORIENTED_EDGE ( 'NONE', *, *, #4373, .F. ) ;
#6599 = DIRECTION ( 'NONE',  ( 1.000000000000000000, 0.000000000000000000, -0.000000000000000000 ) ) ;
#6600 = EDGE_CURVE ( 'NONE', #4781, #256, #5053, .T. ) ;
#6601 = CARTESIAN_POINT ( 'NONE',  ( 0.1400000000000053701, 0.1519999999999999962, -1.499999999999994449 ) ) ;
#6602 = PLANE ( 'NONE',  #7184 ) ;
#6603 = AXIS2_PLACEMENT_3D ( 'NONE', #8284, #5394, #195 ) ;
#6604 = ORIENTED_EDGE ( 'NONE', *, *, #1390, .T. ) ;
#6605 = DIRECTION ( 'NONE',  ( 0.000000000000000000, 0.000000000000000000, -1.000000000000000000 ) ) ;
#6606 = CARTESIAN_POINT ( 'NONE',  ( 0.1400000000000193312, 0.05000000000000002359, -0.000000000000000000 ) ) ;
#6607 = AXIS2_PLACEMENT_3D ( 'NONE', #4460, #1361, #6599 ) ;
#6608 = EDGE_LOOP ( 'NONE', ( #4370, #4976, #4950, #2548 ) ) ;
#6609 = EDGE_CURVE ( 'NONE', #3335, #5412, #7370, .T. ) ;
#6610 = CARTESIAN_POINT ( 'NONE',  ( 1.499999999999992006, 0.1519999999999999962, -0.8600000000000308509 ) ) ;
#6611 = LINE ( 'NONE', #8771, #2391 ) ;
#6612 = CARTESIAN_POINT ( 'NONE',  ( -1.469999999999989759, 0.1519999999999999962, 0.1400000000000000411 ) ) ;
#6613 = CARTESIAN_POINT ( 'NONE',  ( -0.8749999999999955591, 0.1519999999999999962, -1.224999999999987432 ) ) ;
#6614 = ORIENTED_EDGE ( 'NONE', *, *, #8336, .F. ) ;
#6615 = CARTESIAN_POINT ( 'NONE',  ( 0.1250000000000193456, 0.05000000000000002359, 1.224999999999978106 ) ) ;
#6616 = FACE_OUTER_BOUND ( 'NONE', #8250, .T. ) ;
#6617 = ADVANCED_FACE ( 'NONE', ( #3695 ), #8037, .F. ) ;
#6618 = ORIENTED_EDGE ( 'NONE', *, *, #3869, .T. ) ;
#6619 = FACE_OUTER_BOUND ( 'NONE', #2379, .T. ) ;
#6620 = VECTOR ( 'NONE', #7395, 1000.000000000000000 ) ;
#6621 = CARTESIAN_POINT ( 'NONE',  ( 0.1250000000000044964, 0.05000000000000002359, -1.224999999999994316 ) ) ;
#6622 = EDGE_CURVE ( 'NONE', #5097, #1984, #1371, .T. ) ;
#6623 = EDGE_CURVE ( 'NONE', #6010, #1894, #5194, .T. ) ;
#6624 = DIRECTION ( 'NONE',  ( 0.000000000000000000, 0.000000000000000000, 1.000000000000000000 ) ) ;
#6625 = LINE ( 'NONE', #9622, #5015 ) ;
#6626 = DIRECTION ( 'NONE',  ( -1.000000000000000000, 0.000000000000000000, -0.000000000000000000 ) ) ;
#6627 = ORIENTED_EDGE ( 'NONE', *, *, #589, .T. ) ;
#6628 = ORIENTED_EDGE ( 'NONE', *, *, #3326, .F. ) ;
#6629 = CARTESIAN_POINT ( 'NONE',  ( -1.469999999999994866, 0.1519999999999999962, -0.1250000000000000000 ) ) ;
#6630 = VERTEX_POINT ( 'NONE', #6516 ) ;
#6631 = CYLINDRICAL_SURFACE ( 'NONE', #3319, 0.1249999999999998890 ) ;
#6632 = ORIENTED_EDGE ( 'NONE', *, *, #8972, .F. ) ;
#6633 = CARTESIAN_POINT ( 'NONE',  ( -0.8599999999999947686, 0.1519999999999999962, -1.469999999999987317 ) ) ;
#6634 = DIRECTION ( 'NONE',  ( 8.850629979473505765E-16, 0.000000000000000000, -1.000000000000000000 ) ) ;
#6635 = EDGE_CURVE ( 'NONE', #6397, #1735, #3643, .T. ) ;
#6636 = EDGE_CURVE ( 'NONE', #4940, #1339, #3740, .T. ) ;
#6637 = DIRECTION ( 'NONE',  ( 1.000000000000000000, 0.000000000000000000, -0.000000000000000000 ) ) ;
#6638 = CARTESIAN_POINT ( 'NONE',  ( 1.470000000000007523, 0.1519999999999999962, 0.8599999999999691225 ) ) ;
#6639 = VECTOR ( 'NONE', #6954, 1000.000000000000000 ) ;
#6640 = UNCERTAINTY_MEASURE_WITH_UNIT (LENGTH_MEASURE( 1.000000000000000082E-05 ), #4666, 'distance_accuracy_value', 'NONE');
#6641 = EDGE_LOOP ( 'NONE', ( #531, #8207, #6078, #906 ) ) ;
#6642 = ORIENTED_EDGE ( 'NONE', *, *, #883, .T. ) ;
#6643 = DIRECTION ( 'NONE',  ( -1.000000000000000000, 0.000000000000000000, 0.000000000000000000 ) ) ;
#6644 = VERTEX_POINT ( 'NONE', #2896 ) ;
#6645 = ORIENTED_EDGE ( 'NONE', *, *, #7870, .T. ) ;
#6646 = FILL_AREA_STYLE ('',( #2336 ) ) ;
#6647 = ORIENTED_EDGE ( 'NONE', *, *, #7229, .F. ) ;
#6648 = AXIS2_PLACEMENT_3D ( 'NONE', #596, #8678, #5832 ) ;
#6649 = DIRECTION ( 'NONE',  ( -0.000000000000000000, -1.000000000000000000, -0.000000000000000000 ) ) ;
#6650 = DIRECTION ( 'NONE',  ( 0.000000000000000000, 1.000000000000000000, -0.000000000000000000 ) ) ;
#6651 = DIRECTION ( 'NONE',  ( 0.000000000000000000, 0.000000000000000000, 1.000000000000000000 ) ) ;
#6652 = VERTEX_POINT ( 'NONE', #2943 ) ;
#6653 = AXIS2_PLACEMENT_3D ( 'NONE', #7724, #6198, #2444 ) ;
#6654 = VECTOR ( 'NONE', #8492, 1000.000000000000000 ) ;
#6655 = CARTESIAN_POINT ( 'NONE',  ( -1.470000000000000195, 0.05000000000000002359, -0.8750000000000000000 ) ) ;
#6656 = ADVANCED_FACE ( 'NONE', ( #685 ), #5916, .T. ) ;
#6657 = ORIENTED_EDGE ( 'NONE', *, *, #2324, .F. ) ;
#6658 = DIRECTION ( 'NONE',  ( -7.228014483236677820E-15, 0.000000000000000000, -1.000000000000000000 ) ) ;
#6659 = LINE ( 'NONE', #1321, #1452 ) ;
#6660 = LINE ( 'NONE', #5197, #5072 ) ;
#6661 = DIRECTION ( 'NONE',  ( -0.000000000000000000, -1.000000000000000000, -0.000000000000000000 ) ) ;
#6662 = VERTEX_POINT ( 'NONE', #2846 ) ;
#6663 = DIRECTION ( 'NONE',  ( -0.000000000000000000, 0.000000000000000000, -1.000000000000000000 ) ) ;
#6664 = FACE_OUTER_BOUND ( 'NONE', #2033, .T. ) ;
#6665 = VECTOR ( 'NONE', #659, 1000.000000000000000 ) ;
#6666 = ORIENTED_EDGE ( 'NONE', *, *, #8136, .T. ) ;
#6667 = LINE ( 'NONE', #9662, #863 ) ;
#6668 = DIRECTION ( 'NONE',  ( 0.000000000000000000, -0.000000000000000000, -1.000000000000000000 ) ) ;
#6669 = DIRECTION ( 'NONE',  ( 0.000000000000000000, -1.000000000000000000, 0.000000000000000000 ) ) ;
#6670 = ADVANCED_FACE ( 'NONE', ( #5825 ), #8183, .F. ) ;
#6671 = DIRECTION ( 'NONE',  ( -4.425314989736752882E-16, 0.000000000000000000, -1.000000000000000000 ) ) ;
#6672 = CARTESIAN_POINT ( 'NONE',  ( 0.3600000000000192490, 0.1519999999999999962, 1.499999999999978240 ) ) ;
#6673 = EDGE_CURVE ( 'NONE', #7743, #7326, #8822, .T. ) ;
#6674 = ORIENTED_EDGE ( 'NONE', *, *, #6587, .T. ) ;
#6675 = VERTEX_POINT ( 'NONE', #9501 ) ;
#6676 = CARTESIAN_POINT ( 'NONE',  ( -1.499999999999984679, 0.1519999999999999962, 0.6400000000000000133 ) ) ;
#6677 = ORIENTED_EDGE ( 'NONE', *, *, #1819, .F. ) ;
#6678 = FACE_OUTER_BOUND ( 'NONE', #4147, .T. ) ;
#6679 = ORIENTED_EDGE ( 'NONE', *, *, #8710, .T. ) ;
#6680 = CARTESIAN_POINT ( 'NONE',  ( 0.1400000000000193312, 0.05000000000000002359, 1.499999999999978240 ) ) ;
#6681 = PLANE ( 'NONE',  #4217 ) ;
#6682 = DIRECTION ( 'NONE',  ( 0.000000000000000000, 1.000000000000000000, 0.000000000000000000 ) ) ;
#6683 = DIRECTION ( 'NONE',  ( 0.000000000000000000, -1.000000000000000000, 0.000000000000000000 ) ) ;
#6684 = EDGE_CURVE ( 'NONE', #8733, #8356, #1468, .T. ) ;
#6685 = ORIENTED_EDGE ( 'NONE', *, *, #5791, .F. ) ;
#6686 = VERTEX_POINT ( 'NONE', #8872 ) ;
#6687 = EDGE_CURVE ( 'NONE', #6826, #2083, #7340, .T. ) ;
#6688 = CARTESIAN_POINT ( 'NONE',  ( -1.200000000000000400, 0.7500000000000000000, -1.200000000000000178 ) ) ;
#6689 = EDGE_CURVE ( 'NONE', #4656, #6970, #1583, .T. ) ;
#6690 = ORIENTED_EDGE ( 'NONE', *, *, #1886, .T. ) ;
#6691 = ORIENTED_EDGE ( 'NONE', *, *, #8642, .T. ) ;
#6692 = CARTESIAN_POINT ( 'NONE',  ( -1.500000000000000222, 0.1519999999999999962, -0.8599999999999999867 ) ) ;
#6693 = DIRECTION ( 'NONE',  ( 1.000000000000000000, -0.000000000000000000, 3.097720492815727461E-15 ) ) ;
#6694 = FACE_OUTER_BOUND ( 'NONE', #5695, .T. ) ;
#6695 = DIRECTION ( 'NONE',  ( 1.000000000000000000, 0.000000000000000000, -0.000000000000000000 ) ) ;
#6696 = AXIS2_PLACEMENT_3D ( 'NONE', #2781, #2834, #6597 ) ;
#6697 = DIRECTION ( 'NONE',  ( 0.000000000000000000, 0.000000000000000000, -1.000000000000000000 ) ) ;
#6698 = ORIENTED_EDGE ( 'NONE', *, *, #4326, .T. ) ;
#6699 = CARTESIAN_POINT ( 'NONE',  ( 0.1400000000000193312, 0.1519999999999999962, 1.469999999999977991 ) ) ;
#6700 = EDGE_CURVE ( 'NONE', #3256, #2890, #8133, .T. ) ;
#6701 = CARTESIAN_POINT ( 'NONE',  ( -1.224999999999984546, 0.1519999999999999962, 0.6250000000000001110 ) ) ;
#6702 = CARTESIAN_POINT ( 'NONE',  ( -1.469999999999984652, 0.000000000000000000, 0.6250000000000000000 ) ) ;
#6703 = CARTESIAN_POINT ( 'NONE',  ( -1.469999999999989759, 0.1519999999999999962, 0.1250000000000000000 ) ) ;
#6704 = EDGE_CURVE ( 'NONE', #5999, #6734, #4420, .T. ) ;
#6705 = ORIENTED_EDGE ( 'NONE', *, *, #2486, .F. ) ;
#6706 = SURFACE_SIDE_STYLE ('',( #4426 ) ) ;
#6707 = DIRECTION ( 'NONE',  ( -1.000000000000000000, 0.000000000000000000, 0.000000000000000000 ) ) ;
#6708 = VECTOR ( 'NONE', #6100, 1000.000000000000000 ) ;
#6709 = VECTOR ( 'NONE', #3550, 1000.000000000000000 ) ;
#6710 = ORIENTED_EDGE ( 'NONE', *, *, #6745, .T. ) ;
#6711 = CARTESIAN_POINT ( 'NONE',  ( -0.000000000000000000, 0.05000000000000002359, -1.469999999999989981 ) ) ;
#6712 = DIRECTION ( 'NONE',  ( -0.000000000000000000, 0.000000000000000000, 1.000000000000000000 ) ) ;
#6713 = VECTOR ( 'NONE', #4586, 1000.000000000000000 ) ;
#6714 = VECTOR ( 'NONE', #679, 1000.000000000000000 ) ;
#6715 = LINE ( 'NONE', #5931, #9073 ) ;
#6716 = FACE_OUTER_BOUND ( 'NONE', #4251, .T. ) ;
#6717 = CARTESIAN_POINT ( 'NONE',  ( 0.1400000000000193312, 0.1519999999999999962, 1.499999999999978240 ) ) ;
#6718 = AXIS2_PLACEMENT_3D ( 'NONE', #1450, #5853, #5947 ) ;
#6719 = AXIS2_PLACEMENT_3D ( 'NONE', #4883, #4204, #1839 ) ;
#6720 = ORIENTED_EDGE ( 'NONE', *, *, #7772, .F. ) ;
#6721 = VERTEX_POINT ( 'NONE', #2254 ) ;
#6722 = DIRECTION ( 'NONE',  ( 1.000000000000000000, 0.000000000000000000, 0.000000000000000000 ) ) ;
#6723 = ORIENTED_EDGE ( 'NONE', *, *, #2999, .T. ) ;
#6724 = DIRECTION ( 'NONE',  ( 3.614007241618338910E-15, 0.000000000000000000, -1.000000000000000000 ) ) ;
#6725 = EDGE_CURVE ( 'NONE', #3873, #2492, #7987, .T. ) ;
#6726 = EDGE_CURVE ( 'NONE', #718, #5800, #4660, .T. ) ;
#6727 = ORIENTED_EDGE ( 'NONE', *, *, #1129, .F. ) ;
#6728 = LINE ( 'NONE', #8432, #4759 ) ;
#6729 =( NAMED_UNIT ( * ) SI_UNIT ( $, .STERADIAN. ) SOLID_ANGLE_UNIT ( ) );
#6730 = CARTESIAN_POINT ( 'NONE',  ( -0.6399999999999947953, 0.1519999999999999962, -1.469999999999986429 ) ) ;
#6731 = VECTOR ( 'NONE', #2017, 1000.000000000000000 ) ;
#6732 = DIRECTION ( 'NONE',  ( -1.000000000000000000, -0.000000000000000000, -4.425314989736752882E-16 ) ) ;
#6733 = VERTEX_POINT ( 'NONE', #7583 ) ;
#6734 = VERTEX_POINT ( 'NONE', #7629 ) ;
#6735 = DIRECTION ( 'NONE',  ( 1.000000000000000000, 0.000000000000000000, 0.000000000000000000 ) ) ;
#6736 = AXIS2_PLACEMENT_3D ( 'NONE', #2115, #5152, #3601 ) ;
#6737 = ORIENTED_EDGE ( 'NONE', *, *, #5814, .F. ) ;
#6738 = ORIENTED_EDGE ( 'NONE', *, *, #7725, .F. ) ;
#6739 = CARTESIAN_POINT ( 'NONE',  ( -1.470000000000000195, 0.05000000000000002359, 0.000000000000000000 ) ) ;
#6740 = EDGE_CURVE ( 'NONE', #6384, #2852, #7538, .T. ) ;
#6741 = CARTESIAN_POINT ( 'NONE',  ( 0.6250000000000044409, 0.000000000000000000, -1.224999999999997868 ) ) ;
#6742 = DIRECTION ( 'NONE',  ( 1.000000000000000000, -0.000000000000000000, 0.000000000000000000 ) ) ;
#6743 = EDGE_CURVE ( 'NONE', #6923, #3632, #3924, .T. ) ;
#6744 = DIRECTION ( 'NONE',  ( 1.000000000000000000, 0.000000000000000000, -1.307680579467250963E-13 ) ) ;
#6745 = EDGE_CURVE ( 'NONE', #8074, #2413, #6837, .T. ) ;
#6746 = EDGE_CURVE ( 'NONE', #6232, #7894, #4559, .T. ) ;
#6747 = VECTOR ( 'NONE', #6658, 1000.000000000000000 ) ;
#6748 = EDGE_LOOP ( 'NONE', ( #1882, #5084, #9685, #4404 ) ) ;
#6749 = DIRECTION ( 'NONE',  ( 1.000000000000000000, 0.000000000000000000, 0.000000000000000000 ) ) ;
#6750 = ORIENTED_EDGE ( 'NONE', *, *, #9093, .F. ) ;
#6751 = DIRECTION ( 'NONE',  ( 1.000000000000000000, 0.000000000000000000, 0.000000000000000000 ) ) ;
#6752 = ORIENTED_EDGE ( 'NONE', *, *, #1863, .T. ) ;
#6753 = CARTESIAN_POINT ( 'NONE',  ( 1.470000000000002416, 0.1519999999999999962, 0.3599999999999691225 ) ) ;
#6754 = CARTESIAN_POINT ( 'NONE',  ( 5.531643737170679177E-16, 0.05000000000000002359, 0.6249999999999704681 ) ) ;
#6755 = CARTESIAN_POINT ( 'NONE',  ( -1.470000000000000195, 0.1519999999999999962, -0.8599999999999999867 ) ) ;
#6756 = VERTEX_POINT ( 'NONE', #7488 ) ;
#6757 = SURFACE_SIDE_STYLE ('',( #3243 ) ) ;
#6758 = CARTESIAN_POINT ( 'NONE',  ( -1.470000000000000195, 0.1519999999999999962, -0.8599999999999999867 ) ) ;
#6759 = EDGE_CURVE ( 'NONE', #9293, #736, #6152, .T. ) ;
#6760 = VECTOR ( 'NONE', #3561, 1000.000000000000000 ) ;
#6761 = CARTESIAN_POINT ( 'NONE',  ( -0.1399999999999807510, 0.1519999999999999962, 1.469999999999983320 ) ) ;
#6762 = LINE ( 'NONE', #54, #9107 ) ;
#6763 = DIRECTION ( 'NONE',  ( 0.000000000000000000, 0.000000000000000000, 1.000000000000000000 ) ) ;
#6764 = DIRECTION ( 'NONE',  ( 0.000000000000000000, -1.000000000000000000, 0.000000000000000000 ) ) ;
#6765 = CARTESIAN_POINT ( 'NONE',  ( 1.470000000000007523, 0.1519999999999999962, 0.6249999999999691358 ) ) ;
#6766 = AXIS2_PLACEMENT_3D ( 'NONE', #4447, #8848, #1245 ) ;
#6767 = ORIENTED_EDGE ( 'NONE', *, *, #5020, .F. ) ;
#6768 = CARTESIAN_POINT ( 'NONE',  ( 1.224999999999997202, 0.000000000000000000, -0.3750000000000307532 ) ) ;
#6769 = EDGE_CURVE ( 'NONE', #3748, #6904, #2302, .T. ) ;
#6770 = ORIENTED_EDGE ( 'NONE', *, *, #2804, .F. ) ;
#6771 = DIRECTION ( 'NONE',  ( 0.000000000000000000, 0.000000000000000000, 1.000000000000000000 ) ) ;
#6772 = ORIENTED_EDGE ( 'NONE', *, *, #7813, .T. ) ;
#6773 = DIRECTION ( 'NONE',  ( 0.000000000000000000, 0.000000000000000000, -1.000000000000000000 ) ) ;
#6774 = FACE_OUTER_BOUND ( 'NONE', #9421, .T. ) ;
#6775 = AXIS2_PLACEMENT_3D ( 'NONE', #8626, #1966, #7098 ) ;
#6776 = DIRECTION ( 'NONE',  ( 1.000000000000000000, 0.000000000000000000, -0.000000000000000000 ) ) ;
#6777 = ADVANCED_FACE ( 'NONE', ( #9152 ), #1515, .T. ) ;
#6778 = VERTEX_POINT ( 'NONE', #2447 ) ;
#6779 = ORIENTED_EDGE ( 'NONE', *, *, #7157, .F. ) ;
#6780 = CARTESIAN_POINT ( 'NONE',  ( 1.469999999999997087, 0.1519999999999999962, -0.3750000000000308642 ) ) ;
#6781 = COLOUR_RGB ( '',0.7921568627450980005, 0.8196078431372548767, 0.9333333333333333481 ) ;
#6782 = ORIENTED_EDGE ( 'NONE', *, *, #8386, .F. ) ;
#6783 = VERTEX_POINT ( 'NONE', #5430 ) ;
#6784 =( NAMED_UNIT ( * ) SI_UNIT ( $, .STERADIAN. ) SOLID_ANGLE_UNIT ( ) );
#6785 = DIRECTION ( 'NONE',  ( 0.000000000000000000, 0.000000000000000000, -1.000000000000000000 ) ) ;
#6786 = CARTESIAN_POINT ( 'NONE',  ( 1.224999999999991873, 0.1519999999999999962, -0.7500000000000307532 ) ) ;
#6787 = CARTESIAN_POINT ( 'NONE',  ( 0.2500000000000192624, 0.000000000000000000, 1.224999999999978106 ) ) ;
#6788 = CARTESIAN_POINT ( 'NONE',  ( -0.1249999999999807099, 0.1519999999999999962, 1.469999999999983320 ) ) ;
#6789 = EDGE_CURVE ( 'NONE', #7034, #9522, #3039, .T. ) ;
#6790 = VERTEX_POINT ( 'NONE', #5240 ) ;
#6791 = LINE ( 'NONE', #2252, #3854 ) ;
#6792 = VECTOR ( 'NONE', #9121, 1000.000000000000000 ) ;
#6793 = ORIENTED_EDGE ( 'NONE', *, *, #6446, .F. ) ;
#6794 = CARTESIAN_POINT ( 'NONE',  ( -1.500000000000000222, 0.05000000000000002359, 1.500000000000000000 ) ) ;
#6795 = ORIENTED_EDGE ( 'NONE', *, *, #7036, .T. ) ;
#6796 = CARTESIAN_POINT ( 'NONE',  ( -1.499999999999984679, 0.1519999999999999962, 0.6400000000000000133 ) ) ;
#6797 = CARTESIAN_POINT ( 'NONE',  ( -1.469999999999984652, 0.1519999999999999962, 0.8750000000000000000 ) ) ;
#6798 = CARTESIAN_POINT ( 'NONE',  ( -1.200000000000000400, 0.7500000000000000000, -1.200000000000000178 ) ) ;
#6799 = ORIENTED_EDGE ( 'NONE', *, *, #3364, .T. ) ;
#6800 = VECTOR ( 'NONE', #6707, 1000.000000000000000 ) ;
#6801 = LINE ( 'NONE', #3048, #8064 ) ;
#6802 = CARTESIAN_POINT ( 'NONE',  ( -0.7500000000000127676, 0.05000000000000002359, 1.224999999999992095 ) ) ;
#6803 = ADVANCED_FACE ( 'NONE', ( #9052 ), #133, .F. ) ;
#6804 = AXIS2_PLACEMENT_3D ( 'NONE', #4902, #7142, #2008 ) ;
#6805 = CARTESIAN_POINT ( 'NONE',  ( 1.470000000000007523, 0.000000000000000000, 0.6399999999999691491 ) ) ;
#6806 = VECTOR ( 'NONE', #3998, 1000.000000000000000 ) ;
#6807 = CARTESIAN_POINT ( 'NONE',  ( -1.499999999999989786, 0.1519999999999999962, 0.1400000000000000411 ) ) ;
#6808 = DIRECTION ( 'NONE',  ( -3.614007241618338910E-15, 0.000000000000000000, 1.000000000000000000 ) ) ;
#6809 = DIRECTION ( 'NONE',  ( -1.000000000000000000, 0.000000000000000000, -0.000000000000000000 ) ) ;
#6810 = VECTOR ( 'NONE', #8503, 1000.000000000000000 ) ;
#6811 = EDGE_CURVE ( 'NONE', #3773, #5768, #1704, .T. ) ;
#6812 = ORIENTED_EDGE ( 'NONE', *, *, #8802, .F. ) ;
#6813 = LINE ( 'NONE', #156, #8533 ) ;
#6814 = EDGE_LOOP ( 'NONE', ( #2583, #9649, #8827, #621, #2429, #9158, #5963, #8679 ) ) ;
#6815 = CARTESIAN_POINT ( 'NONE',  ( -0.1249999999999947681, 0.1519999999999999962, -1.469999999999989981 ) ) ;
#6816 = ORIENTED_EDGE ( 'NONE', *, *, #2504, .T. ) ;
#6817 = EDGE_CURVE ( 'NONE', #4320, #4674, #773, .T. ) ;
#6818 = PRESENTATION_STYLE_ASSIGNMENT (( #848 ) ) ;
#6819 = DIRECTION ( 'NONE',  ( 0.000000000000000000, -0.000000000000000000, -1.000000000000000000 ) ) ;
#6820 = LINE ( 'NONE', #6083, #7022 ) ;
#6821 = VERTEX_POINT ( 'NONE', #7680 ) ;
#6822 = EDGE_CURVE ( 'NONE', #2991, #2466, #6107, .T. ) ;
#6823 = ORIENTED_EDGE ( 'NONE', *, *, #7869, .F. ) ;
#6824 = ORIENTED_EDGE ( 'NONE', *, *, #5205, .T. ) ;
#6825 = LINE ( 'NONE', #9136, #5260 ) ;
#6826 = VERTEX_POINT ( 'NONE', #233 ) ;
#6827 = ORIENTED_EDGE ( 'NONE', *, *, #9163, .F. ) ;
#6828 = CARTESIAN_POINT ( 'NONE',  ( 0.8600000000000052047, 0.1519999999999999962, -1.469999999999996865 ) ) ;
#6829 = LINE ( 'NONE', #7669, #3029 ) ;
#6830 = CARTESIAN_POINT ( 'NONE',  ( 1.224999999999991873, 0.000000000000000000, -0.7500000000000307532 ) ) ;
#6831 = DIRECTION ( 'NONE',  ( 0.000000000000000000, 0.000000000000000000, -1.000000000000000000 ) ) ;
#6832 = CARTESIAN_POINT ( 'NONE',  ( 1.469999999999991980, 0.1519999999999999962, -0.8750000000000308642 ) ) ;
#6833 = LINE ( 'NONE', #320, #2184 ) ;
#6834 = ORIENTED_EDGE ( 'NONE', *, *, #3266, .F. ) ;
#6835 = CARTESIAN_POINT ( 'NONE',  ( -1.469999999999984652, 0.1519999999999999962, 0.8599999999999999867 ) ) ;
#6836 = ORIENTED_EDGE ( 'NONE', *, *, #8270, .F. ) ;
#6837 = LINE ( 'NONE', #6936, #954 ) ;
#6838 = EDGE_LOOP ( 'NONE', ( #1870, #1531, #4567, #2020 ) ) ;
#6839 = DIRECTION ( 'NONE',  ( -1.000000000000000000, 0.000000000000000000, 0.000000000000000000 ) ) ;
#6840 = EDGE_CURVE ( 'NONE', #6894, #3381, #3236, .T. ) ;
#6841 = EDGE_CURVE ( 'NONE', #9682, #1662, #824, .T. ) ;
#6842 = FACE_OUTER_BOUND ( 'NONE', #5041, .T. ) ;
#6843 = CARTESIAN_POINT ( 'NONE',  ( 1.470000000000007523, 0.1519999999999999962, 0.8599999999999691225 ) ) ;
#6844 = AXIS2_PLACEMENT_3D ( 'NONE', #8075, #427, #7232 ) ;
#6845 = ORIENTED_EDGE ( 'NONE', *, *, #98, .F. ) ;
#6846 = LINE ( 'NONE', #2596, #5024 ) ;
#6847 = CARTESIAN_POINT ( 'NONE',  ( 0.3600000000000052047, 0.1519999999999999962, -1.469999999999993534 ) ) ;
#6848 = DIRECTION ( 'NONE',  ( -0.000000000000000000, -1.000000000000000000, -0.000000000000000000 ) ) ;
#6849 = CARTESIAN_POINT ( 'NONE',  ( -0.8749999999999807931, 0.05000000000000002359, 1.469999999999988649 ) ) ;
#6850 = LINE ( 'NONE', #934, #5299 ) ;
#6851 = ORIENTED_EDGE ( 'NONE', *, *, #98, .T. ) ;
#6852 = VECTOR ( 'NONE', #9118, 1000.000000000000000 ) ;
#6853 = AXIS2_PLACEMENT_3D ( 'NONE', #2850, #5828, #4909 ) ;
#6854 = CARTESIAN_POINT ( 'NONE',  ( -0.6399999999999947953, 0.1519999999999999962, -1.469999999999986429 ) ) ;
#6855 = LINE ( 'NONE', #153, #8055 ) ;
#6856 = EDGE_CURVE ( 'NONE', #4084, #4630, #968, .T. ) ;
#6857 = EDGE_LOOP ( 'NONE', ( #7116, #4207, #8216, #1242 ) ) ;
#6858 = DIRECTION ( 'NONE',  ( 0.000000000000000000, 0.000000000000000000, -1.000000000000000000 ) ) ;
#6859 = AXIS2_PLACEMENT_3D ( 'NONE', #6788, #7531, #8317 ) ;
#6860 = EDGE_LOOP ( 'NONE', ( #6130, #2489, #6685, #8128, #5275, #2156, #1750, #7379 ) ) ;
#6861 = CARTESIAN_POINT ( 'NONE',  ( 0.1400000000000052869, 0.1519999999999999962, -1.469999999999994422 ) ) ;
#6862 = AXIS2_PLACEMENT_3D ( 'NONE', #3962, #8316, #4793 ) ;
#6863 = EDGE_LOOP ( 'NONE', ( #6705, #8467, #8646, #6091 ) ) ;
#6864 = FACE_OUTER_BOUND ( 'NONE', #2225, .T. ) ;
#6865 = DIRECTION ( 'NONE',  ( 0.000000000000000000, -1.000000000000000000, 0.000000000000000000 ) ) ;
#6866 = CARTESIAN_POINT ( 'NONE',  ( 1.469999999999991980, 0.05000000000000002359, 0.000000000000000000 ) ) ;
#6867 = ORIENTED_EDGE ( 'NONE', *, *, #3646, .T. ) ;
#6868 = VECTOR ( 'NONE', #1100, 1000.000000000000000 ) ;
#6869 = VECTOR ( 'NONE', #9179, 1000.000000000000000 ) ;
#6870 = EDGE_CURVE ( 'NONE', #1735, #3826, #8322, .T. ) ;
#6871 = ORIENTED_EDGE ( 'NONE', *, *, #969, .T. ) ;
#6872 = ORIENTED_EDGE ( 'NONE', *, *, #4839, .T. ) ;
#6873 = CARTESIAN_POINT ( 'NONE',  ( 1.500000000000007550, 0.1519999999999999962, 0.8599999999999691225 ) ) ;
#6874 = ORIENTED_EDGE ( 'NONE', *, *, #2137, .T. ) ;
#6875 = EDGE_LOOP ( 'NONE', ( #1847, #8878, #478, #9474 ) ) ;
#6876 = CIRCLE ( 'NONE', #7029, 0.1249999999999998890 ) ;
#6877 = DIRECTION ( 'NONE',  ( -3.614007241618338910E-15, 0.000000000000000000, 1.000000000000000000 ) ) ;
#6878 = DIRECTION ( 'NONE',  ( -1.301042606982616933E-13, 0.000000000000000000, -1.000000000000000000 ) ) ;
#6879 = DIRECTION ( 'NONE',  ( -1.000000000000000000, -0.000000000000000000, -0.000000000000000000 ) ) ;
#6880 = DIRECTION ( 'NONE',  ( -0.000000000000000000, 1.000000000000000000, -0.000000000000000000 ) ) ;
#6881 = LINE ( 'NONE', #2582, #6708 ) ;
#6882 = AXIS2_PLACEMENT_3D ( 'NONE', #2853, #8092, #734 ) ;
#6883 = ORIENTED_EDGE ( 'NONE', *, *, #2944, .T. ) ;
#6884 = CARTESIAN_POINT ( 'NONE',  ( 0.3600000000000192490, 0.1519999999999999962, 1.469999999999977991 ) ) ;
#6885 = ORIENTED_EDGE ( 'NONE', *, *, #4126, .T. ) ;
#6886 = ORIENTED_EDGE ( 'NONE', *, *, #8291, .F. ) ;
#6887 = DIRECTION ( 'NONE',  ( -1.000000000000000000, 0.000000000000000000, -3.942553354492744616E-15 ) ) ;
#6888 = EDGE_CURVE ( 'NONE', #1645, #9184, #1013, .T. ) ;
#6889 = ORIENTED_EDGE ( 'NONE', *, *, #5979, .F. ) ;
#6890 = DIRECTION ( 'NONE',  ( -1.000000000000000000, 0.000000000000000000, 1.309893236962104487E-13 ) ) ;
#6891 = DIRECTION ( 'NONE',  ( -1.000000000000000000, -0.000000000000000000, -0.000000000000000000 ) ) ;
#6892 = LINE ( 'NONE', #3928, #452 ) ;
#6893 = AXIS2_PLACEMENT_3D ( 'NONE', #5103, #4469, #8769 ) ;
#6894 = VERTEX_POINT ( 'NONE', #5077 ) ;
#6895 = FACE_OUTER_BOUND ( 'NONE', #3145, .T. ) ;
#6896 = DIRECTION ( 'NONE',  ( 0.000000000000000000, 0.000000000000000000, -1.000000000000000000 ) ) ;
#6897 = EDGE_CURVE ( 'NONE', #2777, #9184, #1295, .T. ) ;
#6898 = AXIS2_PLACEMENT_3D ( 'NONE', #3896, #1681, #1774 ) ;
#6899 = ORIENTED_EDGE ( 'NONE', *, *, #9266, .T. ) ;
#6900 = LINE ( 'NONE', #6164, #8725 ) ;
#6901 = CARTESIAN_POINT ( 'NONE',  ( -0.000000000000000000, 0.05000000000000002359, 0.3599999999999999867 ) ) ;
#6902 = DIRECTION ( 'NONE',  ( 3.872150616019659031E-15, -0.000000000000000000, -1.000000000000000000 ) ) ;
#6903 = DIRECTION ( 'NONE',  ( -0.000000000000000000, -1.000000000000000000, -0.000000000000000000 ) ) ;
#6904 = VERTEX_POINT ( 'NONE', #8516 ) ;
#6905 = VECTOR ( 'NONE', #5442, 1000.000000000000000 ) ;
#6906 = CYLINDRICAL_SURFACE ( 'NONE', #1256, 0.1249999999999998890 ) ;
#6907 = DIRECTION ( 'NONE',  ( 0.000000000000000000, 0.000000000000000000, 1.000000000000000000 ) ) ;
#6908 = EDGE_CURVE ( 'NONE', #2890, #3026, #8468, .T. ) ;
#6909 = ORIENTED_EDGE ( 'NONE', *, *, #4001, .T. ) ;
#6910 = CARTESIAN_POINT ( 'NONE',  ( -0.6249999999999807931, 0.000000000000000000, 1.469999999999988649 ) ) ;
#6911 = AXIS2_PLACEMENT_3D ( 'NONE', #6203, #919, #8275 ) ;
#6912 = ORIENTED_EDGE ( 'NONE', *, *, #6081, .F. ) ;
#6913 = PLANE ( 'NONE',  #6898 ) ;
#6914 = ADVANCED_FACE ( 'NONE', ( #6491 ), #8740, .F. ) ;
#6915 = CARTESIAN_POINT ( 'NONE',  ( -1.470000000000000195, 0.1519999999999999962, -0.6400000000000000133 ) ) ;
#6916 = LINE ( 'NONE', #6964, #6085 ) ;
#6917 = CARTESIAN_POINT ( 'NONE',  ( -1.224999999999989875, 0.1519999999999999962, 0.2500000000000000000 ) ) ;
#6918 = VECTOR ( 'NONE', #3127, 1000.000000000000000 ) ;
#6919 = ORIENTED_EDGE ( 'NONE', *, *, #7192, .T. ) ;
#6920 = ORIENTED_EDGE ( 'NONE', *, *, #5012, .T. ) ;
#6921 = FACE_OUTER_BOUND ( 'NONE', #6838, .T. ) ;
#6922 = EDGE_LOOP ( 'NONE', ( #7653, #6983, #2130, #2238, #7667, #1057, #4754, #9459 ) ) ;
#6923 = VERTEX_POINT ( 'NONE', #1801 ) ;
#6924 = ADVANCED_FACE ( 'NONE', ( #1751 ), #2589, .F. ) ;
#6925 = ADVANCED_FACE ( 'NONE', ( #5572 ), #8011, .T. ) ;
#6926 = VECTOR ( 'NONE', #8185, 1000.000000000000000 ) ;
#6927 = CARTESIAN_POINT ( 'NONE',  ( -0.000000000000000000, 0.05000000000000002359, 1.469999999999988649 ) ) ;
#6928 = LINE ( 'NONE', #6237, #2367 ) ;
#6929 = DIRECTION ( 'NONE',  ( 0.000000000000000000, -0.000000000000000000, 1.000000000000000000 ) ) ;
#6930 = CARTESIAN_POINT ( 'NONE',  ( -1.224999999999989875, 0.1519999999999999962, 0.2500000000000000000 ) ) ;
#6931 = VECTOR ( 'NONE', #764, 1000.000000000000000 ) ;
#6932 = ORIENTED_EDGE ( 'NONE', *, *, #7997, .T. ) ;
#6933 = LINE ( 'NONE', #8415, #8859 ) ;
#6934 = VERTEX_POINT ( 'NONE', #6251 ) ;
#6935 = ORIENTED_EDGE ( 'NONE', *, *, #6888, .F. ) ;
#6936 = CARTESIAN_POINT ( 'NONE',  ( -0.1249999999999807099, 0.1519999999999999962, 1.469999999999983320 ) ) ;
#6937 = ORIENTED_EDGE ( 'NONE', *, *, #1826, .T. ) ;
#6938 = CARTESIAN_POINT ( 'NONE',  ( -0.3599999999999946021, 0.1519999999999999962, -1.499999999999990896 ) ) ;
#6939 = DIRECTION ( 'NONE',  ( 0.000000000000000000, -1.000000000000000000, 0.000000000000000000 ) ) ;
#6940 = FACE_OUTER_BOUND ( 'NONE', #1865, .T. ) ;
#6941 = ORIENTED_EDGE ( 'NONE', *, *, #6056, .T. ) ;
#6942 = CARTESIAN_POINT ( 'NONE',  ( 1.499999999999999778, 0.05000000000000002359, -1.500000000000000000 ) ) ;
#6943 = LINE ( 'NONE', #6312, #4628 ) ;
#6944 = EDGE_CURVE ( 'NONE', #806, #4750, #514, .T. ) ;
#6945 = AXIS2_PLACEMENT_3D ( 'NONE', #6917, #3366, #6335 ) ;
#6946 = ORIENTED_EDGE ( 'NONE', *, *, #5243, .F. ) ;
#6947 = DIRECTION ( 'NONE',  ( 1.000000000000000000, 0.000000000000000000, 0.000000000000000000 ) ) ;
#6948 = CARTESIAN_POINT ( 'NONE',  ( -0.1249999999999808625, 0.1519999999999999962, 1.224999999999983213 ) ) ;
#6949 = AXIS2_PLACEMENT_3D ( 'NONE', #8524, #4806, #1711 ) ;
#6950 = AXIS2_PLACEMENT_3D ( 'NONE', #8196, #7999, #1480 ) ;
#6951 = DIRECTION ( 'NONE',  ( 0.000000000000000000, -1.000000000000000000, 0.000000000000000000 ) ) ;
#6952 = ORIENTED_EDGE ( 'NONE', *, *, #5913, .T. ) ;
#6953 = LINE ( 'NONE', #251, #636 ) ;
#6954 = DIRECTION ( 'NONE',  ( 0.000000000000000000, -1.000000000000000000, 0.000000000000000000 ) ) ;
#6955 = VECTOR ( 'NONE', #487, 1000.000000000000000 ) ;
#6956 = ORIENTED_EDGE ( 'NONE', *, *, #5496, .T. ) ;
#6957 = LINE ( 'NONE', #1728, #8222 ) ;
#6958 = ORIENTED_EDGE ( 'NONE', *, *, #8636, .T. ) ;
#6959 = LINE ( 'NONE', #109, #963 ) ;
#6960 = EDGE_CURVE ( 'NONE', #9060, #9605, #2820, .T. ) ;
#6961 = ADVANCED_FACE ( 'NONE', ( #328 ), #565, .F. ) ;
#6962 = DIRECTION ( 'NONE',  ( 1.000000000000000000, 0.000000000000000000, 4.425314989736752882E-16 ) ) ;
#6963 = AXIS2_PLACEMENT_3D ( 'NONE', #1403, #2189, #4501 ) ;
#6964 = CARTESIAN_POINT ( 'NONE',  ( -0.3599999999999806688, 0.1519999999999999962, 1.469999999999983320 ) ) ;
#6965 = DIRECTION ( 'NONE',  ( -1.000000000000000000, 0.000000000000000000, 0.000000000000000000 ) ) ;
#6966 = ORIENTED_EDGE ( 'NONE', *, *, #2570, .F. ) ;
#6967 = ORIENTED_EDGE ( 'NONE', *, *, #1776, .T. ) ;
#6968 = CARTESIAN_POINT ( 'NONE',  ( 0.1400000000000052869, 0.1519999999999999962, -1.469999999999994422 ) ) ;
#6969 = AXIS2_PLACEMENT_3D ( 'NONE', #3567, #2175, #5845 ) ;
#6970 = VERTEX_POINT ( 'NONE', #9527 ) ;
#6971 = EDGE_LOOP ( 'NONE', ( #9188, #7466, #974, #6598, #8403, #1798, #7515, #4829 ) ) ;
#6972 = CARTESIAN_POINT ( 'NONE',  ( 1.469999999999997087, 0.1519999999999999962, -0.3600000000000307954 ) ) ;
#6973 = DIRECTION ( 'NONE',  ( -3.982783490763077545E-15, 0.000000000000000000, 1.000000000000000000 ) ) ;
#6974 = FACE_OUTER_BOUND ( 'NONE', #1467, .T. ) ;
#6975 = DIRECTION ( 'NONE',  ( 0.000000000000000000, -1.000000000000000000, 0.000000000000000000 ) ) ;
#6976 = ADVANCED_FACE ( 'NONE', ( #1059 ), #2084, .F. ) ;
#6977 = ADVANCED_FACE ( 'NONE', ( #1343 ), #4064, .T. ) ;
#6978 = ORIENTED_EDGE ( 'NONE', *, *, #7201, .F. ) ;
#6979 = DIRECTION ( 'NONE',  ( 1.000000000000000000, -0.000000000000000000, 2.212657494868376441E-16 ) ) ;
#6980 = ORIENTED_EDGE ( 'NONE', *, *, #727, .T. ) ;
#6981 = VERTEX_POINT ( 'NONE', #7313 ) ;
#6982 = CARTESIAN_POINT ( 'NONE',  ( -1.500000000000000222, 0.05000000000000002359, -1.500000000000000000 ) ) ;
#6983 = ORIENTED_EDGE ( 'NONE', *, *, #1559, .T. ) ;
#6984 = CARTESIAN_POINT ( 'NONE',  ( -1.224999999999984546, 0.05000000000000002359, 0.7500000000000000000 ) ) ;
#6985 = CARTESIAN_POINT ( 'NONE',  ( -0.3750000000001729172, 0.05000000000000002359, 4.903802173004452303E-14 ) ) ;
#6986 = CARTESIAN_POINT ( 'NONE',  ( -1.499999999999984679, 0.1519999999999999962, 0.8599999999999999867 ) ) ;
#6987 = VERTEX_POINT ( 'NONE', #5521 ) ;
#6988 = CARTESIAN_POINT ( 'NONE',  ( -0.3599999999999806688, 0.1519999999999999962, 1.469999999999983320 ) ) ;
#6989 = EDGE_CURVE ( 'NONE', #7463, #9036, #6584, .T. ) ;
#6990 = ORIENTED_EDGE ( 'NONE', *, *, #4896, .F. ) ;
#6991 = DIRECTION ( 'NONE',  ( 0.000000000000000000, -1.000000000000000000, 0.000000000000000000 ) ) ;
#6992 = FACE_OUTER_BOUND ( 'NONE', #6641, .T. ) ;
#6993 = VECTOR ( 'NONE', #375, 1000.000000000000000 ) ;
#6994 = EDGE_CURVE ( 'NONE', #1782, #1139, #6303, .T. ) ;
#6995 = PLANE ( 'NONE',  #1465 ) ;
#6996 = PLANE ( 'NONE',  #456 ) ;
#6997 = ORIENTED_EDGE ( 'NONE', *, *, #6338, .T. ) ;
#6998 = CARTESIAN_POINT ( 'NONE',  ( -0.8749999999999807931, 0.1519999999999999962, 1.469999999999988649 ) ) ;
#6999 = LINE ( 'NONE', #1723, #3055 ) ;
#7000 = MECHANICAL_DESIGN_GEOMETRIC_PRESENTATION_REPRESENTATION (  '', ( #2956 ), #3275 ) ;
#7001 = EDGE_LOOP ( 'NONE', ( #6452, #16, #6827, #9206, #8144, #8219, #2525, #3353 ) ) ;
#7002 = FACE_OUTER_BOUND ( 'NONE', #9017, .T. ) ;
#7003 = CARTESIAN_POINT ( 'NONE',  ( 1.499999999999992006, 0.1519999999999999962, -0.8600000000000308509 ) ) ;
#7004 = EDGE_CURVE ( 'NONE', #941, #6756, #1244, .T. ) ;
#7005 = AXIS2_PLACEMENT_3D ( 'NONE', #7256, #8884, #7359 ) ;
#7006 = VECTOR ( 'NONE', #7633, 1000.000000000000000 ) ;
#7007 = CARTESIAN_POINT ( 'NONE',  ( 1.500000000000007550, 0.1519999999999999962, 0.6399999999999691491 ) ) ;
#7008 = CARTESIAN_POINT ( 'NONE',  ( 0.3600000000000052047, 0.1519999999999999962, -1.469999999999993534 ) ) ;
#7009 = DIRECTION ( 'NONE',  ( 0.000000000000000000, -0.000000000000000000, -1.000000000000000000 ) ) ;
#7010 = CIRCLE ( 'NONE', #6229, 0.1249999999999998890 ) ;
#7011 = AXIS2_PLACEMENT_3D ( 'NONE', #765, #8866, #6651 ) ;
#7012 = EDGE_CURVE ( 'NONE', #1703, #6783, #3520, .T. ) ;
#7013 = EDGE_LOOP ( 'NONE', ( #5645, #5431, #8657, #6871 ) ) ;
#7014 = ORIENTED_EDGE ( 'NONE', *, *, #2107, .T. ) ;
#7015 = FACE_OUTER_BOUND ( 'NONE', #4703, .T. ) ;
#7016 = ADVANCED_FACE ( 'NONE', ( #8891 ), #6631, .T. ) ;
#7017 = EDGE_LOOP ( 'NONE', ( #8905, #9339, #3110, #8252 ) ) ;
#7018 = ORIENTED_EDGE ( 'NONE', *, *, #8429, .T. ) ;
#7019 = DIRECTION ( 'NONE',  ( 0.000000000000000000, 0.000000000000000000, 1.000000000000000000 ) ) ;
#7020 = FACE_OUTER_BOUND ( 'NONE', #3471, .T. ) ;
#7021 = CARTESIAN_POINT ( 'NONE',  ( -1.200000000000000400, 0.7500000000000000000, -1.200000000000000178 ) ) ;
#7022 = VECTOR ( 'NONE', #8400, 1000.000000000000000 ) ;
#7023 = AXIS2_PLACEMENT_3D ( 'NONE', #8955, #7436, #5188 ) ;
#7024 = DIRECTION ( 'NONE',  ( 1.000000000000000000, 0.000000000000000000, 0.000000000000000000 ) ) ;
#7025 = UNCERTAINTY_MEASURE_WITH_UNIT (LENGTH_MEASURE( 1.000000000000000082E-05 ), #9564, 'distance_accuracy_value', 'NONE');
#7026 = EDGE_CURVE ( 'NONE', #7030, #3748, #3851, .T. ) ;
#7027 = ORIENTED_EDGE ( 'NONE', *, *, #5689, .F. ) ;
#7028 = LINE ( 'NONE', #5568, #393 ) ;
#7029 = AXIS2_PLACEMENT_3D ( 'NONE', #2753, #2607, #6474 ) ;
#7030 = VERTEX_POINT ( 'NONE', #2320 ) ;
#7031 = ORIENTED_EDGE ( 'NONE', *, *, #6191, .T. ) ;
#7032 = VECTOR ( 'NONE', #5081, 1000.000000000000000 ) ;
#7033 = CARTESIAN_POINT ( 'NONE',  ( -0.8749999999999807931, 0.000000000000000000, 1.469999999999988649 ) ) ;
#7034 = VERTEX_POINT ( 'NONE', #3668 ) ;
#7035 = CARTESIAN_POINT ( 'NONE',  ( -0.6399999999999806954, 0.1519999999999999962, 1.499999999999988676 ) ) ;
#7036 = EDGE_CURVE ( 'NONE', #7326, #5355, #1746, .T. ) ;
#7037 = ADVANCED_FACE ( 'NONE', ( #3014 ), #1536, .T. ) ;
#7038 = EDGE_CURVE ( 'NONE', #3290, #9702, #8158, .T. ) ;
#7039 = CARTESIAN_POINT ( 'NONE',  ( 1.499999999999992006, 0.1519999999999999962, -0.8600000000000308509 ) ) ;
#7040 = PLANE ( 'NONE',  #2494 ) ;
#7041 = ORIENTED_EDGE ( 'NONE', *, *, #7049, .F. ) ;
#7042 = AXIS2_PLACEMENT_3D ( 'NONE', #2950, #3147, #6209 ) ;
#7043 = PLANE ( 'NONE',  #3936 ) ;
#7044 = DIRECTION ( 'NONE',  ( 1.000000000000000000, 0.000000000000000000, -0.000000000000000000 ) ) ;
#7045 = EDGE_LOOP ( 'NONE', ( #5352, #359, #6941, #644 ) ) ;
#7046 = DIRECTION ( 'NONE',  ( -0.000000000000000000, -1.000000000000000000, -0.000000000000000000 ) ) ;
#7047 = VECTOR ( 'NONE', #2060, 1000.000000000000000 ) ;
#7048 = PLANE ( 'NONE',  #4106 ) ;
#7049 = EDGE_CURVE ( 'NONE', #1975, #6355, #5847, .T. ) ;
#7050 = CARTESIAN_POINT ( 'NONE',  ( -0.8599999999999805578, 0.000000000000000000, 1.499999999999988676 ) ) ;
#7051 = CARTESIAN_POINT ( 'NONE',  ( -1.469999999999994866, 0.05000000000000002359, -0.3750000000000000000 ) ) ;
#7052 = EDGE_CURVE ( 'NONE', #6596, #5121, #5265, .T. ) ;
#7053 = DIRECTION ( 'NONE',  ( 0.000000000000000000, -1.000000000000000000, 0.000000000000000000 ) ) ;
#7054 = ORIENTED_EDGE ( 'NONE', *, *, #4821, .T. ) ;
#7055 = CARTESIAN_POINT ( 'NONE',  ( -1.500000000000000222, 0.05000000000000002359, -1.500000000000000000 ) ) ;
#7056 = DIRECTION ( 'NONE',  ( -1.000000000000000000, 0.000000000000000000, 0.000000000000000000 ) ) ;
#7057 = VECTOR ( 'NONE', #873, 1000.000000000000000 ) ;
#7058 = EDGE_CURVE ( 'NONE', #9330, #190, #8846, .T. ) ;
#7059 = ORIENTED_EDGE ( 'NONE', *, *, #5886, .T. ) ;
#7060 = DIRECTION ( 'NONE',  ( -1.000000000000000000, 0.000000000000000000, -3.318986242302564785E-16 ) ) ;
#7061 = FACE_OUTER_BOUND ( 'NONE', #1058, .T. ) ;
#7062 = VECTOR ( 'NONE', #738, 1000.000000000000000 ) ;
#7063 = CARTESIAN_POINT ( 'NONE',  ( -1.470000000000000195, 0.000000000000000000, -0.8599999999999999867 ) ) ;
#7064 = CARTESIAN_POINT ( 'NONE',  ( -1.499999999999984679, 0.1519999999999999962, 0.6400000000000000133 ) ) ;
#7065 = CARTESIAN_POINT ( 'NONE',  ( 0.6400000000000052314, 0.1519999999999999962, -1.469999999999997753 ) ) ;
#7066 = EDGE_CURVE ( 'NONE', #2942, #1222, #3065, .T. ) ;
#7067 = VECTOR ( 'NONE', #136, 1000.000000000000000 ) ;
#7068 = VERTEX_POINT ( 'NONE', #5124 ) ;
#7069 = ORIENTED_EDGE ( 'NONE', *, *, #9230, .T. ) ;
#7070 = CARTESIAN_POINT ( 'NONE',  ( 1.469999999999997087, 0.000000000000000000, -0.1400000000000309053 ) ) ;
#7071 = VERTEX_POINT ( 'NONE', #748 ) ;
#7072 = ORIENTED_EDGE ( 'NONE', *, *, #5388, .F. ) ;
#7073 = PLANE ( 'NONE',  #7710 ) ;
#7074 = FILL_AREA_STYLE_COLOUR ( '', #7321 ) ;
#7075 = DIRECTION ( 'NONE',  ( 0.000000000000000000, 1.000000000000000000, -0.000000000000000000 ) ) ;
#7076 = LINE ( 'NONE', #7171, #2197 ) ;
#7077 = VECTOR ( 'NONE', #7528, 1000.000000000000000 ) ;
#7078 = ADVANCED_FACE ( 'NONE', ( #3806 ), #6036, .T. ) ;
#7079 = DIRECTION ( 'NONE',  ( -3.614007241618338910E-15, 0.000000000000000000, 1.000000000000000000 ) ) ;
#7080 = EDGE_LOOP ( 'NONE', ( #4604, #5216, #2866, #2286, #2522, #6816, #3774, #8935, #9051 ) ) ;
#7081 = DIRECTION ( 'NONE',  ( 7.228014483236677820E-15, 0.000000000000000000, 1.000000000000000000 ) ) ;
#7082 = VECTOR ( 'NONE', #3402, 1000.000000000000000 ) ;
#7083 = ORIENTED_EDGE ( 'NONE', *, *, #5531, .F. ) ;
#7084 = EDGE_LOOP ( 'NONE', ( #337, #8155, #5366, #4975 ) ) ;
#7085 = DIRECTION ( 'NONE',  ( 1.000000000000000000, 0.000000000000000000, 0.000000000000000000 ) ) ;
#7086 = ORIENTED_EDGE ( 'NONE', *, *, #2932, .T. ) ;
#7087 = DIRECTION ( 'NONE',  ( -1.000000000000000000, 0.000000000000000000, 8.850629979473505765E-16 ) ) ;
#7088 = DIRECTION ( 'NONE',  ( 1.000000000000000000, 0.000000000000000000, 0.000000000000000000 ) ) ;
#7089 = DIRECTION ( 'NONE',  ( 0.000000000000000000, 0.000000000000000000, 1.000000000000000000 ) ) ;
#7090 = EDGE_CURVE ( 'NONE', #2692, #3335, #1493, .T. ) ;
#7091 = EDGE_CURVE ( 'NONE', #5193, #8750, #4492, .T. ) ;
#7092 = ORIENTED_EDGE ( 'NONE', *, *, #1942, .T. ) ;
#7093 = CARTESIAN_POINT ( 'NONE',  ( -1.499999999999984679, 0.000000000000000000, 0.8599999999999999867 ) ) ;
#7094 = VERTEX_POINT ( 'NONE', #2921 ) ;
#7095 = CARTESIAN_POINT ( 'NONE',  ( 0.2500000000000043854, 0.000000000000000000, -1.224999999999993872 ) ) ;
#7096 =( GEOMETRIC_REPRESENTATION_CONTEXT ( 3 ) GLOBAL_UNCERTAINTY_ASSIGNED_CONTEXT ( ( #5657 ) ) GLOBAL_UNIT_ASSIGNED_CONTEXT ( ( #2053, #630, #2102 ) ) REPRESENTATION_CONTEXT ( 'NONE', 'WORKASPACE' ) );
#7097 = LINE ( 'NONE', #6517, #2227 ) ;
#7098 = DIRECTION ( 'NONE',  ( 0.000000000000000000, 0.000000000000000000, -1.000000000000000000 ) ) ;
#7099 = CARTESIAN_POINT ( 'NONE',  ( -0.6249999999999957812, 0.05000000000000002359, -1.224999999999986544 ) ) ;
#7100 = DIRECTION ( 'NONE',  ( -4.425314989736752882E-16, 0.000000000000000000, 1.000000000000000000 ) ) ;
#7101 = ORIENTED_EDGE ( 'NONE', *, *, #1304, .F. ) ;
#7102 = VECTOR ( 'NONE', #3261, 1000.000000000000000 ) ;
#7103 = FACE_OUTER_BOUND ( 'NONE', #4912, .T. ) ;
#7104 = LINE ( 'NONE', #3155, #9620 ) ;
#7105 = ADVANCED_FACE ( 'NONE', ( #7464 ), #5894, .T. ) ;
#7106 = ADVANCED_FACE ( 'NONE', ( #6678 ), #2965, .T. ) ;
#7107 = ORIENTED_EDGE ( 'NONE', *, *, #4655, .F. ) ;
#7108 = CARTESIAN_POINT ( 'NONE',  ( 0.1250000000000192901, 0.05000000000000002359, 1.469999999999977991 ) ) ;
#7109 = AXIS2_PLACEMENT_3D ( 'NONE', #2213, #2309, #8331 ) ;
#7110 = CARTESIAN_POINT ( 'NONE',  ( -1.469999999999984652, 0.1519999999999999962, 0.6400000000000000133 ) ) ;
#7111 = CARTESIAN_POINT ( 'NONE',  ( -0.3750000000000288103, 0.000000000000000000, 1.224999999999990763 ) ) ;
#7112 = ADVANCED_FACE ( 'NONE', ( #14 ), #8984, .F. ) ;
#7113 = CARTESIAN_POINT ( 'NONE',  ( 1.470000000000007523, 0.05000000000000002359, 0.8749999999999691358 ) ) ;
#7114 = AXIS2_PLACEMENT_3D ( 'NONE', #6555, #5048, #7289 ) ;
#7115 = VECTOR ( 'NONE', #7652, 1000.000000000000000 ) ;
#7116 = ORIENTED_EDGE ( 'NONE', *, *, #2763, .T. ) ;
#7117 = ORIENTED_EDGE ( 'NONE', *, *, #8517, .T. ) ;
#7118 = DIRECTION ( 'NONE',  ( 0.000000000000000000, 1.000000000000000000, -0.000000000000000000 ) ) ;
#7119 = EDGE_CURVE ( 'NONE', #1984, #2611, #4581, .T. ) ;
#7120 = ORIENTED_EDGE ( 'NONE', *, *, #8490, .T. ) ;
#7121 = ORIENTED_EDGE ( 'NONE', *, *, #7036, .F. ) ;
#7122 = VECTOR ( 'NONE', #2619, 1000.000000000000000 ) ;
#7123 = CARTESIAN_POINT ( 'NONE',  ( 1.470000000000002416, 0.1519999999999999962, 0.1399999999999691769 ) ) ;
#7124 = EDGE_CURVE ( 'NONE', #9039, #9435, #1824, .T. ) ;
#7125 = FACE_OUTER_BOUND ( 'NONE', #1044, .T. ) ;
#7126 = CARTESIAN_POINT ( 'NONE',  ( 1.469999999999997087, 0.1519999999999999962, -0.1400000000000309053 ) ) ;
#7127 = CARTESIAN_POINT ( 'NONE',  ( -0.6399999999999947953, 0.1519999999999999962, -1.469999999999986429 ) ) ;
#7128 = CIRCLE ( 'NONE', #6351, 0.1249999999999998890 ) ;
#7129 = UNCERTAINTY_MEASURE_WITH_UNIT (LENGTH_MEASURE( 1.000000000000000082E-05 ), #3621, 'distance_accuracy_value', 'NONE');
#7130 = ORIENTED_EDGE ( 'NONE', *, *, #2877, .F. ) ;
#7131 = FACE_OUTER_BOUND ( 'NONE', #5477, .T. ) ;
#7132 = ORIENTED_EDGE ( 'NONE', *, *, #1904, .T. ) ;
#7133 = ORIENTED_EDGE ( 'NONE', *, *, #2987, .T. ) ;
#7134 = DIRECTION ( 'NONE',  ( 0.000000000000000000, 0.000000000000000000, 1.000000000000000000 ) ) ;
#7135 = ORIENTED_EDGE ( 'NONE', *, *, #8365, .T. ) ;
#7136 = CARTESIAN_POINT ( 'NONE',  ( 0.7500000000000043299, 0.05000000000000002359, -1.224999999999997424 ) ) ;
#7137 = LINE ( 'NONE', #7879, #1631 ) ;
#7138 = CARTESIAN_POINT ( 'NONE',  ( 0.8750000000000192069, 0.1519999999999999962, 1.469999999999972662 ) ) ;
#7139 = EDGE_LOOP ( 'NONE', ( #4263, #6867, #327, #8596 ) ) ;
#7140 = PRESENTATION_STYLE_ASSIGNMENT (( #4760 ) ) ;
#7141 = LINE ( 'NONE', #9445, #2272 ) ;
#7142 = DIRECTION ( 'NONE',  ( 0.000000000000000000, 1.000000000000000000, -0.000000000000000000 ) ) ;
#7143 = VERTEX_POINT ( 'NONE', #7003 ) ;
#7144 = ADVANCED_FACE ( 'NONE', ( #2515 ), #2470, .T. ) ;
#7145 = LINE ( 'NONE', #5676, #5801 ) ;
#7146 = ADVANCED_FACE ( 'NONE', ( #5356 ), #5406, .T. ) ;
#7147 = CARTESIAN_POINT ( 'NONE',  ( -1.225000000000000089, 0.1519999999999999962, -0.7500000000000000000 ) ) ;
#7148 = DIRECTION ( 'NONE',  ( 1.000000000000000000, 0.000000000000000000, 0.000000000000000000 ) ) ;
#7149 = LINE ( 'NONE', #7892, #767 ) ;
#7150 = DIRECTION ( 'NONE',  ( 0.000000000000000000, 0.000000000000000000, -1.000000000000000000 ) ) ;
#7151 = VERTEX_POINT ( 'NONE', #4042 ) ;
#7152 = DIRECTION ( 'NONE',  ( 0.000000000000000000, -0.000000000000000000, -1.000000000000000000 ) ) ;
#7153 = DIRECTION ( 'NONE',  ( 0.000000000000000000, 0.000000000000000000, -1.000000000000000000 ) ) ;
#7154 = VERTEX_POINT ( 'NONE', #6178 ) ;
#7155 = DIRECTION ( 'NONE',  ( 0.000000000000000000, -0.000000000000000000, -1.000000000000000000 ) ) ;
#7156 = CARTESIAN_POINT ( 'NONE',  ( -1.469999999999994866, 0.1519999999999999962, -0.1250000000000000000 ) ) ;
#7157 = EDGE_CURVE ( 'NONE', #8170, #9388, #6959, .T. ) ;
#7158 = EDGE_CURVE ( 'NONE', #4246, #285, #2565, .T. ) ;
#7159 = CARTESIAN_POINT ( 'NONE',  ( 1.469999999999991980, 0.1519999999999999962, -0.8750000000000308642 ) ) ;
#7160 = FACE_OUTER_BOUND ( 'NONE', #2805, .T. ) ;
#7161 = CARTESIAN_POINT ( 'NONE',  ( 0.8750000000000192069, 0.1519999999999999962, 1.224999999999972555 ) ) ;
#7162 = ORIENTED_EDGE ( 'NONE', *, *, #6448, .T. ) ;
#7163 = ORIENTED_EDGE ( 'NONE', *, *, #1575, .F. ) ;
#7164 = CARTESIAN_POINT ( 'NONE',  ( 1.469999999999997087, 0.000000000000000000, -0.1250000000000308642 ) ) ;
#7165 = VERTEX_POINT ( 'NONE', #9223 ) ;
#7166 = EDGE_LOOP ( 'NONE', ( #6666, #5135, #1239, #5538 ) ) ;
#7167 = MECHANICAL_DESIGN_GEOMETRIC_PRESENTATION_REPRESENTATION (  '', ( #9210 ), #3899 ) ;
#7168 = DIRECTION ( 'NONE',  ( 0.000000000000000000, 0.000000000000000000, -1.000000000000000000 ) ) ;
#7169 = SURFACE_SIDE_STYLE ('',( #1890 ) ) ;
#7170 = CARTESIAN_POINT ( 'NONE',  ( 0.3750000000000191513, 0.1519999999999999962, 1.224999999999978106 ) ) ;
#7171 = CARTESIAN_POINT ( 'NONE',  ( 1.469999999999991980, 0.1519999999999999962, -0.6400000000000309885 ) ) ;
#7172 = DIRECTION ( 'NONE',  ( 0.000000000000000000, 0.000000000000000000, 1.000000000000000000 ) ) ;
#7173 = ADVANCED_FACE ( 'NONE', ( #5544 ), #6913, .T. ) ;
#7174 = VECTOR ( 'NONE', #6669, 1000.000000000000000 ) ;
#7175 = VECTOR ( 'NONE', #2160, 1000.000000000000000 ) ;
#7176 = EDGE_LOOP ( 'NONE', ( #2303, #1464, #8056, #9637 ) ) ;
#7177 = DIRECTION ( 'NONE',  ( 1.000000000000000000, 0.000000000000000000, 3.942553354492744616E-15 ) ) ;
#7178 = VERTEX_POINT ( 'NONE', #2371 ) ;
#7179 = ORIENTED_EDGE ( 'NONE', *, *, #5085, .T. ) ;
#7180 = CARTESIAN_POINT ( 'NONE',  ( 0.8750000000000192069, 0.1519999999999999962, 1.469999999999972662 ) ) ;
#7181 = ORIENTED_EDGE ( 'NONE', *, *, #3285, .F. ) ;
#7182 = VECTOR ( 'NONE', #7579, 1000.000000000000000 ) ;
#7183 = PLANE ( 'NONE',  #8332 ) ;
#7184 = AXIS2_PLACEMENT_3D ( 'NONE', #3779, #6742, #8907 ) ;
#7185 = CARTESIAN_POINT ( 'NONE',  ( 1.499999999999999778, 0.05000000000000002359, 1.500000000000000000 ) ) ;
#7186 = LINE ( 'NONE', #6510, #457 ) ;
#7187 = VERTEX_POINT ( 'NONE', #8397 ) ;
#7188 = CARTESIAN_POINT ( 'NONE',  ( 0.8600000000000053157, 0.1519999999999999962, -1.499999999999996891 ) ) ;
#7189 = AXIS2_PLACEMENT_3D ( 'NONE', #5502, #8496, #306 ) ;
#7190 = VECTOR ( 'NONE', #3258, 1000.000000000000000 ) ;
#7191 = DIRECTION ( 'NONE',  ( -0.000000000000000000, 0.000000000000000000, -1.000000000000000000 ) ) ;
#7192 = EDGE_CURVE ( 'NONE', #3372, #5743, #7607, .T. ) ;
#7193 = VERTEX_POINT ( 'NONE', #303 ) ;
#7194 = CARTESIAN_POINT ( 'NONE',  ( 0.000000000000000000, 0.05000000000000002359, 0.000000000000000000 ) ) ;
#7195 = LINE ( 'NONE', #8529, #2855 ) ;
#7196 = DIRECTION ( 'NONE',  ( -0.000000000000000000, 0.000000000000000000, -1.000000000000000000 ) ) ;
#7197 = CARTESIAN_POINT ( 'NONE',  ( 0.3600000000000192490, 0.1519999999999999962, 1.499999999999978240 ) ) ;
#7198 = VECTOR ( 'NONE', #2761, 1000.000000000000000 ) ;
#7199 = CARTESIAN_POINT ( 'NONE',  ( 0.8600000000000085354, 0.05000000000000002359, -6.216092455583604772E-15 ) ) ;
#7200 = EDGE_LOOP ( 'NONE', ( #9543, #576, #8424, #6679 ) ) ;
#7201 = EDGE_CURVE ( 'NONE', #7604, #5229, #4819, .T. ) ;
#7202 = PLANE ( 'NONE',  #1424 ) ;
#7203 = CARTESIAN_POINT ( 'NONE',  ( 0.2500000000000043854, 0.1519999999999999962, -1.224999999999993872 ) ) ;
#7204 = STYLED_ITEM ( 'NONE', ( #7637 ), #6261 ) ;
#7205 = VERTEX_POINT ( 'NONE', #2421 ) ;
#7206 = DIRECTION ( 'NONE',  ( -1.000000000000000000, 0.000000000000000000, -3.872150616019659031E-15 ) ) ;
#7207 = CARTESIAN_POINT ( 'NONE',  ( 0.3750000000000052736, 0.1519999999999999962, -1.469999999999993534 ) ) ;
#7208 = FACE_OUTER_BOUND ( 'NONE', #4499, .T. ) ;
#7209 = VECTOR ( 'NONE', #7046, 1000.000000000000000 ) ;
#7210 = EDGE_CURVE ( 'NONE', #4988, #6563, #1083, .T. ) ;
#7211 = CARTESIAN_POINT ( 'NONE',  ( 1.470000000000007523, 0.000000000000000000, 0.8599999999999691225 ) ) ;
#7212 = CARTESIAN_POINT ( 'NONE',  ( 0.7500000000000193179, 0.1519999999999999962, 1.099999999999972777 ) ) ;
#7213 = EDGE_LOOP ( 'NONE', ( #9274, #509, #4889, #7380 ) ) ;
#7214 = VERTEX_POINT ( 'NONE', #6861 ) ;
#7215 = CARTESIAN_POINT ( 'NONE',  ( -0.6399999999999808065, 0.1519999999999999962, 1.469999999999988649 ) ) ;
#7216 = AXIS2_PLACEMENT_3D ( 'NONE', #4298, #3619, #5476 ) ;
#7217 = VERTEX_POINT ( 'NONE', #1035 ) ;
#7218 = EDGE_LOOP ( 'NONE', ( #1068, #8704, #4960, #7472 ) ) ;
#7219 = DIRECTION ( 'NONE',  ( -1.000000000000000000, 0.000000000000000000, 0.000000000000000000 ) ) ;
#7220 = PLANE ( 'NONE',  #358 ) ;
#7221 = CARTESIAN_POINT ( 'NONE',  ( 1.470000000000002416, 0.1519999999999999962, 0.1249999999999691358 ) ) ;
#7222 = DIRECTION ( 'NONE',  ( 1.000000000000000000, 0.000000000000000000, 3.614007241618338910E-15 ) ) ;
#7223 = LINE ( 'NONE', #3676, #5165 ) ;
#7224 = AXIS2_PLACEMENT_3D ( 'NONE', #9363, #2662, #7852 ) ;
#7225 = ORIENTED_EDGE ( 'NONE', *, *, #2123, .T. ) ;
#7226 = VERTEX_POINT ( 'NONE', #158 ) ;
#7227 = EDGE_CURVE ( 'NONE', #6274, #5985, #4680, .T. ) ;
#7228 = CARTESIAN_POINT ( 'NONE',  ( -1.224999999999984546, 0.1519999999999999962, 0.7500000000000000000 ) ) ;
#7229 = EDGE_CURVE ( 'NONE', #1210, #6554, #944, .T. ) ;
#7230 = ORIENTED_EDGE ( 'NONE', *, *, #2186, .T. ) ;
#7231 = ORIENTED_EDGE ( 'NONE', *, *, #2301, .T. ) ;
#7232 = DIRECTION ( 'NONE',  ( -3.614007241618338910E-15, 0.000000000000000000, 1.000000000000000000 ) ) ;
#7233 = EDGE_LOOP ( 'NONE', ( #1936, #1845, #6990, #2526, #1314, #2230, #6592, #3075 ) ) ;
#7234 = AXIS2_PLACEMENT_3D ( 'NONE', #2111, #2062, #8038 ) ;
#7235 = DIRECTION ( 'NONE',  ( 0.000000000000000000, -1.000000000000000000, 0.000000000000000000 ) ) ;
#7236 = DIRECTION ( 'NONE',  ( -1.000000000000000000, 0.000000000000000000, -0.000000000000000000 ) ) ;
#7237 = EDGE_LOOP ( 'NONE', ( #7871, #6352, #4022, #7774, #9541, #8353, #6301, #2180, #5482 ) ) ;
#7238 = CARTESIAN_POINT ( 'NONE',  ( -0.3599999999999946021, 0.000000000000000000, -1.499999999999990896 ) ) ;
#7239 = VECTOR ( 'NONE', #664, 1000.000000000000000 ) ;
#7240 = CARTESIAN_POINT ( 'NONE',  ( 1.469999999999997087, 0.1519999999999999962, -0.1250000000000308642 ) ) ;
#7241 = VERTEX_POINT ( 'NONE', #8443 ) ;
#7242 = DIRECTION ( 'NONE',  ( 1.000000000000000000, 0.000000000000000000, 3.942553354492744616E-15 ) ) ;
#7243 = DIRECTION ( 'NONE',  ( 0.000000000000000000, 0.000000000000000000, 1.000000000000000000 ) ) ;
#7244 = CARTESIAN_POINT ( 'NONE',  ( -0.1399999999999807510, 0.000000000000000000, 1.469999999999983320 ) ) ;
#7245 = CARTESIAN_POINT ( 'NONE',  ( -1.225000000000000089, 0.05000000000000002359, -0.8749999999999998890 ) ) ;
#7246 = VECTOR ( 'NONE', #5990, 1000.000000000000000 ) ;
#7247 = EDGE_CURVE ( 'NONE', #5333, #704, #1730, .T. ) ;
#7248 = CARTESIAN_POINT ( 'NONE',  ( -0.8750000000001720846, 0.05000000000000002359, 1.138412281110013663E-13 ) ) ;
#7249 = ORIENTED_EDGE ( 'NONE', *, *, #4948, .T. ) ;
#7250 = FACE_OUTER_BOUND ( 'NONE', #4692, .T. ) ;
#7251 = DIRECTION ( 'NONE',  ( -1.000000000000000000, -0.000000000000000000, -0.000000000000000000 ) ) ;
#7252 = AXIS2_PLACEMENT_3D ( 'NONE', #9001, #174, #6831 ) ;
#7253 = ORIENTED_EDGE ( 'NONE', *, *, #6022, .T. ) ;
#7254 = DIRECTION ( 'NONE',  ( 0.000000000000000000, 0.000000000000000000, 1.000000000000000000 ) ) ;
#7255 = DIRECTION ( 'NONE',  ( 1.000000000000000000, 0.000000000000000000, 0.000000000000000000 ) ) ;
#7256 = CARTESIAN_POINT ( 'NONE',  ( -1.224999999999989875, 0.000000000000000000, 0.2500000000000000000 ) ) ;
#7257 = AXIS2_PLACEMENT_3D ( 'NONE', #8599, #5561, #4056 ) ;
#7258 = CARTESIAN_POINT ( 'NONE',  ( 0.8600000000000191935, 0.1519999999999999962, 1.469999999999972662 ) ) ;
#7259 = LINE ( 'NONE', #1386, #1634 ) ;
#7260 = VECTOR ( 'NONE', #4039, 1000.000000000000000 ) ;
#7261 = ORIENTED_EDGE ( 'NONE', *, *, #5512, .F. ) ;
#7262 = ORIENTED_EDGE ( 'NONE', *, *, #1400, .F. ) ;
#7263 = DIRECTION ( 'NONE',  ( -1.000000000000000000, 0.000000000000000000, 8.850629979473505765E-16 ) ) ;
#7264 = ORIENTED_EDGE ( 'NONE', *, *, #1129, .T. ) ;
#7265 = DIRECTION ( 'NONE',  ( -3.614007241618338910E-15, 0.000000000000000000, 1.000000000000000000 ) ) ;
#7266 = EDGE_CURVE ( 'NONE', #7217, #1841, #3257, .T. ) ;
#7267 = EDGE_CURVE ( 'NONE', #8887, #3209, #8494, .T. ) ;
#7268 = LINE ( 'NONE', #5700, #2554 ) ;
#7269 = CARTESIAN_POINT ( 'NONE',  ( 0.6400000000000192202, 0.1519999999999999962, 1.469999999999972662 ) ) ;
#7270 = AXIS2_PLACEMENT_3D ( 'NONE', #1957, #485, #4219 ) ;
#7271 = VECTOR ( 'NONE', #8145, 1000.000000000000000 ) ;
#7272 = CARTESIAN_POINT ( 'NONE',  ( 0.8750000000000192069, 0.1519999999999999962, 1.469999999999972662 ) ) ;
#7273 = VERTEX_POINT ( 'NONE', #5499 ) ;
#7274 = EDGE_LOOP ( 'NONE', ( #6362, #7723, #8466, #2032 ) ) ;
#7275 = CARTESIAN_POINT ( 'NONE',  ( 1.499999999999999778, 0.05000000000000002359, 1.500000000000000000 ) ) ;
#7276 = VECTOR ( 'NONE', #5192, 1000.000000000000000 ) ;
#7277 = ORIENTED_EDGE ( 'NONE', *, *, #1251, .F. ) ;
#7278 = ORIENTED_EDGE ( 'NONE', *, *, #1810, .T. ) ;
#7279 = CARTESIAN_POINT ( 'NONE',  ( -0.1399999999999947120, 0.000000000000000000, -1.499999999999990008 ) ) ;
#7280 = CLOSED_SHELL ( 'NONE', ( #3636, #2845, #6670, #2542, #82, #8306, #4670, #6105, #2516, #3376 ) ) ;
#7281 = EDGE_LOOP ( 'NONE', ( #6032, #9399, #1060, #6546 ) ) ;
#7282 = CARTESIAN_POINT ( 'NONE',  ( 1.469999999999991980, 0.1519999999999999962, -0.8750000000000308642 ) ) ;
#7283 = CARTESIAN_POINT ( 'NONE',  ( 1.659493121151279681E-16, 0.05000000000000002359, -0.3749999999999993339 ) ) ;
#7284 = CARTESIAN_POINT ( 'NONE',  ( -0.8599999999999807798, 0.000000000000000000, 1.469999999999988649 ) ) ;
#7285 = EDGE_CURVE ( 'NONE', #7326, #3396, #4775, .T. ) ;
#7286 = EDGE_CURVE ( 'NONE', #2920, #7030, #5066, .T. ) ;
#7287 = ORIENTED_EDGE ( 'NONE', *, *, #7201, .T. ) ;
#7288 = AXIS2_PLACEMENT_3D ( 'NONE', #7474, #5227, #8901 ) ;
#7289 = DIRECTION ( 'NONE',  ( -1.000000000000000000, 0.000000000000000000, -0.000000000000000000 ) ) ;
#7290 = LINE ( 'NONE', #8083, #3223 ) ;
#7291 = ORIENTED_EDGE ( 'NONE', *, *, #4949, .F. ) ;
#7292 = DIRECTION ( 'NONE',  ( 0.000000000000000000, 1.000000000000000000, -0.000000000000000000 ) ) ;
#7293 = LINE ( 'NONE', #1469, #6127 ) ;
#7294 = LINE ( 'NONE', #8137, #6471 ) ;
#7295 = FACE_OUTER_BOUND ( 'NONE', #7858, .T. ) ;
#7296 = DIRECTION ( 'NONE',  ( 0.000000000000000000, 1.000000000000000000, -0.000000000000000000 ) ) ;
#7297 = ORIENTED_EDGE ( 'NONE', *, *, #2117, .T. ) ;
#7298 = CARTESIAN_POINT ( 'NONE',  ( 0.8750000000000192069, 0.05000000000000002359, 1.224999999999972555 ) ) ;
#7299 = CARTESIAN_POINT ( 'NONE',  ( -0.1249999999999816813, 0.05000000000000002359, 8.297465605755195391E-17 ) ) ;
#7300 = ADVANCED_FACE ( 'NONE', ( #7061 ), #2711, .T. ) ;
#7301 = ORIENTED_EDGE ( 'NONE', *, *, #181, .F. ) ;
#7302 = CARTESIAN_POINT ( 'NONE',  ( -0.8749999999999947820, 0.1519999999999999962, -1.469999999999987317 ) ) ;
#7303 = ADVANCED_FACE ( 'NONE', ( #352 ), #1184, .F. ) ;
#7304 = DIRECTION ( 'NONE',  ( -1.000000000000000000, 0.000000000000000000, 6.637972484605129570E-16 ) ) ;
#7305 = CARTESIAN_POINT ( 'NONE',  ( 1.470000000000007523, 0.1519999999999999962, 0.8749999999999691358 ) ) ;
#7306 = CARTESIAN_POINT ( 'NONE',  ( -1.469999999999994866, 0.1519999999999999962, -0.1400000000000000411 ) ) ;
#7307 = PLANE ( 'NONE',  #8363 ) ;
#7308 = ORIENTED_EDGE ( 'NONE', *, *, #2570, .T. ) ;
#7309 = ORIENTED_EDGE ( 'NONE', *, *, #5270, .F. ) ;
#7310 = LINE ( 'NONE', #7414, #253 ) ;
#7311 = EDGE_CURVE ( 'NONE', #190, #6675, #8635, .T. ) ;
#7312 = ORIENTED_EDGE ( 'NONE', *, *, #3481, .T. ) ;
#7313 = CARTESIAN_POINT ( 'NONE',  ( -0.6399999999999947953, 0.05000000000000002359, -1.469999999999986429 ) ) ;
#7314 = CARTESIAN_POINT ( 'NONE',  ( 1.469999999999997087, 0.1519999999999999962, -0.3750000000000308642 ) ) ;
#7315 = CARTESIAN_POINT ( 'NONE',  ( -1.224999999999994982, 0.05000000000000002359, -0.2500000000000000000 ) ) ;
#7316 = VECTOR ( 'NONE', #9542, 1000.000000000000000 ) ;
#7317 = CARTESIAN_POINT ( 'NONE',  ( 0.6400000000000194422, 0.1519999999999999962, 1.499999999999972689 ) ) ;
#7318 = LINE ( 'NONE', #3072, #3613 ) ;
#7319 = ADVANCED_FACE ( 'NONE', ( #5737 ), #1927, .F. ) ;
#7320 = UNCERTAINTY_MEASURE_WITH_UNIT (LENGTH_MEASURE( 1.000000000000000082E-05 ), #6442, 'distance_accuracy_value', 'NONE');
#7321 = COLOUR_RGB ( '',0.7921568627450980005, 0.8196078431372548767, 0.9333333333333333481 ) ;
#7322 = ORIENTED_EDGE ( 'NONE', *, *, #8012, .F. ) ;
#7323 = ORIENTED_EDGE ( 'NONE', *, *, #390, .T. ) ;
#7324 = CARTESIAN_POINT ( 'NONE',  ( -1.224999999999984546, 0.1519999999999999962, 0.6250000000000001110 ) ) ;
#7325 = ORIENTED_EDGE ( 'NONE', *, *, #4974, .F. ) ;
#7326 = VERTEX_POINT ( 'NONE', #6330 ) ;
#7327 = FACE_OUTER_BOUND ( 'NONE', #1546, .T. ) ;
#7328 = EDGE_LOOP ( 'NONE', ( #5076, #2599, #6455, #3558 ) ) ;
#7329 = LINE ( 'NONE', #3687, #831 ) ;
#7330 = FILL_AREA_STYLE ('',( #9689 ) ) ;
#7331 = CARTESIAN_POINT ( 'NONE',  ( 1.225000000000007638, 0.1519999999999999962, 0.6249999999999693578 ) ) ;
#7332 = VECTOR ( 'NONE', #6763, 1000.000000000000000 ) ;
#7333 = AXIS2_PLACEMENT_3D ( 'NONE', #5358, #1074, #1638 ) ;
#7334 = ORIENTED_EDGE ( 'NONE', *, *, #9693, .T. ) ;
#7335 = ADVANCED_FACE ( 'NONE', ( #451 ), #8050, .F. ) ;
#7336 = DIRECTION ( 'NONE',  ( 0.000000000000000000, -1.000000000000000000, 0.000000000000000000 ) ) ;
#7337 = LINE ( 'NONE', #8559, #6174 ) ;
#7338 = ORIENTED_EDGE ( 'NONE', *, *, #219, .F. ) ;
#7339 = VECTOR ( 'NONE', #9394, 1000.000000000000000 ) ;
#7340 = LINE ( 'NONE', #3547, #9251 ) ;
#7341 = EDGE_CURVE ( 'NONE', #2240, #6894, #3510, .T. ) ;
#7342 = EDGE_CURVE ( 'NONE', #5382, #5682, #3361, .T. ) ;
#7343 = DIRECTION ( 'NONE',  ( 1.000000000000000000, 0.000000000000000000, 0.000000000000000000 ) ) ;
#7344 = DIRECTION ( 'NONE',  ( 8.850629979473505765E-16, -0.000000000000000000, 1.000000000000000000 ) ) ;
#7345 = CARTESIAN_POINT ( 'NONE',  ( 1.469999999999991980, 0.1519999999999999962, -0.6250000000000308642 ) ) ;
#7346 = EDGE_LOOP ( 'NONE', ( #3580, #6883, #1490, #6235 ) ) ;
#7347 = AXIS2_PLACEMENT_3D ( 'NONE', #6281, #9180, #4639 ) ;
#7348 = VECTOR ( 'NONE', #1683, 1000.000000000000000 ) ;
#7349 = DIRECTION ( 'NONE',  ( 0.000000000000000000, 0.000000000000000000, -1.000000000000000000 ) ) ;
#7350 = LINE ( 'NONE', #2904, #9624 ) ;
#7351 = ORIENTED_EDGE ( 'NONE', *, *, #4753, .T. ) ;
#7352 = CARTESIAN_POINT ( 'NONE',  ( -1.500000000000000222, 0.1519999999999999962, -0.6400000000000000133 ) ) ;
#7353 = ADVANCED_FACE ( 'NONE', ( #5591 ), #3459, .T. ) ;
#7354 = EDGE_CURVE ( 'NONE', #363, #8756, #6427, .T. ) ;
#7355 = AXIS2_PLACEMENT_3D ( 'NONE', #6382, #4291, #5643 ) ;
#7356 = CARTESIAN_POINT ( 'NONE',  ( -1.225000000000000089, 0.1519999999999999962, -0.7500000000000000000 ) ) ;
#7357 = CIRCLE ( 'NONE', #7005, 0.1249999999999998890 ) ;
#7358 = EDGE_CURVE ( 'NONE', #5168, #3381, #9318, .T. ) ;
#7359 = DIRECTION ( 'NONE',  ( 0.000000000000000000, 0.000000000000000000, -1.000000000000000000 ) ) ;
#7360 = ADVANCED_FACE ( 'NONE', ( #5690 ), #2022, .F. ) ;
#7361 = DIRECTION ( 'NONE',  ( 1.000000000000000000, 0.000000000000000000, 0.000000000000000000 ) ) ;
#7362 = LINE ( 'NONE', #4970, #8676 ) ;
#7363 = PRESENTATION_LAYER_ASSIGNMENT (  '', '', ( #6257 ) ) ;
#7364 = VERTEX_POINT ( 'NONE', #4287 ) ;
#7365 = ORIENTED_EDGE ( 'NONE', *, *, #2623, .T. ) ;
#7366 = LINE ( 'NONE', #703, #6497 ) ;
#7367 = ORIENTED_EDGE ( 'NONE', *, *, #4140, .T. ) ;
#7368 = DIRECTION ( 'NONE',  ( -0.000000000000000000, -1.000000000000000000, -0.000000000000000000 ) ) ;
#7369 = ORIENTED_EDGE ( 'NONE', *, *, #7049, .T. ) ;
#7370 = CIRCLE ( 'NONE', #649, 0.1249999999999998890 ) ;
#7371 = CARTESIAN_POINT ( 'NONE',  ( -0.8749999999999947820, 0.000000000000000000, -1.469999999999987317 ) ) ;
#7372 = DIRECTION ( 'NONE',  ( 0.000000000000000000, -1.000000000000000000, 0.000000000000000000 ) ) ;
#7373 = FACE_OUTER_BOUND ( 'NONE', #6136, .T. ) ;
#7374 = CARTESIAN_POINT ( 'NONE',  ( 1.225000000000002309, 0.05000000000000002359, 0.1249999999999692607 ) ) ;
#7375 = ADVANCED_FACE ( 'NONE', ( #7947 ), #1283, .T. ) ;
#7376 = ORIENTED_EDGE ( 'NONE', *, *, #3662, .F. ) ;
#7377 = ORIENTED_EDGE ( 'NONE', *, *, #6039, .F. ) ;
#7378 = LINE ( 'NONE', #2931, #5565 ) ;
#7379 = ORIENTED_EDGE ( 'NONE', *, *, #6468, .F. ) ;
#7380 = ORIENTED_EDGE ( 'NONE', *, *, #2932, .F. ) ;
#7381 = DIRECTION ( 'NONE',  ( 0.000000000000000000, 0.000000000000000000, -1.000000000000000000 ) ) ;
#7382 = EDGE_LOOP ( 'NONE', ( #3971, #8105, #7679, #1675 ) ) ;
#7383 = DIRECTION ( 'NONE',  ( 1.000000000000000000, 0.000000000000000000, -8.850629979473505765E-16 ) ) ;
#7384 = CARTESIAN_POINT ( 'NONE',  ( -1.225000000000000089, 0.1519999999999999962, -0.6250000000000001110 ) ) ;
#7385 = LINE ( 'NONE', #2939, #6714 ) ;
#7386 = AXIS2_PLACEMENT_3D ( 'NONE', #3200, #1027, #9167 ) ;
#7387 = ORIENTED_EDGE ( 'NONE', *, *, #2786, .T. ) ;
#7388 = LINE ( 'NONE', #6606, #7438 ) ;
#7389 = VECTOR ( 'NONE', #7878, 1000.000000000000000 ) ;
#7390 = VERTEX_POINT ( 'NONE', #552 ) ;
#7391 = DIRECTION ( 'NONE',  ( 1.000000000000000000, -0.000000000000000000, -0.000000000000000000 ) ) ;
#7392 = FACE_OUTER_BOUND ( 'NONE', #495, .T. ) ;
#7393 = EDGE_CURVE ( 'NONE', #159, #1222, #404, .T. ) ;
#7394 = ADVANCED_FACE ( 'NONE', ( #9516 ), #6479, .T. ) ;
#7395 = DIRECTION ( 'NONE',  ( 3.982783490763077545E-15, -0.000000000000000000, -1.000000000000000000 ) ) ;
#7396 = DIRECTION ( 'NONE',  ( -1.000000000000000000, 0.000000000000000000, 0.000000000000000000 ) ) ;
#7397 = ORIENTED_EDGE ( 'NONE', *, *, #7548, .T. ) ;
#7398 = VECTOR ( 'NONE', #3201, 1000.000000000000000 ) ;
#7399 = SURFACE_SIDE_STYLE ('',( #645 ) ) ;
#7400 = CARTESIAN_POINT ( 'NONE',  ( 1.500000000000002442, 0.1519999999999999962, 0.3599999999999691225 ) ) ;
#7401 = ORIENTED_EDGE ( 'NONE', *, *, #2327, .T. ) ;
#7402 = LINE ( 'NONE', #3559, #4935 ) ;
#7403 = CIRCLE ( 'NONE', #5527, 0.1250000000000159317 ) ;
#7404 = CARTESIAN_POINT ( 'NONE',  ( -0.3599999999999806688, 0.1519999999999999962, 1.469999999999983320 ) ) ;
#7405 = CARTESIAN_POINT ( 'NONE',  ( -1.225000000000000089, 0.1519999999999999962, -0.7500000000000000000 ) ) ;
#7406 = EDGE_CURVE ( 'NONE', #3817, #1342, #9020, .T. ) ;
#7407 = DIRECTION ( 'NONE',  ( 0.000000000000000000, 0.000000000000000000, -1.000000000000000000 ) ) ;
#7408 = ADVANCED_FACE ( 'NONE', ( #2908 ), #8883, .T. ) ;
#7409 = DIRECTION ( 'NONE',  ( -7.228014483236677820E-15, 0.000000000000000000, -1.000000000000000000 ) ) ;
#7410 = EDGE_CURVE ( 'NONE', #1659, #1768, #5885, .T. ) ;
#7411 =( GEOMETRIC_REPRESENTATION_CONTEXT ( 3 ) GLOBAL_UNCERTAINTY_ASSIGNED_CONTEXT ( ( #2236 ) ) GLOBAL_UNIT_ASSIGNED_CONTEXT ( ( #1653, #7621, #2438 ) ) REPRESENTATION_CONTEXT ( 'NONE', 'WORKASPACE' ) );
#7412 = VERTEX_POINT ( 'NONE', #8975 ) ;
#7413 = EDGE_LOOP ( 'NONE', ( #3277, #4110, #6140, #3121 ) ) ;
#7414 = CARTESIAN_POINT ( 'NONE',  ( -1.499999999999995115, 0.1519999999999999962, -0.1400000000000000411 ) ) ;
#7415 = EDGE_LOOP ( 'NONE', ( #1504, #2776, #9669, #5420 ) ) ;
#7416 = CARTESIAN_POINT ( 'NONE',  ( -1.500000000000000222, 0.1519999999999999962, -0.6400000000000000133 ) ) ;
#7417 = ORIENTED_EDGE ( 'NONE', *, *, #1419, .F. ) ;
#7418 = FACE_OUTER_BOUND ( 'NONE', #5369, .T. ) ;
#7419 = PLANE ( 'NONE',  #8741 ) ;
#7420 = CARTESIAN_POINT ( 'NONE',  ( 1.499999999999992006, 0.05000000000000002359, -0.8600000000000308509 ) ) ;
#7421 = DIRECTION ( 'NONE',  ( -0.000000000000000000, -1.000000000000000000, -0.000000000000000000 ) ) ;
#7422 = VECTOR ( 'NONE', #2465, 1000.000000000000000 ) ;
#7423 = ADVANCED_FACE ( 'NONE', ( #4339 ), #8147, .F. ) ;
#7424 = ORIENTED_EDGE ( 'NONE', *, *, #1664, .T. ) ;
#7425 = VERTEX_POINT ( 'NONE', #6621 ) ;
#7426 = CYLINDRICAL_SURFACE ( 'NONE', #4171, 0.1499999999999999667 ) ;
#7427 = ORIENTED_EDGE ( 'NONE', *, *, #9693, .F. ) ;
#7428 = ORIENTED_EDGE ( 'NONE', *, *, #3230, .T. ) ;
#7429 = LINE ( 'NONE', #8312, #1379 ) ;
#7430 = EDGE_CURVE ( 'NONE', #7881, #4084, #1383, .T. ) ;
#7431 = VERTEX_POINT ( 'NONE', #3606 ) ;
#7432 = VECTOR ( 'NONE', #334, 1000.000000000000000 ) ;
#7433 = FACE_OUTER_BOUND ( 'NONE', #2832, .T. ) ;
#7434 = CIRCLE ( 'NONE', #4943, 0.1249999999999998890 ) ;
#7435 = DIRECTION ( 'NONE',  ( 0.000000000000000000, -1.000000000000000000, 0.000000000000000000 ) ) ;
#7436 = DIRECTION ( 'NONE',  ( 0.000000000000000000, 1.000000000000000000, 0.000000000000000000 ) ) ;
#7437 = EDGE_LOOP ( 'NONE', ( #5151, #3408, #3908, #8310 ) ) ;
#7438 = VECTOR ( 'NONE', #1561, 1000.000000000000000 ) ;
#7439 = CARTESIAN_POINT ( 'NONE',  ( -0.3599999999999806688, 0.1519999999999999962, 1.469999999999983320 ) ) ;
#7440 = ORIENTED_EDGE ( 'NONE', *, *, #7692, .T. ) ;
#7441 = LINE ( 'NONE', #2204, #4093 ) ;
#7442 = PLANE ( 'NONE',  #6294 ) ;
#7443 = DIRECTION ( 'NONE',  ( 0.000000000000000000, 0.000000000000000000, -1.000000000000000000 ) ) ;
#7444 = DIRECTION ( 'NONE',  ( 0.000000000000000000, -1.000000000000000000, 0.000000000000000000 ) ) ;
#7445 = VECTOR ( 'NONE', #9539, 1000.000000000000000 ) ;
#7446 = ORIENTED_EDGE ( 'NONE', *, *, #8194, .F. ) ;
#7447 = DIRECTION ( 'NONE',  ( 1.000000000000000000, 0.000000000000000000, 0.000000000000000000 ) ) ;
#7448 = DIRECTION ( 'NONE',  ( -0.000000000000000000, -1.000000000000000000, -0.000000000000000000 ) ) ;
#7449 = EDGE_CURVE ( 'NONE', #5768, #134, #4, .T. ) ;
#7450 = EDGE_CURVE ( 'NONE', #3918, #1645, #8176, .T. ) ;
#7451 = VECTOR ( 'NONE', #8104, 1000.000000000000000 ) ;
#7452 = ORIENTED_EDGE ( 'NONE', *, *, #8785, .T. ) ;
#7453 = CARTESIAN_POINT ( 'NONE',  ( -0.7499999999999956701, 0.1519999999999999962, -1.224999999999986988 ) ) ;
#7454 = LINE ( 'NONE', #2267, #7062 ) ;
#7455 = DIRECTION ( 'NONE',  ( 1.000000000000000000, -0.000000000000000000, -0.000000000000000000 ) ) ;
#7456 = PLANE ( 'NONE',  #3300 ) ;
#7457 = PLANE ( 'NONE',  #2894 ) ;
#7458 = EDGE_CURVE ( 'NONE', #8861, #6010, #3003, .T. ) ;
#7459 = ORIENTED_EDGE ( 'NONE', *, *, #7393, .T. ) ;
#7460 = ORIENTED_EDGE ( 'NONE', *, *, #7119, .T. ) ;
#7461 = CARTESIAN_POINT ( 'NONE',  ( 0.1400000000000053701, 0.1519999999999999962, -1.499999999999994449 ) ) ;
#7462 = ADVANCED_FACE ( 'NONE', ( #4482 ), #2312, .F. ) ;
#7463 = VERTEX_POINT ( 'NONE', #8929 ) ;
#7464 = FACE_OUTER_BOUND ( 'NONE', #528, .T. ) ;
#7465 = ADVANCED_FACE ( 'NONE', ( #3708 ), #2217, .T. ) ;
#7466 = ORIENTED_EDGE ( 'NONE', *, *, #835, .F. ) ;
#7467 = ADVANCED_FACE ( 'NONE', ( #5207 ), #9663, .T. ) ;
#7468 = PLANE ( 'NONE',  #2562 ) ;
#7469 = PLANE ( 'NONE',  #8898 ) ;
#7470 = CARTESIAN_POINT ( 'NONE',  ( -1.469999999999984652, 0.1519999999999999962, 0.8599999999999999867 ) ) ;
#7471 = CARTESIAN_POINT ( 'NONE',  ( 1.469999999999991980, 0.1519999999999999962, -0.8600000000000308509 ) ) ;
#7472 = ORIENTED_EDGE ( 'NONE', *, *, #5018, .T. ) ;
#7473 = EDGE_LOOP ( 'NONE', ( #9187, #9054, #7737, #7911 ) ) ;
#7474 = CARTESIAN_POINT ( 'NONE',  ( -0.8599999999999807798, 0.1519999999999999962, 1.469999999999988649 ) ) ;
#7475 = ORIENTED_EDGE ( 'NONE', *, *, #1036, .F. ) ;
#7476 = ORIENTED_EDGE ( 'NONE', *, *, #921, .F. ) ;
#7477 = LINE ( 'NONE', #1458, #3747 ) ;
#7478 = AXIS2_PLACEMENT_3D ( 'NONE', #8904, #2885, #2193 ) ;
#7479 = CARTESIAN_POINT ( 'NONE',  ( 1.500000000000002442, 0.05000000000000002359, 0.3599999999999691225 ) ) ;
#7480 = ADVANCED_FACE ( 'NONE', ( #4383 ), #9619, .F. ) ;
#7481 = CARTESIAN_POINT ( 'NONE',  ( -0.6250000000000006661, 0.05000000000000002359, -2.489239681726926029E-15 ) ) ;
#7482 = CARTESIAN_POINT ( 'NONE',  ( -1.499999999999984679, 0.05000000000000002359, 0.8599999999999999867 ) ) ;
#7483 = LINE ( 'NONE', #4836, #2808 ) ;
#7484 = EDGE_CURVE ( 'NONE', #9682, #5735, #7454, .T. ) ;
#7485 = AXIS2_PLACEMENT_3D ( 'NONE', #7574, #3633, #3125 ) ;
#7486 = DIRECTION ( 'NONE',  ( 0.000000000000000000, -1.000000000000000000, 0.000000000000000000 ) ) ;
#7487 = ORIENTED_EDGE ( 'NONE', *, *, #9373, .F. ) ;
#7488 = CARTESIAN_POINT ( 'NONE',  ( 1.470000000000007523, 0.1519999999999999962, 0.6399999999999691491 ) ) ;
#7489 = VERTEX_POINT ( 'NONE', #5253 ) ;
#7490 = LINE ( 'NONE', #5242, #351 ) ;
#7491 = CIRCLE ( 'NONE', #7796, 0.1249999999999998890 ) ;
#7492 = CARTESIAN_POINT ( 'NONE',  ( -0.3599999999999947131, 0.000000000000000000, -1.469999999999990870 ) ) ;
#7493 = LINE ( 'NONE', #642, #7646 ) ;
#7494 = ORIENTED_EDGE ( 'NONE', *, *, #6081, .T. ) ;
#7495 =( NAMED_UNIT ( * ) SI_UNIT ( $, .STERADIAN. ) SOLID_ANGLE_UNIT ( ) );
#7496 = CARTESIAN_POINT ( 'NONE',  ( 0.1250000000000052458, 0.1519999999999999962, -1.469999999999994422 ) ) ;
#7497 = ADVANCED_FACE ( 'NONE', ( #8243 ), #1526, .F. ) ;
#7498 = VECTOR ( 'NONE', #7024, 1000.000000000000000 ) ;
#7499 = VECTOR ( 'NONE', #3339, 1000.000000000000000 ) ;
#7500 = DIRECTION ( 'NONE',  ( -1.000000000000000000, 0.000000000000000000, -0.000000000000000000 ) ) ;
#7501 = CARTESIAN_POINT ( 'NONE',  ( 0.8600000000000052047, 0.1519999999999999962, -1.469999999999996865 ) ) ;
#7502 = AXIS2_PLACEMENT_3D ( 'NONE', #7471, #667, #2972 ) ;
#7503 = VECTOR ( 'NONE', #4216, 1000.000000000000000 ) ;
#7504 = EDGE_CURVE ( 'NONE', #3805, #8059, #6762, .T. ) ;
#7505 = PLANE ( 'NONE',  #2801 ) ;
#7506 = LINE ( 'NONE', #3659, #4548 ) ;
#7507 = LINE ( 'NONE', #5301, #5694 ) ;
#7508 = VECTOR ( 'NONE', #2414, 1000.000000000000000 ) ;
#7509 = AXIS2_PLACEMENT_3D ( 'NONE', #6195, #5424, #9239 ) ;
#7510 = ORIENTED_EDGE ( 'NONE', *, *, #5444, .F. ) ;
#7511 = ORIENTED_EDGE ( 'NONE', *, *, #1414, .T. ) ;
#7512 = DIRECTION ( 'NONE',  ( 0.000000000000000000, 0.000000000000000000, -1.000000000000000000 ) ) ;
#7513 = ORIENTED_EDGE ( 'NONE', *, *, #9441, .T. ) ;
#7514 = DIRECTION ( 'NONE',  ( 3.982783490763077545E-15, 0.000000000000000000, -1.000000000000000000 ) ) ;
#7515 = ORIENTED_EDGE ( 'NONE', *, *, #7430, .F. ) ;
#7516 = DIRECTION ( 'NONE',  ( 0.000000000000000000, -1.000000000000000000, 0.000000000000000000 ) ) ;
#7517 = FACE_OUTER_BOUND ( 'NONE', #5824, .T. ) ;
#7518 = ADVANCED_FACE ( 'NONE', ( #9116 ), #1672, .T. ) ;
#7519 = CARTESIAN_POINT ( 'NONE',  ( -0.3749999999999806821, 0.1519999999999999962, 1.469999999999983320 ) ) ;
#7520 = LINE ( 'NONE', #8897, #5625 ) ;
#7521 = ORIENTED_EDGE ( 'NONE', *, *, #648, .T. ) ;
#7522 = EDGE_LOOP ( 'NONE', ( #7874, #9642, #2446, #2719 ) ) ;
#7523 = CARTESIAN_POINT ( 'NONE',  ( 0.3750000000000193179, 0.000000000000000000, 1.469999999999977991 ) ) ;
#7524 = VECTOR ( 'NONE', #862, 1000.000000000000000 ) ;
#7525 = VERTEX_POINT ( 'NONE', #7642 ) ;
#7526 = VERTEX_POINT ( 'NONE', #2505 ) ;
#7527 = SURFACE_STYLE_FILL_AREA ( #6646 ) ;
#7528 = DIRECTION ( 'NONE',  ( 7.228014483236677820E-15, 0.000000000000000000, 1.000000000000000000 ) ) ;
#7529 = DIRECTION ( 'NONE',  ( -0.000000000000000000, -1.000000000000000000, -0.000000000000000000 ) ) ;
#7530 = CARTESIAN_POINT ( 'NONE',  ( -1.469999999999989759, 0.1519999999999999962, 0.1400000000000000411 ) ) ;
#7531 = DIRECTION ( 'NONE',  ( -1.000000000000000000, 0.000000000000000000, 6.637972484605129570E-16 ) ) ;
#7532 = AXIS2_PLACEMENT_3D ( 'NONE', #2279, #6771, #2133 ) ;
#7533 = EDGE_CURVE ( 'NONE', #2241, #957, #7596, .T. ) ;
#7534 = EDGE_CURVE ( 'NONE', #1516, #4659, #5974, .T. ) ;
#7535 = EDGE_LOOP ( 'NONE', ( #6909, #6720, #1194, #2194 ) ) ;
#7536 = DIRECTION ( 'NONE',  ( 0.000000000000000000, -1.000000000000000000, 0.000000000000000000 ) ) ;
#7537 = ORIENTED_EDGE ( 'NONE', *, *, #7267, .T. ) ;
#7538 = LINE ( 'NONE', #916, #8309 ) ;
#7539 = VERTEX_POINT ( 'NONE', #4672 ) ;
#7540 = VECTOR ( 'NONE', #5452, 1000.000000000000000 ) ;
#7541 = DIRECTION ( 'NONE',  ( 1.000000000000000000, 0.000000000000000000, 4.425314989736752882E-16 ) ) ;
#7542 = DIRECTION ( 'NONE',  ( 1.000000000000000000, 0.000000000000000000, -0.000000000000000000 ) ) ;
#7543 = CARTESIAN_POINT ( 'NONE',  ( -1.499999999999995115, 0.1519999999999999962, -0.3599999999999999867 ) ) ;
#7544 = ORIENTED_EDGE ( 'NONE', *, *, #9357, .F. ) ;
#7545 = LINE ( 'NONE', #3881, #3630 ) ;
#7546 = DIRECTION ( 'NONE',  ( -1.000000000000000000, 0.000000000000000000, 0.000000000000000000 ) ) ;
#7547 = AXIS2_PLACEMENT_3D ( 'NONE', #4139, #4091, #1977 ) ;
#7548 = EDGE_CURVE ( 'NONE', #415, #1768, #291, .T. ) ;
#7549 = FACE_OUTER_BOUND ( 'NONE', #5283, .T. ) ;
#7550 = DIRECTION ( 'NONE',  ( 0.000000000000000000, 1.000000000000000000, -0.000000000000000000 ) ) ;
#7551 = ADVANCED_FACE ( 'NONE', ( #8385 ), #1716, .F. ) ;
#7552 = AXIS2_PLACEMENT_3D ( 'NONE', #2304, #9011, #7541 ) ;
#7553 = CARTESIAN_POINT ( 'NONE',  ( 0.2500000000000192624, 0.1519999999999999962, 1.224999999999978106 ) ) ;
#7554 = PLANE ( 'NONE',  #4082 ) ;
#7555 = DIRECTION ( 'NONE',  ( 7.228014483236677820E-15, 0.000000000000000000, 1.000000000000000000 ) ) ;
#7556 = CIRCLE ( 'NONE', #9117, 0.1249999999999998890 ) ;
#7557 = ORIENTED_EDGE ( 'NONE', *, *, #4373, .T. ) ;
#7558 = CARTESIAN_POINT ( 'NONE',  ( 1.224999999999997202, 0.000000000000000000, -0.2500000000000308642 ) ) ;
#7559 = ORIENTED_EDGE ( 'NONE', *, *, #6759, .F. ) ;
#7560 = CARTESIAN_POINT ( 'NONE',  ( -0.3749999999999806821, 0.1519999999999999962, 1.469999999999983320 ) ) ;
#7561 = EDGE_LOOP ( 'NONE', ( #3756, #8296, #4312, #443 ) ) ;
#7562 = CARTESIAN_POINT ( 'NONE',  ( 0.3600000000000053157, 0.05000000000000002359, -1.499999999999993561 ) ) ;
#7563 = CARTESIAN_POINT ( 'NONE',  ( 1.224999999999997202, 0.1519999999999999962, -0.2500000000000308642 ) ) ;
#7564 = CIRCLE ( 'NONE', #2875, 0.1249999999999998890 ) ;
#7565 = LINE ( 'NONE', #3167, #932 ) ;
#7566 = EDGE_CURVE ( 'NONE', #5063, #4297, #5488, .T. ) ;
#7567 = ORIENTED_EDGE ( 'NONE', *, *, #4524, .T. ) ;
#7568 = ORIENTED_EDGE ( 'NONE', *, *, #7974, .T. ) ;
#7569 = DIRECTION ( 'NONE',  ( 3.982783490763077545E-15, -0.000000000000000000, -1.000000000000000000 ) ) ;
#7570 = EDGE_CURVE ( 'NONE', #7775, #8131, #885, .T. ) ;
#7571 = VECTOR ( 'NONE', #8954, 1000.000000000000000 ) ;
#7572 = ORIENTED_EDGE ( 'NONE', *, *, #6318, .F. ) ;
#7573 = EDGE_LOOP ( 'NONE', ( #2857, #6231, #2879, #4281 ) ) ;
#7574 = CARTESIAN_POINT ( 'NONE',  ( 1.470000000000002416, 0.1519999999999999962, 0.1249999999999691358 ) ) ;
#7575 = CARTESIAN_POINT ( 'NONE',  ( 1.224999999999997202, 0.05000000000000002359, -0.3750000000000307532 ) ) ;
#7576 = SURFACE_STYLE_FILL_AREA ( #3084 ) ;
#7577 = LINE ( 'NONE', #2483, #8916 ) ;
#7578 = AXIS2_PLACEMENT_3D ( 'NONE', #8886, #1437, #2315 ) ;
#7579 = DIRECTION ( 'NONE',  ( -0.000000000000000000, -1.000000000000000000, -0.000000000000000000 ) ) ;
#7580 = ORIENTED_EDGE ( 'NONE', *, *, #5967, .T. ) ;
#7581 = DIRECTION ( 'NONE',  ( 2.212657494868376441E-16, 0.000000000000000000, -1.000000000000000000 ) ) ;
#7582 = VERTEX_POINT ( 'NONE', #6849 ) ;
#7583 = CARTESIAN_POINT ( 'NONE',  ( -0.3750000000000288103, 0.1519999999999999962, 1.224999999999990763 ) ) ;
#7584 = VERTEX_POINT ( 'NONE', #3886 ) ;
#7585 = LINE ( 'NONE', #42, #3657 ) ;
#7586 = EDGE_CURVE ( 'NONE', #8847, #2275, #147, .T. ) ;
#7587 = EDGE_CURVE ( 'NONE', #4310, #8338, #101, .T. ) ;
#7588 = CARTESIAN_POINT ( 'NONE',  ( 0.7500000000000193179, 0.000000000000000000, 1.099999999999972777 ) ) ;
#7589 = DIRECTION ( 'NONE',  ( 0.000000000000000000, -0.000000000000000000, -1.000000000000000000 ) ) ;
#7590 = ORIENTED_EDGE ( 'NONE', *, *, #7158, .F. ) ;
#7591 = CIRCLE ( 'NONE', #6950, 0.1249999999999998890 ) ;
#7592 = SURFACE_SIDE_STYLE ('',( #1620 ) ) ;
#7593 = LINE ( 'NONE', #8478, #1009 ) ;
#7594 = CYLINDRICAL_SURFACE ( 'NONE', #4823, 0.1250000000000159317 ) ;
#7595 = VECTOR ( 'NONE', #1748, 1000.000000000000000 ) ;
#7596 = LINE ( 'NONE', #4033, #5504 ) ;
#7597 = CLOSED_SHELL ( 'NONE', ( #8254, #4090, #4157, #9202, #8472, #5244, #8605, #3968, #4386, #2323 ) ) ;
#7598 = ADVANCED_FACE ( 'NONE', ( #6992 ), #6165, .T. ) ;
#7599 = DIRECTION ( 'NONE',  ( 3.614007241618338910E-15, 0.000000000000000000, -1.000000000000000000 ) ) ;
#7600 = ORIENTED_EDGE ( 'NONE', *, *, #5881, .F. ) ;
#7601 = DIRECTION ( 'NONE',  ( 0.000000000000000000, -1.000000000000000000, 0.000000000000000000 ) ) ;
#7602 = PLANE ( 'NONE',  #5854 ) ;
#7603 = VECTOR ( 'NONE', #1191, 1000.000000000000000 ) ;
#7604 = VERTEX_POINT ( 'NONE', #6117 ) ;
#7605 = FACE_OUTER_BOUND ( 'NONE', #6863, .T. ) ;
#7606 = ORIENTED_EDGE ( 'NONE', *, *, #1123, .F. ) ;
#7607 = LINE ( 'NONE', #257, #6437 ) ;
#7608 = ORIENTED_EDGE ( 'NONE', *, *, #1382, .T. ) ;
#7609 = LINE ( 'NONE', #3017, #4380 ) ;
#7610 = CARTESIAN_POINT ( 'NONE',  ( -0.2499999999999956146, 0.1519999999999999962, -1.224999999999990319 ) ) ;
#7611 = DIRECTION ( 'NONE',  ( 0.000000000000000000, 0.000000000000000000, -1.000000000000000000 ) ) ;
#7612 = EDGE_LOOP ( 'NONE', ( #4763, #8610, #5530, #5902, #3040, #5199, #7041, #3321 ) ) ;
#7613 = EDGE_CURVE ( 'NONE', #3732, #7094, #6068, .T. ) ;
#7614 = ORIENTED_EDGE ( 'NONE', *, *, #9078, .T. ) ;
#7615 = ORIENTED_EDGE ( 'NONE', *, *, #4023, .F. ) ;
#7616 = DIRECTION ( 'NONE',  ( 0.000000000000000000, 0.000000000000000000, 1.000000000000000000 ) ) ;
#7617 = ORIENTED_EDGE ( 'NONE', *, *, #678, .F. ) ;
#7618 = ORIENTED_EDGE ( 'NONE', *, *, #5481, .T. ) ;
#7619 = LINE ( 'NONE', #6143, #5212 ) ;
#7620 = DIRECTION ( 'NONE',  ( 1.000000000000000000, 0.000000000000000000, -1.301042606982616933E-13 ) ) ;
#7621 =( NAMED_UNIT ( * ) PLANE_ANGLE_UNIT ( ) SI_UNIT ( $, .RADIAN. ) );
#7622 = DIRECTION ( 'NONE',  ( 0.000000000000000000, 1.000000000000000000, 0.000000000000000000 ) ) ;
#7623 = EDGE_CURVE ( 'NONE', #1339, #8434, #4621, .T. ) ;
#7624 = CARTESIAN_POINT ( 'NONE',  ( 1.500000000000007550, 0.1519999999999999962, 0.6399999999999691491 ) ) ;
#7625 = ORIENTED_EDGE ( 'NONE', *, *, #3245, .T. ) ;
#7626 = LINE ( 'NONE', #3919, #3231 ) ;
#7627 = ORIENTED_EDGE ( 'NONE', *, *, #6263, .T. ) ;
#7628 = ORIENTED_EDGE ( 'NONE', *, *, #5308, .T. ) ;
#7629 = CARTESIAN_POINT ( 'NONE',  ( 0.1400000000000193312, 0.1519999999999999962, 1.469999999999977991 ) ) ;
#7630 = ORIENTED_EDGE ( 'NONE', *, *, #8386, .T. ) ;
#7631 = DIRECTION ( 'NONE',  ( -0.000000000000000000, -1.000000000000000000, -0.000000000000000000 ) ) ;
#7632 = CARTESIAN_POINT ( 'NONE',  ( 1.499999999999997113, 0.1519999999999999962, -0.3600000000000307954 ) ) ;
#7633 = DIRECTION ( 'NONE',  ( -0.000000000000000000, -1.000000000000000000, -0.000000000000000000 ) ) ;
#7634 = STYLED_ITEM ( 'NONE', ( #720 ), #2957 ) ;
#7635 = EDGE_CURVE ( 'NONE', #6511, #4797, #2410, .T. ) ;
#7636 = VERTEX_POINT ( 'NONE', #9065 ) ;
#7637 = PRESENTATION_STYLE_ASSIGNMENT (( #5923 ) ) ;
#7638 = DIRECTION ( 'NONE',  ( 0.000000000000000000, 0.000000000000000000, 1.000000000000000000 ) ) ;
#7639 = ADVANCED_FACE ( 'NONE', ( #3247 ), #2550, .T. ) ;
#7640 = STYLED_ITEM ( 'NONE', ( #9583 ), #3074 ) ;
#7641 = DIRECTION ( 'NONE',  ( -0.000000000000000000, -1.000000000000000000, -0.000000000000000000 ) ) ;
#7642 = CARTESIAN_POINT ( 'NONE',  ( -0.3599999999999806688, 0.05000000000000002359, 1.469999999999983320 ) ) ;
#7643 = LINE ( 'NONE', #3939, #3903 ) ;
#7644 = EDGE_LOOP ( 'NONE', ( #5798, #5696, #4845, #1781 ) ) ;
#7645 = VECTOR ( 'NONE', #5980, 1000.000000000000000 ) ;
#7646 = VECTOR ( 'NONE', #5875, 1000.000000000000000 ) ;
#7647 = CARTESIAN_POINT ( 'NONE',  ( 1.499999999999997113, 0.1519999999999999962, -0.1400000000000309053 ) ) ;
#7648 = DIRECTION ( 'NONE',  ( 0.000000000000000000, -1.000000000000000000, 0.000000000000000000 ) ) ;
#7649 = EDGE_CURVE ( 'NONE', #6721, #415, #3840, .T. ) ;
#7650 = ADVANCED_FACE ( 'NONE', ( #2361 ), #1625, .F. ) ;
#7651 = VERTEX_POINT ( 'NONE', #7787 ) ;
#7652 = DIRECTION ( 'NONE',  ( 0.000000000000000000, 0.000000000000000000, 1.000000000000000000 ) ) ;
#7653 = ORIENTED_EDGE ( 'NONE', *, *, #1036, .T. ) ;
#7654 = DIRECTION ( 'NONE',  ( 0.000000000000000000, 1.000000000000000000, 0.000000000000000000 ) ) ;
#7655 = VECTOR ( 'NONE', #2889, 1000.000000000000000 ) ;
#7656 = ORIENTED_EDGE ( 'NONE', *, *, #4272, .T. ) ;
#7657 = CARTESIAN_POINT ( 'NONE',  ( 1.469999999999997087, 0.05000000000000002359, -0.3600000000000307954 ) ) ;
#7658 = EDGE_CURVE ( 'NONE', #3198, #8025, #7195, .T. ) ;
#7659 = LINE ( 'NONE', #1733, #2195 ) ;
#7660 = DIRECTION ( 'NONE',  ( -1.000000000000000000, 0.000000000000000000, -0.000000000000000000 ) ) ;
#7661 = CIRCLE ( 'NONE', #7347, 0.1249999999999998890 ) ;
#7662 = AXIS2_PLACEMENT_3D ( 'NONE', #6915, #3995, #209 ) ;
#7663 = ORIENTED_EDGE ( 'NONE', *, *, #1673, .F. ) ;
#7664 = ORIENTED_EDGE ( 'NONE', *, *, #6994, .T. ) ;
#7665 = LINE ( 'NONE', #263, #717 ) ;
#7666 = ORIENTED_EDGE ( 'NONE', *, *, #4326, .F. ) ;
#7667 = ORIENTED_EDGE ( 'NONE', *, *, #428, .T. ) ;
#7668 = AXIS2_PLACEMENT_3D ( 'NONE', #3365, #8003, #8639 ) ;
#7669 = CARTESIAN_POINT ( 'NONE',  ( 1.500000000000007550, 0.1519999999999999962, 0.8599999999999691225 ) ) ;
#7670 = DIRECTION ( 'NONE',  ( -1.000000000000000000, -0.000000000000000000, -0.000000000000000000 ) ) ;
#7671 = ADVANCED_FACE ( 'NONE', ( #1119 ), #542, .T. ) ;
#7672 = CARTESIAN_POINT ( 'NONE',  ( 0.3750000000000191513, 0.1519999999999999962, 1.224999999999978106 ) ) ;
#7673 = CARTESIAN_POINT ( 'NONE',  ( 0.6250000000000052180, 0.05000000000000002359, -1.469999999999997753 ) ) ;
#7674 = CARTESIAN_POINT ( 'NONE',  ( 1.470000000000002416, 0.000000000000000000, 0.3599999999999691225 ) ) ;
#7675 = COLOUR_RGB ( '',0.7921568627450980005, 0.8196078431372548767, 0.9333333333333333481 ) ;
#7676 = ORIENTED_EDGE ( 'NONE', *, *, #2504, .F. ) ;
#7677 = DIRECTION ( 'NONE',  ( -2.212657494868376441E-16, -0.000000000000000000, 1.000000000000000000 ) ) ;
#7678 = ORIENTED_EDGE ( 'NONE', *, *, #5707, .T. ) ;
#7679 = ORIENTED_EDGE ( 'NONE', *, *, #7613, .F. ) ;
#7680 = CARTESIAN_POINT ( 'NONE',  ( 0.1400000000000193312, 0.1519999999999999962, 1.469999999999977991 ) ) ;
#7681 = ORIENTED_EDGE ( 'NONE', *, *, #4655, .T. ) ;
#7682 = LINE ( 'NONE', #971, #1605 ) ;
#7683 = DIRECTION ( 'NONE',  ( -1.000000000000000000, 0.000000000000000000, 4.425314989736752882E-16 ) ) ;
#7684 = CARTESIAN_POINT ( 'NONE',  ( 1.500000000000002442, 0.1519999999999999962, 0.1399999999999691769 ) ) ;
#7685 = VECTOR ( 'NONE', #2549, 1000.000000000000000 ) ;
#7686 = ORIENTED_EDGE ( 'NONE', *, *, #5330, .F. ) ;
#7687 = SURFACE_STYLE_USAGE ( .BOTH. , #6757 ) ;
#7688 = CARTESIAN_POINT ( 'NONE',  ( 0.6250000000000006661, 0.05000000000000002359, 1.936075308009831882E-15 ) ) ;
#7689 = VECTOR ( 'NONE', #991, 1000.000000000000000 ) ;
#7690 = ORIENTED_EDGE ( 'NONE', *, *, #743, .F. ) ;
#7691 = EDGE_CURVE ( 'NONE', #7214, #761, #2602, .T. ) ;
#7692 = EDGE_CURVE ( 'NONE', #2764, #2298, #7097, .T. ) ;
#7693 = CARTESIAN_POINT ( 'NONE',  ( 1.470000000000007523, 0.000000000000000000, 0.8599999999999691225 ) ) ;
#7694 = CARTESIAN_POINT ( 'NONE',  ( 1.225000000000002309, 0.1519999999999999962, 0.2499999999999691636 ) ) ;
#7695 = DIRECTION ( 'NONE',  ( -1.000000000000000000, 0.000000000000000000, -3.982783490763077545E-15 ) ) ;
#7696 = ORIENTED_EDGE ( 'NONE', *, *, #6067, .F. ) ;
#7697 = VECTOR ( 'NONE', #8431, 1000.000000000000000 ) ;
#7698 = CARTESIAN_POINT ( 'NONE',  ( -1.224999999999994982, 0.1519999999999999962, -0.2500000000000000000 ) ) ;
#7699 = CARTESIAN_POINT ( 'NONE',  ( 1.499999999999992006, 0.1519999999999999962, -0.6400000000000309885 ) ) ;
#7700 = ORIENTED_EDGE ( 'NONE', *, *, #5092, .F. ) ;
#7701 = CARTESIAN_POINT ( 'NONE',  ( 1.469999999999991980, 0.05000000000000002359, 0.000000000000000000 ) ) ;
#7702 = VECTOR ( 'NONE', #6359, 1000.000000000000000 ) ;
#7703 = ORIENTED_EDGE ( 'NONE', *, *, #9146, .F. ) ;
#7704 = CARTESIAN_POINT ( 'NONE',  ( 0.8600000000000191935, 0.1519999999999999962, 1.469999999999972662 ) ) ;
#7705 = EDGE_CURVE ( 'NONE', #4625, #5552, #2650, .T. ) ;
#7706 = ADVANCED_FACE ( 'NONE', ( #4810 ), #1169, .F. ) ;
#7707 = CARTESIAN_POINT ( 'NONE',  ( -1.469999999999994866, 0.1519999999999999962, -0.3750000000000000000 ) ) ;
#7708 = DIRECTION ( 'NONE',  ( 0.000000000000000000, -1.000000000000000000, 0.000000000000000000 ) ) ;
#7709 = EDGE_LOOP ( 'NONE', ( #6153, #458, #8501, #689 ) ) ;
#7710 = AXIS2_PLACEMENT_3D ( 'NONE', #6972, #6236, #7019 ) ;
#7711 = ORIENTED_EDGE ( 'NONE', *, *, #480, .F. ) ;
#7712 = ORIENTED_EDGE ( 'NONE', *, *, #6390, .T. ) ;
#7713 = CARTESIAN_POINT ( 'NONE',  ( -1.469999999999994866, 0.1519999999999999962, -0.3599999999999999867 ) ) ;
#7714 = EDGE_LOOP ( 'NONE', ( #756, #6799, #459, #216 ) ) ;
#7715 = ORIENTED_EDGE ( 'NONE', *, *, #3117, .F. ) ;
#7716 = AXIS2_PLACEMENT_3D ( 'NONE', #8326, #9058, #3239 ) ;
#7717 = CARTESIAN_POINT ( 'NONE',  ( -1.469999999999989759, 0.1519999999999999962, 0.1250000000000000000 ) ) ;
#7718 = DIRECTION ( 'NONE',  ( 0.000000000000000000, -1.000000000000000000, 0.000000000000000000 ) ) ;
#7719 = CARTESIAN_POINT ( 'NONE',  ( 0.8750000000000042188, 0.1519999999999999962, -1.224999999999996980 ) ) ;
#7720 = DIRECTION ( 'NONE',  ( 0.000000000000000000, -1.000000000000000000, 0.000000000000000000 ) ) ;
#7721 = DIRECTION ( 'NONE',  ( 0.000000000000000000, -0.000000000000000000, -1.000000000000000000 ) ) ;
#7722 = EDGE_CURVE ( 'NONE', #9486, #3906, #341, .T. ) ;
#7723 = ORIENTED_EDGE ( 'NONE', *, *, #1762, .T. ) ;
#7724 = CARTESIAN_POINT ( 'NONE',  ( -1.200000000000000400, 0.8000000000000000444, -1.200000000000000178 ) ) ;
#7725 = EDGE_CURVE ( 'NONE', #3720, #2636, #8573, .T. ) ;
#7726 = ORIENTED_EDGE ( 'NONE', *, *, #2454, .T. ) ;
#7727 = VERTEX_POINT ( 'NONE', #7988 ) ;
#7728 = DIRECTION ( 'NONE',  ( -0.000000000000000000, -1.000000000000000000, -0.000000000000000000 ) ) ;
#7729 = ORIENTED_EDGE ( 'NONE', *, *, #321, .F. ) ;
#7730 = FACE_OUTER_BOUND ( 'NONE', #2330, .T. ) ;
#7731 = CARTESIAN_POINT ( 'NONE',  ( -1.469999999999989759, 0.000000000000000000, 0.1400000000000000411 ) ) ;
#7732 = DIRECTION ( 'NONE',  ( 0.000000000000000000, -1.000000000000000000, 0.000000000000000000 ) ) ;
#7733 = STYLED_ITEM ( 'NONE', ( #5080 ), #1362 ) ;
#7734 = ORIENTED_EDGE ( 'NONE', *, *, #6856, .T. ) ;
#7735 = FACE_OUTER_BOUND ( 'NONE', #6544, .T. ) ;
#7736 = VECTOR ( 'NONE', #2608, 1000.000000000000000 ) ;
#7737 = ORIENTED_EDGE ( 'NONE', *, *, #55, .F. ) ;
#7738 = DIRECTION ( 'NONE',  ( -1.000000000000000000, 0.000000000000000000, 8.850629979473505765E-16 ) ) ;
#7739 = CARTESIAN_POINT ( 'NONE',  ( -0.1249999999999947681, 0.1519999999999999962, -1.469999999999989981 ) ) ;
#7740 = AXIS2_PLACEMENT_3D ( 'NONE', #5821, #4952, #7882 ) ;
#7741 = AXIS2_PLACEMENT_3D ( 'NONE', #8295, #6073, #6858 ) ;
#7742 = DIRECTION ( 'NONE',  ( 7.228014483236677820E-15, 0.000000000000000000, 1.000000000000000000 ) ) ;
#7743 = VERTEX_POINT ( 'NONE', #5535 ) ;
#7744 = ADVANCED_FACE ( 'NONE', ( #6369 ), #7840, .T. ) ;
#7745 = LINE ( 'NONE', #2511, #5483 ) ;
#7746 = CARTESIAN_POINT ( 'NONE',  ( 0.6400000000000192202, 0.1519999999999999962, 1.469999999999972662 ) ) ;
#7747 = ADVANCED_FACE ( 'NONE', ( #4858 ), #1217, .T. ) ;
#7748 = VECTOR ( 'NONE', #4061, 1000.000000000000000 ) ;
#7749 = CLOSED_SHELL ( 'NONE', ( #7016, #6121, #6222, #284, #5793, #4431, #7335, #4682, #1378, #7303, #340 ) ) ;
#7750 = ORIENTED_EDGE ( 'NONE', *, *, #5791, .T. ) ;
#7751 = CARTESIAN_POINT ( 'NONE',  ( -0.3599999999999806688, 0.1519999999999999962, 1.499999999999983347 ) ) ;
#7752 = DIRECTION ( 'NONE',  ( 1.000000000000000000, 0.000000000000000000, 0.000000000000000000 ) ) ;
#7753 = DIRECTION ( 'NONE',  ( -0.000000000000000000, -0.000000000000000000, 1.000000000000000000 ) ) ;
#7754 = AXIS2_PLACEMENT_3D ( 'NONE', #7773, #3331, #9292 ) ;
#7755 = EDGE_CURVE ( 'NONE', #1301, #1549, #1913, .T. ) ;
#7756 = DIRECTION ( 'NONE',  ( 0.000000000000000000, -1.000000000000000000, 0.000000000000000000 ) ) ;
#7757 = LINE ( 'NONE', #7805, #5560 ) ;
#7758 = EDGE_CURVE ( 'NONE', #1301, #6662, #4079, .T. ) ;
#7759 = ORIENTED_EDGE ( 'NONE', *, *, #9424, .T. ) ;
#7760 = ORIENTED_EDGE ( 'NONE', *, *, #411, .T. ) ;
#7761 = LINE ( 'NONE', #2476, #3557 ) ;
#7762 = ADVANCED_FACE ( 'NONE', ( #7890 ), #7048, .T. ) ;
#7763 = ADVANCED_FACE ( 'NONE', ( #9308 ), #3401, .T. ) ;
#7764 = ORIENTED_EDGE ( 'NONE', *, *, #9163, .T. ) ;
#7765 = ORIENTED_EDGE ( 'NONE', *, *, #7354, .T. ) ;
#7766 = DIRECTION ( 'NONE',  ( 0.000000000000000000, 0.000000000000000000, -1.000000000000000000 ) ) ;
#7767 = SURFACE_STYLE_FILL_AREA ( #3473 ) ;
#7768 = FACE_OUTER_BOUND ( 'NONE', #2815, .T. ) ;
#7769 = DIRECTION ( 'NONE',  ( -0.000000000000000000, 1.000000000000000000, -0.000000000000000000 ) ) ;
#7770 = PLANE ( 'NONE',  #295 ) ;
#7771 = ORIENTED_EDGE ( 'NONE', *, *, #1037, .T. ) ;
#7772 = EDGE_CURVE ( 'NONE', #6090, #2576, #5677, .T. ) ;
#7773 = CARTESIAN_POINT ( 'NONE',  ( 0.2500000000000043854, 0.1519999999999999962, -1.224999999999993872 ) ) ;
#7774 = ORIENTED_EDGE ( 'NONE', *, *, #1085, .F. ) ;
#7775 = VERTEX_POINT ( 'NONE', #1965 ) ;
#7776 = CARTESIAN_POINT ( 'NONE',  ( -0.8749999999999807931, 0.1519999999999999962, 1.469999999999988649 ) ) ;
#7777 = EDGE_LOOP ( 'NONE', ( #2840, #854, #7027, #510 ) ) ;
#7778 = EDGE_CURVE ( 'NONE', #2576, #2001, #4957, .T. ) ;
#7779 = LINE ( 'NONE', #1061, #4745 ) ;
#7780 = CARTESIAN_POINT ( 'NONE',  ( 1.469999999999997087, 0.1519999999999999962, -0.3600000000000307954 ) ) ;
#7781 = LINE ( 'NONE', #2496, #6230 ) ;
#7782 = ORIENTED_EDGE ( 'NONE', *, *, #6746, .T. ) ;
#7783 =( NAMED_UNIT ( * ) PLANE_ANGLE_UNIT ( ) SI_UNIT ( $, .RADIAN. ) );
#7784 = DIRECTION ( 'NONE',  ( -3.097720492815727461E-15, 0.000000000000000000, 1.000000000000000000 ) ) ;
#7785 = ORIENTED_EDGE ( 'NONE', *, *, #8911, .T. ) ;
#7786 = DIRECTION ( 'NONE',  ( -0.000000000000000000, -1.000000000000000000, -0.000000000000000000 ) ) ;
#7787 = CARTESIAN_POINT ( 'NONE',  ( -0.6249999999999807931, 0.1519999999999999962, 1.469999999999988649 ) ) ;
#7788 = VECTOR ( 'NONE', #9115, 1000.000000000000000 ) ;
#7789 = CARTESIAN_POINT ( 'NONE',  ( -0.1399999999999948230, 0.1519999999999999962, -1.469999999999989981 ) ) ;
#7790 = PLANE ( 'NONE',  #7333 ) ;
#7791 = EDGE_CURVE ( 'NONE', #1635, #3036, #2158, .T. ) ;
#7792 = DIRECTION ( 'NONE',  ( -0.000000000000000000, -0.000000000000000000, 1.000000000000000000 ) ) ;
#7793 = ORIENTED_EDGE ( 'NONE', *, *, #4194, .T. ) ;
#7794 = CARTESIAN_POINT ( 'NONE',  ( -0.6399999999999947953, 0.1519999999999999962, -1.499999999999986677 ) ) ;
#7795 = LINE ( 'NONE', #4086, #5093 ) ;
#7796 = AXIS2_PLACEMENT_3D ( 'NONE', #7315, #1496, #4351 ) ;
#7797 = ORIENTED_EDGE ( 'NONE', *, *, #2629, .T. ) ;
#7798 = FACE_OUTER_BOUND ( 'NONE', #9245, .T. ) ;
#7799 = DIRECTION ( 'NONE',  ( -1.000000000000000000, 0.000000000000000000, 0.000000000000000000 ) ) ;
#7800 = EDGE_CURVE ( 'NONE', #7821, #3064, #6611, .T. ) ;
#7801 = VECTOR ( 'NONE', #6069, 1000.000000000000000 ) ;
#7802 = AXIS2_PLACEMENT_3D ( 'NONE', #9204, #9156, #5480 ) ;
#7803 = LINE ( 'NONE', #8543, #9055 ) ;
#7804 = DIRECTION ( 'NONE',  ( 0.000000000000000000, -1.000000000000000000, 0.000000000000000000 ) ) ;
#7805 = CARTESIAN_POINT ( 'NONE',  ( -1.469999999999994866, 0.1519999999999999962, -0.1400000000000000411 ) ) ;
#7806 = VECTOR ( 'NONE', #4463, 1000.000000000000000 ) ;
#7807 = EDGE_LOOP ( 'NONE', ( #4840, #2228, #5567, #5759 ) ) ;
#7808 = ORIENTED_EDGE ( 'NONE', *, *, #7004, .F. ) ;
#7809 = DIRECTION ( 'NONE',  ( 0.000000000000000000, -1.000000000000000000, 0.000000000000000000 ) ) ;
#7810 = ORIENTED_EDGE ( 'NONE', *, *, #2861, .T. ) ;
#7811 = VERTEX_POINT ( 'NONE', #3596 ) ;
#7812 = ADVANCED_FACE ( 'NONE', ( #7392 ), #3645, .T. ) ;
#7813 = EDGE_CURVE ( 'NONE', #6234, #5038, #4470, .T. ) ;
#7814 = DIRECTION ( 'NONE',  ( -1.000000000000000000, 0.000000000000000000, -3.942553354492745404E-15 ) ) ;
#7815 = CARTESIAN_POINT ( 'NONE',  ( -0.2500000000000128786, 0.1519999999999999962, 1.224999999999992095 ) ) ;
#7816 = LINE ( 'NONE', #7170, #3028 ) ;
#7817 = CARTESIAN_POINT ( 'NONE',  ( 0.1250000000000192901, 0.000000000000000000, 1.469999999999977991 ) ) ;
#7818 = VECTOR ( 'NONE', #471, 1000.000000000000000 ) ;
#7819 = AXIS2_PLACEMENT_3D ( 'NONE', #7610, #6865, #5361 ) ;
#7820 = CARTESIAN_POINT ( 'NONE',  ( 1.469999999999991980, 0.1519999999999999962, -0.8600000000000308509 ) ) ;
#7821 = VERTEX_POINT ( 'NONE', #9607 ) ;
#7822 = CARTESIAN_POINT ( 'NONE',  ( -1.469999999999994866, 0.1519999999999999962, -0.3599999999999999867 ) ) ;
#7823 = CIRCLE ( 'NONE', #6572, 0.1249999999999998890 ) ;
#7824 = ORIENTED_EDGE ( 'NONE', *, *, #1592, .F. ) ;
#7825 = VERTEX_POINT ( 'NONE', #6701 ) ;
#7826 = DIRECTION ( 'NONE',  ( -0.000000000000000000, -1.000000000000000000, -0.000000000000000000 ) ) ;
#7827 = ORIENTED_EDGE ( 'NONE', *, *, #3660, .T. ) ;
#7828 = CARTESIAN_POINT ( 'NONE',  ( 0.3600000000000052047, 0.000000000000000000, -1.469999999999993534 ) ) ;
#7829 = DIRECTION ( 'NONE',  ( -0.000000000000000000, -1.000000000000000000, -0.000000000000000000 ) ) ;
#7830 = LINE ( 'NONE', #7880, #5009 ) ;
#7831 = EDGE_CURVE ( 'NONE', #8356, #363, #6456, .T. ) ;
#7832 = EDGE_CURVE ( 'NONE', #1738, #4213, #1372, .T. ) ;
#7833 = VERTEX_POINT ( 'NONE', #1517 ) ;
#7834 = MECHANICAL_DESIGN_GEOMETRIC_PRESENTATION_REPRESENTATION (  '', ( #9561 ), #8463 ) ;
#7835 = FILL_AREA_STYLE_COLOUR ( '', #1888 ) ;
#7836 = DIRECTION ( 'NONE',  ( 1.000000000000000000, -0.000000000000000000, 8.850629979473505765E-16 ) ) ;
#7837 = ORIENTED_EDGE ( 'NONE', *, *, #5320, .F. ) ;
#7838 = DIRECTION ( 'NONE',  ( -0.000000000000000000, 0.000000000000000000, 1.000000000000000000 ) ) ;
#7839 = AXIS2_PLACEMENT_3D ( 'NONE', #4650, #7620, #6878 ) ;
#7840 = PLANE ( 'NONE',  #4574 ) ;
#7841 = ADVANCED_FACE ( 'NONE', ( #3741 ), #2848, .T. ) ;
#7842 = FACE_OUTER_BOUND ( 'NONE', #9028, .T. ) ;
#7843 = DIRECTION ( 'NONE',  ( 1.000000000000000000, -0.000000000000000000, 3.318986242302564785E-16 ) ) ;
#7844 = LINE ( 'NONE', #6420, #1557 ) ;
#7845 = ORIENTED_EDGE ( 'NONE', *, *, #3197, .F. ) ;
#7846 = PLANE ( 'NONE',  #8146 ) ;
#7847 = CARTESIAN_POINT ( 'NONE',  ( 1.469999999999991980, 0.1519999999999999962, -0.6250000000000308642 ) ) ;
#7848 = EDGE_CURVE ( 'NONE', #36, #8074, #8874, .T. ) ;
#7849 = ORIENTED_EDGE ( 'NONE', *, *, #6789, .T. ) ;
#7850 = PLANE ( 'NONE',  #2909 ) ;
#7851 = EDGE_CURVE ( 'NONE', #8669, #3158, #5196, .T. ) ;
#7852 = DIRECTION ( 'NONE',  ( 0.000000000000000000, 0.000000000000000000, -1.000000000000000000 ) ) ;
#7853 = VECTOR ( 'NONE', #8584, 1000.000000000000000 ) ;
#7854 = FACE_OUTER_BOUND ( 'NONE', #4529, .T. ) ;
#7855 = CARTESIAN_POINT ( 'NONE',  ( -0.6399999999999914646, 0.05000000000000002359, 4.625929269271411958E-15 ) ) ;
#7856 = FACE_OUTER_BOUND ( 'NONE', #3762, .T. ) ;
#7857 = VECTOR ( 'NONE', #2255, 1000.000000000000000 ) ;
#7858 = EDGE_LOOP ( 'NONE', ( #1367, #5893, #4591, #1520 ) ) ;
#7859 = VERTEX_POINT ( 'NONE', #8134 ) ;
#7860 = CARTESIAN_POINT ( 'NONE',  ( 0.6400000000000192202, 0.000000000000000000, 1.469999999999972662 ) ) ;
#7861 = EDGE_LOOP ( 'NONE', ( #7544, #9086, #7759, #4795 ) ) ;
#7862 = VERTEX_POINT ( 'NONE', #4422 ) ;
#7863 = PLANE ( 'NONE',  #3509 ) ;
#7864 = SURFACE_STYLE_USAGE ( .BOTH. , #6493 ) ;
#7865 = CARTESIAN_POINT ( 'NONE',  ( 1.469999999999991980, 0.1519999999999999962, -0.6250000000000308642 ) ) ;
#7866 = LINE ( 'NONE', #4154, #3460 ) ;
#7867 = AXIS2_PLACEMENT_3D ( 'NONE', #2887, #6693, #8221 ) ;
#7868 = DIRECTION ( 'NONE',  ( 0.000000000000000000, -1.000000000000000000, 0.000000000000000000 ) ) ;
#7869 = EDGE_CURVE ( 'NONE', #806, #8669, #7293, .T. ) ;
#7870 = EDGE_CURVE ( 'NONE', #3246, #1206, #6659, .T. ) ;
#7871 = ORIENTED_EDGE ( 'NONE', *, *, #2610, .F. ) ;
#7872 = DIRECTION ( 'NONE',  ( -3.942553354492744616E-15, 0.000000000000000000, 1.000000000000000000 ) ) ;
#7873 = VECTOR ( 'NONE', #5874, 1000.000000000000000 ) ;
#7874 = ORIENTED_EDGE ( 'NONE', *, *, #4127, .F. ) ;
#7875 = ORIENTED_EDGE ( 'NONE', *, *, #7192, .F. ) ;
#7876 = LINE ( 'NONE', #4314, #8574 ) ;
#7877 = EDGE_LOOP ( 'NONE', ( #4100, #3387, #2979, #2905 ) ) ;
#7878 = DIRECTION ( 'NONE',  ( -0.000000000000000000, -1.000000000000000000, -0.000000000000000000 ) ) ;
#7879 = CARTESIAN_POINT ( 'NONE',  ( -0.8599999999999947686, 0.000000000000000000, -1.469999999999987317 ) ) ;
#7880 = CARTESIAN_POINT ( 'NONE',  ( -1.469999999999989759, 0.1519999999999999962, 0.3599999999999999867 ) ) ;
#7881 = VERTEX_POINT ( 'NONE', #9654 ) ;
#7882 = DIRECTION ( 'NONE',  ( 1.000000000000000000, 0.000000000000000000, 0.000000000000000000 ) ) ;
#7883 = CARTESIAN_POINT ( 'NONE',  ( -0.6399999999999947953, 0.1519999999999999962, -1.469999999999986429 ) ) ;
#7884 = ADVANCED_FACE ( 'NONE', ( #2945 ), #7442, .T. ) ;
#7885 = ORIENTED_EDGE ( 'NONE', *, *, #9517, .T. ) ;
#7886 = LINE ( 'NONE', #1168, #4258 ) ;
#7887 = EDGE_CURVE ( 'NONE', #285, #9682, #8918, .T. ) ;
#7888 = EDGE_CURVE ( 'NONE', #8426, #2792, #588, .T. ) ;
#7889 =( GEOMETRIC_REPRESENTATION_CONTEXT ( 3 ) GLOBAL_UNCERTAINTY_ASSIGNED_CONTEXT ( ( #4308 ) ) GLOBAL_UNIT_ASSIGNED_CONTEXT ( ( #2873, #8799, #5174 ) ) REPRESENTATION_CONTEXT ( 'NONE', 'WORKASPACE' ) );
#7890 = FACE_OUTER_BOUND ( 'NONE', #6453, .T. ) ;
#7891 = DIRECTION ( 'NONE',  ( 1.000000000000000000, -0.000000000000000000, -0.000000000000000000 ) ) ;
#7892 = CARTESIAN_POINT ( 'NONE',  ( -0.3749999999999947264, 0.1519999999999999962, -1.469999999999990870 ) ) ;
#7893 = CARTESIAN_POINT ( 'NONE',  ( -0.8599999999999946576, 0.1519999999999999962, -1.499999999999987566 ) ) ;
#7894 = VERTEX_POINT ( 'NONE', #9699 ) ;
#7895 = VECTOR ( 'NONE', #7648, 1000.000000000000000 ) ;
#7896 = DIRECTION ( 'NONE',  ( 1.000000000000000000, -0.000000000000000000, -0.000000000000000000 ) ) ;
#7897 = CARTESIAN_POINT ( 'NONE',  ( -0.6249999999999957812, 0.1519999999999999962, -1.224999999999986544 ) ) ;
#7898 = ORIENTED_EDGE ( 'NONE', *, *, #5564, .F. ) ;
#7899 = DIRECTION ( 'NONE',  ( -3.614007241618338910E-15, 0.000000000000000000, 1.000000000000000000 ) ) ;
#7900 = AXIS2_PLACEMENT_3D ( 'NONE', #6988, #1809, #141 ) ;
#7901 = CARTESIAN_POINT ( 'NONE',  ( -1.499999999999995115, 0.1519999999999999962, -0.1400000000000000411 ) ) ;
#7902 = EDGE_CURVE ( 'NONE', #7998, #9133, #7490, .T. ) ;
#7903 = DIRECTION ( 'NONE',  ( -3.614007241618338910E-15, 0.000000000000000000, 1.000000000000000000 ) ) ;
#7904 = DIRECTION ( 'NONE',  ( -1.000000000000000000, 0.000000000000000000, 1.309893236962104487E-13 ) ) ;
#7905 = DIRECTION ( 'NONE',  ( 1.000000000000000000, -0.000000000000000000, -0.000000000000000000 ) ) ;
#7906 = VECTOR ( 'NONE', #4507, 1000.000000000000000 ) ;
#7907 = AXIS2_PLACEMENT_3D ( 'NONE', #737, #5785, #2216 ) ;
#7908 = VERTEX_POINT ( 'NONE', #5774 ) ;
#7909 = ORIENTED_EDGE ( 'NONE', *, *, #6264, .T. ) ;
#7910 = CARTESIAN_POINT ( 'NONE',  ( -1.224999999999984546, 0.000000000000000000, 0.7500000000000000000 ) ) ;
#7911 = ORIENTED_EDGE ( 'NONE', *, *, #6822, .T. ) ;
#7912 = ORIENTED_EDGE ( 'NONE', *, *, #3721, .F. ) ;
#7913 = VECTOR ( 'NONE', #6735, 1000.000000000000000 ) ;
#7914 = CARTESIAN_POINT ( 'NONE',  ( 1.469999999999997087, 0.1519999999999999962, -0.3600000000000307954 ) ) ;
#7915 = LINE ( 'NONE', #7865, #3990 ) ;
#7916 = PLANE ( 'NONE',  #6086 ) ;
#7917 = PLANE ( 'NONE',  #2030 ) ;
#7918 = EDGE_CURVE ( 'NONE', #6821, #4246, #5826, .T. ) ;
#7919 = CIRCLE ( 'NONE', #3722, 0.1249999999999998890 ) ;
#7920 = UNCERTAINTY_MEASURE_WITH_UNIT (LENGTH_MEASURE( 1.000000000000000082E-05 ), #2473, 'distance_accuracy_value', 'NONE');
#7921 = ORIENTED_EDGE ( 'NONE', *, *, #8192, .F. ) ;
#7922 = DIRECTION ( 'NONE',  ( 0.000000000000000000, -1.000000000000000000, 0.000000000000000000 ) ) ;
#7923 = ORIENTED_EDGE ( 'NONE', *, *, #896, .F. ) ;
#7924 = EDGE_LOOP ( 'NONE', ( #9389, #5954, #3279, #1835 ) ) ;
#7925 = CARTESIAN_POINT ( 'NONE',  ( 1.224999999999991873, 0.000000000000000000, -0.6250000000000308642 ) ) ;
#7926 = ORIENTED_EDGE ( 'NONE', *, *, #9349, .T. ) ;
#7927 = CARTESIAN_POINT ( 'NONE',  ( -0.3599999999999806688, 0.1519999999999999962, 1.469999999999983320 ) ) ;
#7928 = ADVANCED_FACE ( 'NONE', ( #5478 ), #2352, .F. ) ;
#7929 = DIRECTION ( 'NONE',  ( 0.000000000000000000, 1.000000000000000000, 0.000000000000000000 ) ) ;
#7930 = LINE ( 'NONE', #1313, #7503 ) ;
#7931 = ORIENTED_EDGE ( 'NONE', *, *, #1101, .T. ) ;
#7932 = LINE ( 'NONE', #7188, #76 ) ;
#7933 = DIRECTION ( 'NONE',  ( 0.000000000000000000, -0.000000000000000000, -1.000000000000000000 ) ) ;
#7934 = VERTEX_POINT ( 'NONE', #1015 ) ;
#7935 = CARTESIAN_POINT ( 'NONE',  ( -0.6250000000000128786, 0.1519999999999999962, 1.224999999999993427 ) ) ;
#7936 = DIRECTION ( 'NONE',  ( -1.000000000000000000, -0.000000000000000000, -0.000000000000000000 ) ) ;
#7937 = EDGE_CURVE ( 'NONE', #4425, #3295, #2449, .T. ) ;
#7938 = CARTESIAN_POINT ( 'NONE',  ( 1.470000000000007523, 0.1519999999999999962, 0.8749999999999691358 ) ) ;
#7939 =( NAMED_UNIT ( * ) SI_UNIT ( $, .STERADIAN. ) SOLID_ANGLE_UNIT ( ) );
#7940 = PLANE ( 'NONE',  #4384 ) ;
#7941 = ORIENTED_EDGE ( 'NONE', *, *, #3841, .T. ) ;
#7942 = FACE_OUTER_BOUND ( 'NONE', #1881, .T. ) ;
#7943 = LINE ( 'NONE', #8830, #1331 ) ;
#7944 = EDGE_CURVE ( 'NONE', #2497, #8863, #7585, .T. ) ;
#7945 = EDGE_LOOP ( 'NONE', ( #7793, #4534, #4677, #1151 ) ) ;
#7946 = LINE ( 'NONE', #8634, #2437 ) ;
#7947 = FACE_OUTER_BOUND ( 'NONE', #9697, .T. ) ;
#7948 = LINE ( 'NONE', #2666, #933 ) ;
#7949 = VECTOR ( 'NONE', #8024, 1000.000000000000000 ) ;
#7950 = CARTESIAN_POINT ( 'NONE',  ( 1.470000000000002416, 0.1519999999999999962, 0.3599999999999691225 ) ) ;
#7951 = DIRECTION ( 'NONE',  ( -1.000000000000000000, 0.000000000000000000, -0.000000000000000000 ) ) ;
#7952 = ADVANCED_FACE ( 'NONE', ( #1706 ), #4662, .F. ) ;
#7953 = EDGE_CURVE ( 'NONE', #794, #7463, #4562, .T. ) ;
#7954 = ORIENTED_EDGE ( 'NONE', *, *, #4430, .T. ) ;
#7955 = ORIENTED_EDGE ( 'NONE', *, *, #2486, .T. ) ;
#7956 = LINE ( 'NONE', #7070, #7603 ) ;
#7957 = ORIENTED_EDGE ( 'NONE', *, *, #6464, .F. ) ;
#7958 = ORIENTED_EDGE ( 'NONE', *, *, #3197, .T. ) ;
#7959 = DIRECTION ( 'NONE',  ( -0.000000000000000000, -1.000000000000000000, -0.000000000000000000 ) ) ;
#7960 = EDGE_LOOP ( 'NONE', ( #3966, #140, #8762, #1734, #6151, #3515, #4410, #2463, #4452, #6767, #4542, #1884, #579, #6723, #2370, #9079, #3699, #6543, #2634, #9316 ) ) ;
#7961 = CYLINDRICAL_SURFACE ( 'NONE', #6766, 0.1249999999999998890 ) ;
#7962 = FILL_AREA_STYLE_COLOUR ( '', #8730 ) ;
#7963 = LINE ( 'NONE', #7221, #9616 ) ;
#7964 = DIRECTION ( 'NONE',  ( 0.000000000000000000, 0.000000000000000000, -1.000000000000000000 ) ) ;
#7965 = CARTESIAN_POINT ( 'NONE',  ( 0.7500000000000043299, 0.000000000000000000, -1.224999999999997424 ) ) ;
#7966 = AXIS2_PLACEMENT_3D ( 'NONE', #6930, #2484, #4746 ) ;
#7967 = VECTOR ( 'NONE', #1323, 1000.000000000000000 ) ;
#7968 = EDGE_LOOP ( 'NONE', ( #6340, #3123, #4356, #2348 ) ) ;
#7969 = ORIENTED_EDGE ( 'NONE', *, *, #1432, .F. ) ;
#7970 = CARTESIAN_POINT ( 'NONE',  ( -0.3599999999999806688, 0.1519999999999999962, 1.499999999999983347 ) ) ;
#7971 = ORIENTED_EDGE ( 'NONE', *, *, #6623, .F. ) ;
#7972 = VERTEX_POINT ( 'NONE', #9200 ) ;
#7973 = CARTESIAN_POINT ( 'NONE',  ( -1.469999999999984652, 0.000000000000000000, 0.6400000000000000133 ) ) ;
#7974 = EDGE_CURVE ( 'NONE', #9329, #8048, #1614, .T. ) ;
#7975 = EDGE_LOOP ( 'NONE', ( #2368, #5389, #9291, #3163 ) ) ;
#7976 = AXIS2_PLACEMENT_3D ( 'NONE', #1544, #4538, #6776 ) ;
#7977 = CARTESIAN_POINT ( 'NONE',  ( 0.1400000000000053701, 0.1519999999999999962, -1.499999999999994449 ) ) ;
#7978 = VECTOR ( 'NONE', #5620, 1000.000000000000000 ) ;
#7979 = DIRECTION ( 'NONE',  ( 0.000000000000000000, 0.000000000000000000, -1.000000000000000000 ) ) ;
#7980 = PLANE ( 'NONE',  #304 ) ;
#7981 = ORIENTED_EDGE ( 'NONE', *, *, #2085, .F. ) ;
#7982 = DIRECTION ( 'NONE',  ( 0.000000000000000000, 0.000000000000000000, -1.000000000000000000 ) ) ;
#7983 = VECTOR ( 'NONE', #2171, 1000.000000000000000 ) ;
#7984 = AXIS2_PLACEMENT_3D ( 'NONE', #1593, #9032, #9082 ) ;
#7985 = CARTESIAN_POINT ( 'NONE',  ( -0.1249999999999808625, 0.1519999999999999962, 1.224999999999983213 ) ) ;
#7986 = ORIENTED_EDGE ( 'NONE', *, *, #4807, .F. ) ;
#7987 = LINE ( 'NONE', #1270, #3943 ) ;
#7988 = CARTESIAN_POINT ( 'NONE',  ( 1.224999999999991873, 0.1519999999999999962, -0.6250000000000308642 ) ) ;
#7989 = CARTESIAN_POINT ( 'NONE',  ( -0.6399999999999806954, 0.1519999999999999962, 1.499999999999988676 ) ) ;
#7990 = CARTESIAN_POINT ( 'NONE',  ( 0.8600000000000052047, 0.1519999999999999962, -1.469999999999996865 ) ) ;
#7991 = VECTOR ( 'NONE', #8630, 1000.000000000000000 ) ;
#7992 = CARTESIAN_POINT ( 'NONE',  ( -1.225000000000000089, 0.1519999999999999962, -0.8749999999999998890 ) ) ;
#7993 = ORIENTED_EDGE ( 'NONE', *, *, #4594, .F. ) ;
#7994 = DIRECTION ( 'NONE',  ( 0.000000000000000000, 0.000000000000000000, -1.000000000000000000 ) ) ;
#7995 = DIRECTION ( 'NONE',  ( 0.000000000000000000, -1.000000000000000000, 0.000000000000000000 ) ) ;
#7996 = EDGE_CURVE ( 'NONE', #5229, #3873, #3142, .T. ) ;
#7997 = EDGE_CURVE ( 'NONE', #745, #8781, #3041, .T. ) ;
#7998 = VERTEX_POINT ( 'NONE', #8470 ) ;
#7999 = DIRECTION ( 'NONE',  ( 0.000000000000000000, 1.000000000000000000, -0.000000000000000000 ) ) ;
#8000 = CARTESIAN_POINT ( 'NONE',  ( -1.469999999999994866, 0.000000000000000000, -0.3599999999999999867 ) ) ;
#8001 = DIRECTION ( 'NONE',  ( 1.307680579467250963E-13, -0.000000000000000000, 1.000000000000000000 ) ) ;
#8002 = VECTOR ( 'NONE', #8962, 1000.000000000000000 ) ;
#8003 = DIRECTION ( 'NONE',  ( -1.000000000000000000, 0.000000000000000000, 6.637972484605129570E-16 ) ) ;
#8004 = DIRECTION ( 'NONE',  ( 0.000000000000000000, 1.000000000000000000, -0.000000000000000000 ) ) ;
#8005 = EDGE_LOOP ( 'NONE', ( #6580, #5415 ) ) ;
#8006 = VERTEX_POINT ( 'NONE', #3831 ) ;
#8007 = CARTESIAN_POINT ( 'NONE',  ( -0.8599999999999946576, 0.1519999999999999962, -1.499999999999987566 ) ) ;
#8008 = AXIS2_PLACEMENT_3D ( 'NONE', #3161, #894, #1636 ) ;
#8009 = ORIENTED_EDGE ( 'NONE', *, *, #2823, .F. ) ;
#8010 = EDGE_LOOP ( 'NONE', ( #8036, #8996, #8023, #6414 ) ) ;
#8011 = PLANE ( 'NONE',  #2847 ) ;
#8012 = EDGE_CURVE ( 'NONE', #5412, #5157, #7682, .T. ) ;
#8013 = ADVANCED_FACE ( 'NONE', ( #6013 ), #3190, .F. ) ;
#8014 = CARTESIAN_POINT ( 'NONE',  ( -0.1249999999999807099, 0.1519999999999999962, 1.469999999999983320 ) ) ;
#8015 = FACE_OUTER_BOUND ( 'NONE', #3282, .T. ) ;
#8016 = DIRECTION ( 'NONE',  ( 0.000000000000000000, 0.000000000000000000, -1.000000000000000000 ) ) ;
#8017 = CARTESIAN_POINT ( 'NONE',  ( 1.470000000000002416, 0.1519999999999999962, 0.3599999999999691225 ) ) ;
#8018 = AXIS2_PLACEMENT_3D ( 'NONE', #8198, #2121, #2954 ) ;
#8019 = EDGE_LOOP ( 'NONE', ( #2708, #3578, #416, #662 ) ) ;
#8020 = VERTEX_POINT ( 'NONE', #3974 ) ;
#8021 = CARTESIAN_POINT ( 'NONE',  ( -0.3749999999999955036, 0.000000000000000000, -1.224999999999990763 ) ) ;
#8022 = ORIENTED_EDGE ( 'NONE', *, *, #8636, .F. ) ;
#8023 = ORIENTED_EDGE ( 'NONE', *, *, #124, .T. ) ;
#8024 = DIRECTION ( 'NONE',  ( -0.000000000000000000, -1.000000000000000000, -0.000000000000000000 ) ) ;
#8025 = VERTEX_POINT ( 'NONE', #826 ) ;
#8026 = AXIS2_PLACEMENT_3D ( 'NONE', #5054, #8234, #5917 ) ;
#8027 = DIRECTION ( 'NONE',  ( 0.000000000000000000, -1.000000000000000000, 0.000000000000000000 ) ) ;
#8028 = EDGE_CURVE ( 'NONE', #6090, #2521, #8325, .T. ) ;
#8029 = CARTESIAN_POINT ( 'NONE',  ( -0.000000000000000000, 0.05000000000000002359, -1.469999999999990870 ) ) ;
#8030 = CARTESIAN_POINT ( 'NONE',  ( -0.3599999999999806688, 0.1519999999999999962, 1.469999999999983320 ) ) ;
#8031 = ORIENTED_EDGE ( 'NONE', *, *, #7888, .T. ) ;
#8032 = CARTESIAN_POINT ( 'NONE',  ( -1.469999999999994866, 0.000000000000000000, -0.3750000000000000000 ) ) ;
#8033 = ADVANCED_FACE ( 'NONE', ( #7730 ), #5287, .T. ) ;
#8034 = VECTOR ( 'NONE', #763, 1000.000000000000000 ) ;
#8035 = LINE ( 'NONE', #7240, #4481 ) ;
#8036 = ORIENTED_EDGE ( 'NONE', *, *, #99, .F. ) ;
#8037 = PLANE ( 'NONE',  #5190 ) ;
#8038 = DIRECTION ( 'NONE',  ( 0.000000000000000000, 0.000000000000000000, 1.000000000000000000 ) ) ;
#8039 = LINE ( 'NONE', #1861, #2881 ) ;
#8040 = CYLINDRICAL_SURFACE ( 'NONE', #6853, 0.1249999999999998890 ) ;
#8041 = AXIS2_PLACEMENT_3D ( 'NONE', #8718, #1322, #342 ) ;
#8042 = DIRECTION ( 'NONE',  ( 0.000000000000000000, 0.000000000000000000, -1.000000000000000000 ) ) ;
#8043 = ORIENTED_EDGE ( 'NONE', *, *, #2485, .T. ) ;
#8044 = CARTESIAN_POINT ( 'NONE',  ( -0.3599999999999806688, 0.1519999999999999962, 1.469999999999983320 ) ) ;
#8045 = DIRECTION ( 'NONE',  ( -0.000000000000000000, -1.000000000000000000, -0.000000000000000000 ) ) ;
#8046 = ADVANCED_FACE ( 'NONE', ( #3092 ), #9056, .F. ) ;
#8047 = AXIS2_PLACEMENT_3D ( 'NONE', #1953, #6650, #4318 ) ;
#8048 = VERTEX_POINT ( 'NONE', #5385 ) ;
#8049 = CARTESIAN_POINT ( 'NONE',  ( -1.499999999999984679, 0.000000000000000000, 0.8599999999999999867 ) ) ;
#8050 = PLANE ( 'NONE',  #5051 ) ;
#8051 = ADVANCED_FACE ( 'NONE', ( #8374 ), #1663, .T. ) ;
#8052 = DIRECTION ( 'NONE',  ( -1.000000000000000000, 0.000000000000000000, 0.000000000000000000 ) ) ;
#8053 = DIRECTION ( 'NONE',  ( 7.228014483236677820E-15, 0.000000000000000000, 1.000000000000000000 ) ) ;
#8054 = CARTESIAN_POINT ( 'NONE',  ( -0.3599999999999806688, 0.000000000000000000, 1.469999999999983320 ) ) ;
#8055 = VECTOR ( 'NONE', #58, 1000.000000000000000 ) ;
#8056 = ORIENTED_EDGE ( 'NONE', *, *, #6006, .F. ) ;
#8057 = ORIENTED_EDGE ( 'NONE', *, *, #6994, .F. ) ;
#8058 = DIRECTION ( 'NONE',  ( 2.212657494868376441E-16, 0.000000000000000000, -1.000000000000000000 ) ) ;
#8059 = VERTEX_POINT ( 'NONE', #6155 ) ;
#8060 = DIRECTION ( 'NONE',  ( -1.000000000000000000, 0.000000000000000000, 7.228014483236677820E-15 ) ) ;
#8061 = CARTESIAN_POINT ( 'NONE',  ( -1.469999999999989759, 0.1519999999999999962, 0.3750000000000000000 ) ) ;
#8062 = EDGE_CURVE ( 'NONE', #3618, #7525, #9154, .T. ) ;
#8063 = FACE_OUTER_BOUND ( 'NONE', #5134, .T. ) ;
#8064 = VECTOR ( 'NONE', #7546, 1000.000000000000000 ) ;
#8065 = AXIS2_PLACEMENT_3D ( 'NONE', #7558, #843, #3849 ) ;
#8066 = CARTESIAN_POINT ( 'NONE',  ( 0.3600000000000052047, 0.000000000000000000, -1.469999999999993534 ) ) ;
#8067 = EDGE_CURVE ( 'NONE', #1794, #6042, #4992, .T. ) ;
#8068 = EDGE_CURVE ( 'NONE', #2132, #8122, #2592, .T. ) ;
#8069 = ORIENTED_EDGE ( 'NONE', *, *, #633, .T. ) ;
#8070 = ORIENTED_EDGE ( 'NONE', *, *, #7997, .F. ) ;
#8071 = FACE_OUTER_BOUND ( 'NONE', #7233, .T. ) ;
#8072 = AXIS2_PLACEMENT_3D ( 'NONE', #3827, #8959, #8129 ) ;
#8073 = ORIENTED_EDGE ( 'NONE', *, *, #4305, .F. ) ;
#8074 = VERTEX_POINT ( 'NONE', #5523 ) ;
#8075 = CARTESIAN_POINT ( 'NONE',  ( -0.6399999999999947953, 0.1519999999999999962, -1.469999999999986429 ) ) ;
#8076 = VERTEX_POINT ( 'NONE', #1952 ) ;
#8077 = CARTESIAN_POINT ( 'NONE',  ( -0.6399999999999806954, 0.1519999999999999962, 1.499999999999988676 ) ) ;
#8078 = CARTESIAN_POINT ( 'NONE',  ( -1.224999999999984546, 0.1519999999999999962, 0.8749999999999998890 ) ) ;
#8079 = FACE_OUTER_BOUND ( 'NONE', #7415, .T. ) ;
#8080 = ORIENTED_EDGE ( 'NONE', *, *, #2987, .F. ) ;
#8081 = VECTOR ( 'NONE', #7809, 1000.000000000000000 ) ;
#8082 = CARTESIAN_POINT ( 'NONE',  ( -0.8599999999999807798, 0.1519999999999999962, 1.469999999999988649 ) ) ;
#8083 = CARTESIAN_POINT ( 'NONE',  ( -0.000000000000000000, 0.05000000000000002359, -1.469999999999993534 ) ) ;
#8084 = ADVANCED_FACE ( 'NONE', ( #1849 ), #7183, .T. ) ;
#8085 = ORIENTED_EDGE ( 'NONE', *, *, #799, .F. ) ;
#8086 = DIRECTION ( 'NONE',  ( 0.000000000000000000, 0.000000000000000000, -1.000000000000000000 ) ) ;
#8087 = CARTESIAN_POINT ( 'NONE',  ( 1.499999999999997113, 0.1519999999999999962, -0.3600000000000307954 ) ) ;
#8088 = EDGE_CURVE ( 'NONE', #9410, #7217, #9438, .T. ) ;
#8089 = FACE_OUTER_BOUND ( 'NONE', #5132, .T. ) ;
#8090 = CARTESIAN_POINT ( 'NONE',  ( 1.225000000000002309, 0.000000000000000000, 0.3749999999999690803 ) ) ;
#8091 = EDGE_LOOP ( 'NONE', ( #4337, #3316, #4887, #8690 ) ) ;
#8092 = DIRECTION ( 'NONE',  ( 0.000000000000000000, -1.000000000000000000, 0.000000000000000000 ) ) ;
#8093 = DIRECTION ( 'NONE',  ( -0.000000000000000000, -1.000000000000000000, -0.000000000000000000 ) ) ;
#8094 = VERTEX_POINT ( 'NONE', #6305 ) ;
#8095 = CARTESIAN_POINT ( 'NONE',  ( -0.1399999999999807510, 0.05000000000000002359, -0.000000000000000000 ) ) ;
#8096 = CARTESIAN_POINT ( 'NONE',  ( 0.7500000000000193179, 0.1519999999999999962, 1.099999999999972777 ) ) ;
#8097 = EDGE_CURVE ( 'NONE', #1318, #5735, #4945, .T. ) ;
#8098 = LINE ( 'NONE', #1384, #7645 ) ;
#8099 = DIRECTION ( 'NONE',  ( 0.000000000000000000, 0.000000000000000000, -1.000000000000000000 ) ) ;
#8100 = FACE_OUTER_BOUND ( 'NONE', #5891, .T. ) ;
#8101 = EDGE_CURVE ( 'NONE', #3940, #9471, #8519, .T. ) ;
#8102 = ORIENTED_EDGE ( 'NONE', *, *, #3211, .F. ) ;
#8103 = EDGE_LOOP ( 'NONE', ( #7711, #2765, #7955, #7923 ) ) ;
#8104 = DIRECTION ( 'NONE',  ( -1.000000000000000000, -0.000000000000000000, -4.425314989736752882E-16 ) ) ;
#8105 = ORIENTED_EDGE ( 'NONE', *, *, #8768, .F. ) ;
#8106 = CARTESIAN_POINT ( 'NONE',  ( -1.499999999999995115, 0.1519999999999999962, -0.3599999999999999867 ) ) ;
#8107 = PLANE ( 'NONE',  #1610 ) ;
#8108 = SURFACE_STYLE_USAGE ( .BOTH. , #5896 ) ;
#8109 = COLOUR_RGB ( '',0.7921568627450980005, 0.8196078431372548767, 0.9333333333333333481 ) ;
#8110 = PLANE ( 'NONE',  #1084 ) ;
#8111 = LINE ( 'NONE', #3260, #6713 ) ;
#8112 = UNCERTAINTY_MEASURE_WITH_UNIT (LENGTH_MEASURE( 1.000000000000000082E-05 ), #975, 'distance_accuracy_value', 'NONE');
#8113 = MECHANICAL_DESIGN_GEOMETRIC_PRESENTATION_REPRESENTATION (  '', ( #8581 ), #2019 ) ;
#8114 = EDGE_CURVE ( 'NONE', #8854, #6821, #4801, .T. ) ;
#8115 = EDGE_LOOP ( 'NONE', ( #7557, #9592, #4275, #925 ) ) ;
#8116 = ORIENTED_EDGE ( 'NONE', *, *, #6870, .T. ) ;
#8117 = PLANE ( 'NONE',  #6963 ) ;
#8118 = EDGE_CURVE ( 'NONE', #3218, #6421, #8707, .T. ) ;
#8119 = VERTEX_POINT ( 'NONE', #3434 ) ;
#8120 = ORIENTED_EDGE ( 'NONE', *, *, #1366, .F. ) ;
#8121 = LINE ( 'NONE', #6739, #2164 ) ;
#8122 = VERTEX_POINT ( 'NONE', #2637 ) ;
#8123 = LINE ( 'NONE', #5094, #5059 ) ;
#8124 = CARTESIAN_POINT ( 'NONE',  ( 0.6400000000000052314, 0.05000000000000002359, -1.469999999999997753 ) ) ;
#8125 = CARTESIAN_POINT ( 'NONE',  ( 0.6250000000000052180, 0.1519999999999999962, -1.469999999999997753 ) ) ;
#8126 = VECTOR ( 'NONE', #3985, 1000.000000000000000 ) ;
#8127 = CIRCLE ( 'NONE', #9692, 0.1250000000000159317 ) ;
#8128 = ORIENTED_EDGE ( 'NONE', *, *, #5848, .F. ) ;
#8129 = DIRECTION ( 'NONE',  ( 1.000000000000000000, 0.000000000000000000, -0.000000000000000000 ) ) ;
#8130 = VECTOR ( 'NONE', #2653, 1000.000000000000000 ) ;
#8131 = VERTEX_POINT ( 'NONE', #9297 ) ;
#8132 = CIRCLE ( 'NONE', #5161, 0.1249999999999998890 ) ;
#8133 = LINE ( 'NONE', #1418, #7047 ) ;
#8134 = CARTESIAN_POINT ( 'NONE',  ( -1.224999999999994982, 0.05000000000000002359, -0.1250000000000001110 ) ) ;
#8135 = EDGE_CURVE ( 'NONE', #8658, #1454, #668, .T. ) ;
#8136 = EDGE_CURVE ( 'NONE', #3124, #7881, #5665, .T. ) ;
#8137 = CARTESIAN_POINT ( 'NONE',  ( 0.6250000000000192069, 0.1519999999999999962, 1.469999999999972662 ) ) ;
#8138 = FACE_OUTER_BOUND ( 'NONE', #3438, .T. ) ;
#8139 = VERTEX_POINT ( 'NONE', #3337 ) ;
#8140 = VECTOR ( 'NONE', #8853, 1000.000000000000000 ) ;
#8141 = VECTOR ( 'NONE', #354, 1000.000000000000000 ) ;
#8142 = FILL_AREA_STYLE ('',( #2903 ) ) ;
#8143 = CARTESIAN_POINT ( 'NONE',  ( 0.8600000000000052047, 0.1519999999999999962, -1.469999999999996865 ) ) ;
#8144 = ORIENTED_EDGE ( 'NONE', *, *, #2140, .F. ) ;
#8145 = DIRECTION ( 'NONE',  ( 1.000000000000000000, 0.000000000000000000, 0.000000000000000000 ) ) ;
#8146 = AXIS2_PLACEMENT_3D ( 'NONE', #4038, #5637, #1868 ) ;
#8147 = PLANE ( 'NONE',  #186 ) ;
#8148 = ADVANCED_FACE ( 'NONE', ( #1900 ), #5715, .T. ) ;
#8149 = DIRECTION ( 'NONE',  ( -1.000000000000000000, 0.000000000000000000, 5.531643737170941473E-16 ) ) ;
#8150 = DIRECTION ( 'NONE',  ( 1.000000000000000000, 0.000000000000000000, -4.425314989736752882E-16 ) ) ;
#8151 = DIRECTION ( 'NONE',  ( 0.000000000000000000, 0.000000000000000000, -1.000000000000000000 ) ) ;
#8152 = MECHANICAL_DESIGN_GEOMETRIC_PRESENTATION_REPRESENTATION (  '', ( #9083 ), #6102 ) ;
#8153 = EDGE_CURVE ( 'NONE', #1114, #715, #8960, .T. ) ;
#8154 = VERTEX_POINT ( 'NONE', #6253 ) ;
#8155 = ORIENTED_EDGE ( 'NONE', *, *, #6338, .F. ) ;
#8156 = DIRECTION ( 'NONE',  ( 1.000000000000000000, 0.000000000000000000, 0.000000000000000000 ) ) ;
#8157 = EDGE_LOOP ( 'NONE', ( #10, #1566, #7993, #299 ) ) ;
#8158 = LINE ( 'NONE', #3718, #22 ) ;
#8159 = VERTEX_POINT ( 'NONE', #7035 ) ;
#8160 = AXIS2_PLACEMENT_3D ( 'NONE', #7194, #6415, #489 ) ;
#8161 = LINE ( 'NONE', #4979, #3820 ) ;
#8162 = SURFACE_SIDE_STYLE ('',( #2039 ) ) ;
#8163 = CARTESIAN_POINT ( 'NONE',  ( 0.2500000000000192624, 0.1519999999999999962, 1.099999999999978106 ) ) ;
#8164 = CARTESIAN_POINT ( 'NONE',  ( -0.6249999999999957812, 0.1519999999999999962, -1.224999999999986544 ) ) ;
#8165 = VECTOR ( 'NONE', #8418, 1000.000000000000000 ) ;
#8166 = EDGE_LOOP ( 'NONE', ( #2844, #4198, #4635, #3023 ) ) ;
#8167 = VERTEX_POINT ( 'NONE', #9248 ) ;
#8168 = DIRECTION ( 'NONE',  ( 0.000000000000000000, 1.000000000000000000, -0.000000000000000000 ) ) ;
#8169 = ORIENTED_EDGE ( 'NONE', *, *, #2902, .T. ) ;
#8170 = VERTEX_POINT ( 'NONE', #330 ) ;
#8171 = DIRECTION ( 'NONE',  ( -0.000000000000000000, -1.000000000000000000, -0.000000000000000000 ) ) ;
#8172 = ORIENTED_EDGE ( 'NONE', *, *, #5109, .F. ) ;
#8173 = CARTESIAN_POINT ( 'NONE',  ( -1.469999999999984652, 0.1519999999999999962, 0.8599999999999999867 ) ) ;
#8174 = PLANE ( 'NONE',  #4915 ) ;
#8175 = DIRECTION ( 'NONE',  ( 0.000000000000000000, -0.000000000000000000, 1.000000000000000000 ) ) ;
#8176 = CIRCLE ( 'NONE', #502, 0.1249999999999998890 ) ;
#8177 = EDGE_CURVE ( 'NONE', #794, #998, #4894, .T. ) ;
#8178 = EDGE_CURVE ( 'NONE', #3807, #4320, #7779, .T. ) ;
#8179 = ORIENTED_EDGE ( 'NONE', *, *, #5886, .F. ) ;
#8180 = LINE ( 'NONE', #2202, #2284 ) ;
#8181 = VECTOR ( 'NONE', #5336, 1000.000000000000000 ) ;
#8182 = VERTEX_POINT ( 'NONE', #4166 ) ;
#8183 = PLANE ( 'NONE',  #2524 ) ;
#8184 = DIRECTION ( 'NONE',  ( -1.000000000000000000, 0.000000000000000000, -4.425314989736752882E-16 ) ) ;
#8185 = DIRECTION ( 'NONE',  ( 0.000000000000000000, 0.000000000000000000, -1.000000000000000000 ) ) ;
#8186 = CARTESIAN_POINT ( 'NONE',  ( -0.8599999999999947686, 0.1519999999999999962, -1.469999999999987317 ) ) ;
#8187 = EDGE_CURVE ( 'NONE', #9488, #9197, #508, .T. ) ;
#8188 = ORIENTED_EDGE ( 'NONE', *, *, #4839, .F. ) ;
#8189 = VECTOR ( 'NONE', #3374, 1000.000000000000000 ) ;
#8190 = FACE_OUTER_BOUND ( 'NONE', #5910, .T. ) ;
#8191 = CARTESIAN_POINT ( 'NONE',  ( -1.224999999999984546, 0.05000000000000002359, 0.6250000000000001110 ) ) ;
#8192 = EDGE_CURVE ( 'NONE', #6302, #6327, #8661, .T. ) ;
#8193 = EDGE_CURVE ( 'NONE', #2113, #4199, #2100, .T. ) ;
#8194 = EDGE_CURVE ( 'NONE', #3770, #9554, #2149, .T. ) ;
#8195 = ORIENTED_EDGE ( 'NONE', *, *, #3685, .T. ) ;
#8196 = CARTESIAN_POINT ( 'NONE',  ( 1.224999999999991873, 0.1519999999999999962, -0.7500000000000307532 ) ) ;
#8197 = VECTOR ( 'NONE', #2450, 1000.000000000000000 ) ;
#8198 = CARTESIAN_POINT ( 'NONE',  ( 0.1400000000000193312, 0.1519999999999999962, 1.469999999999977991 ) ) ;
#8199 = DIRECTION ( 'NONE',  ( 0.000000000000000000, 0.000000000000000000, -1.000000000000000000 ) ) ;
#8200 = CARTESIAN_POINT ( 'NONE',  ( -0.8599999999999807798, 0.1519999999999999962, 1.469999999999988649 ) ) ;
#8201 = FACE_OUTER_BOUND ( 'NONE', #7045, .T. ) ;
#8202 = PRESENTATION_LAYER_ASSIGNMENT (  '', '', ( #2105 ) ) ;
#8203 = VERTEX_POINT ( 'NONE', #5138 ) ;
#8204 = ORIENTED_EDGE ( 'NONE', *, *, #4907, .F. ) ;
#8205 = DIRECTION ( 'NONE',  ( -0.000000000000000000, -0.000000000000000000, -1.000000000000000000 ) ) ;
#8206 = EDGE_CURVE ( 'NONE', #1154, #7525, #8123, .T. ) ;
#8207 = ORIENTED_EDGE ( 'NONE', *, *, #3845, .T. ) ;
#8208 = DIRECTION ( 'NONE',  ( 1.000000000000000000, 0.000000000000000000, 0.000000000000000000 ) ) ;
#8209 = ORIENTED_EDGE ( 'NONE', *, *, #6283, .T. ) ;
#8210 = FACE_OUTER_BOUND ( 'NONE', #5616, .T. ) ;
#8211 = DIRECTION ( 'NONE',  ( 0.000000000000000000, 0.000000000000000000, -1.000000000000000000 ) ) ;
#8212 = DIRECTION ( 'NONE',  ( 3.614007241618338910E-15, 0.000000000000000000, -1.000000000000000000 ) ) ;
#8213 = CARTESIAN_POINT ( 'NONE',  ( -1.469999999999984652, 0.1519999999999999962, 0.6250000000000000000 ) ) ;
#8214 = VECTOR ( 'NONE', #3059, 1000.000000000000000 ) ;
#8215 = ORIENTED_EDGE ( 'NONE', *, *, #5546, .T. ) ;
#8216 = ORIENTED_EDGE ( 'NONE', *, *, #4212, .F. ) ;
#8217 = LINE ( 'NONE', #3772, #7913 ) ;
#8218 = EDGE_LOOP ( 'NONE', ( #7614, #5883, #6248, #4588 ) ) ;
#8219 = ORIENTED_EDGE ( 'NONE', *, *, #1665, .F. ) ;
#8220 = AXIS2_PLACEMENT_3D ( 'NONE', #2358, #1621, #8240 ) ;
#8221 = DIRECTION ( 'NONE',  ( 3.097720492815727461E-15, 0.000000000000000000, -1.000000000000000000 ) ) ;
#8222 = VECTOR ( 'NONE', #3255, 1000.000000000000000 ) ;
#8223 = EDGE_CURVE ( 'NONE', #1885, #5146, #8906, .T. ) ;
#8224 = LINE ( 'NONE', #4462, #7571 ) ;
#8225 = CARTESIAN_POINT ( 'NONE',  ( -1.499999999999989786, 0.000000000000000000, 0.1400000000000000411 ) ) ;
#8226 = CARTESIAN_POINT ( 'NONE',  ( 1.499999999999997113, 0.1519999999999999962, -0.3600000000000307954 ) ) ;
#8227 = CIRCLE ( 'NONE', #5252, 0.1249999999999998890 ) ;
#8228 = CLOSED_SHELL ( 'NONE', ( #4107, #3751, #2086, #539, #6325, #950, #5983, #9442, #9186, #9499 ) ) ;
#8229 = LINE ( 'NONE', #2299, #6503 ) ;
#8230 = ORIENTED_EDGE ( 'NONE', *, *, #3575, .T. ) ;
#8231 = ADVANCED_FACE ( 'NONE', ( #1409 ), #2245, .F. ) ;
#8232 = DIRECTION ( 'NONE',  ( 0.000000000000000000, -1.000000000000000000, 0.000000000000000000 ) ) ;
#8233 = EDGE_LOOP ( 'NONE', ( #5407, #9508, #5650, #7231 ) ) ;
#8234 = DIRECTION ( 'NONE',  ( -0.000000000000000000, 1.000000000000000000, -0.000000000000000000 ) ) ;
#8235 = CARTESIAN_POINT ( 'NONE',  ( 0.8600000000000191935, 0.1519999999999999962, 1.469999999999972662 ) ) ;
#8236 = PLANE ( 'NONE',  #289 ) ;
#8237 = AXIS2_PLACEMENT_3D ( 'NONE', #2332, #3122, #7616 ) ;
#8238 = ORIENTED_EDGE ( 'NONE', *, *, #9213, .T. ) ;
#8239 =( NAMED_UNIT ( * ) PLANE_ANGLE_UNIT ( ) SI_UNIT ( $, .RADIAN. ) );
#8240 = DIRECTION ( 'NONE',  ( -1.000000000000000000, 0.000000000000000000, -4.425314989736752882E-16 ) ) ;
#8241 = ADVANCED_FACE ( 'NONE', ( #7433 ), #9598, .F. ) ;
#8242 = FACE_OUTER_BOUND ( 'NONE', #9495, .T. ) ;
#8243 = FACE_OUTER_BOUND ( 'NONE', #3863, .T. ) ;
#8244 = DIRECTION ( 'NONE',  ( 0.000000000000000000, 0.000000000000000000, -1.000000000000000000 ) ) ;
#8245 = DIRECTION ( 'NONE',  ( 0.000000000000000000, -1.000000000000000000, 0.000000000000000000 ) ) ;
#8246 = DIRECTION ( 'NONE',  ( -0.000000000000000000, -1.000000000000000000, -0.000000000000000000 ) ) ;
#8247 = ORIENTED_EDGE ( 'NONE', *, *, #1232, .T. ) ;
#8248 = EDGE_LOOP ( 'NONE', ( #5266, #8453, #8805, #3001, #8567, #6647, #1425, #594 ) ) ;
#8249 = FACE_OUTER_BOUND ( 'NONE', #8776, .T. ) ;
#8250 = EDGE_LOOP ( 'NONE', ( #7885, #8080, #1257, #3456 ) ) ;
#8251 = CARTESIAN_POINT ( 'NONE',  ( -1.469999999999994866, 0.1519999999999999962, -0.1400000000000000411 ) ) ;
#8252 = ORIENTED_EDGE ( 'NONE', *, *, #6031, .F. ) ;
#8253 = CARTESIAN_POINT ( 'NONE',  ( -1.469999999999989759, 0.1519999999999999962, 0.3599999999999999867 ) ) ;
#8254 = ADVANCED_FACE ( 'NONE', ( #5816 ), #3584, .F. ) ;
#8255 = ADVANCED_FACE ( 'NONE', ( #5187 ), #5907, .T. ) ;
#8256 = FACE_OUTER_BOUND ( 'NONE', #5955, .T. ) ;
#8257 = LINE ( 'NONE', #2876, #2507 ) ;
#8258 = ORIENTED_EDGE ( 'NONE', *, *, #7449, .T. ) ;
#8259 = ORIENTED_EDGE ( 'NONE', *, *, #3812, .F. ) ;
#8260 = DIRECTION ( 'NONE',  ( 0.000000000000000000, -1.000000000000000000, 0.000000000000000000 ) ) ;
#8261 = ORIENTED_EDGE ( 'NONE', *, *, #5900, .T. ) ;
#8262 = VERTEX_POINT ( 'NONE', #9545 ) ;
#8263 =( LENGTH_UNIT ( ) NAMED_UNIT ( * ) SI_UNIT ( .MILLI., .METRE. ) );
#8264 = CARTESIAN_POINT ( 'NONE',  ( 1.469999999999991980, 0.05000000000000002359, -0.6400000000000309885 ) ) ;
#8265 = CARTESIAN_POINT ( 'NONE',  ( 1.499999999999999778, 0.05000000000000002359, 1.500000000000000000 ) ) ;
#8266 = FACE_OUTER_BOUND ( 'NONE', #6322, .T. ) ;
#8267 = CARTESIAN_POINT ( 'NONE',  ( 0.1400000000000193312, 0.1519999999999999962, 1.469999999999977991 ) ) ;
#8268 = ORIENTED_EDGE ( 'NONE', *, *, #5669, .F. ) ;
#8269 = CARTESIAN_POINT ( 'NONE',  ( 1.224999999999997202, 0.1519999999999999962, -0.3750000000000307532 ) ) ;
#8270 = EDGE_CURVE ( 'NONE', #5682, #9342, #6547, .T. ) ;
#8271 = ORIENTED_EDGE ( 'NONE', *, *, #5154, .T. ) ;
#8272 = DIRECTION ( 'NONE',  ( 0.000000000000000000, 0.000000000000000000, -1.000000000000000000 ) ) ;
#8273 = VERTEX_POINT ( 'NONE', #2836 ) ;
#8274 = VECTOR ( 'NONE', #5117, 1000.000000000000000 ) ;
#8275 = DIRECTION ( 'NONE',  ( 0.000000000000000000, 0.000000000000000000, -1.000000000000000000 ) ) ;
#8276 = AXIS2_PLACEMENT_3D ( 'NONE', #1220, #8719, #2749 ) ;
#8277 = DIRECTION ( 'NONE',  ( 4.425314989736752882E-16, 0.000000000000000000, 1.000000000000000000 ) ) ;
#8278 = DIRECTION ( 'NONE',  ( 1.000000000000000000, 0.000000000000000000, -0.000000000000000000 ) ) ;
#8279 = ORIENTED_EDGE ( 'NONE', *, *, #2700, .F. ) ;
#8280 = LINE ( 'NONE', #3702, #5396 ) ;
#8281 = VECTOR ( 'NONE', #7742, 1000.000000000000000 ) ;
#8282 = CIRCLE ( 'NONE', #4385, 0.1249999999999998890 ) ;
#8283 = CYLINDRICAL_SURFACE ( 'NONE', #1692, 0.1249999999999998890 ) ;
#8284 = CARTESIAN_POINT ( 'NONE',  ( -1.224999999999989875, 0.1519999999999999962, 0.2500000000000000000 ) ) ;
#8285 = AXIS2_PLACEMENT_3D ( 'NONE', #8801, #7172, #422 ) ;
#8286 = VECTOR ( 'NONE', #2517, 1000.000000000000000 ) ;
#8287 = CARTESIAN_POINT ( 'NONE',  ( -1.500000000000000222, 0.05000000000000002359, 1.500000000000000000 ) ) ;
#8288 = EDGE_CURVE ( 'NONE', #5333, #9593, #8814, .T. ) ;
#8289 = CARTESIAN_POINT ( 'NONE',  ( -1.469999999999989759, 0.1519999999999999962, 0.1250000000000000000 ) ) ;
#8290 = CARTESIAN_POINT ( 'NONE',  ( 0.8750000000000052180, 0.1519999999999999962, -1.469999999999996865 ) ) ;
#8291 = EDGE_CURVE ( 'NONE', #9293, #4726, #5957, .T. ) ;
#8292 = VECTOR ( 'NONE', #2667, 1000.000000000000000 ) ;
#8293 = AXIS2_PLACEMENT_3D ( 'NONE', #2926, #5898, #8896 ) ;
#8294 = VERTEX_POINT ( 'NONE', #677 ) ;
#8295 = CARTESIAN_POINT ( 'NONE',  ( 0.7500000000000193179, 0.000000000000000000, 1.224999999999972555 ) ) ;
#8296 = ORIENTED_EDGE ( 'NONE', *, *, #1607, .F. ) ;
#8297 = DIRECTION ( 'NONE',  ( 0.000000000000000000, 0.000000000000000000, -1.000000000000000000 ) ) ;
#8298 = ORIENTED_EDGE ( 'NONE', *, *, #6006, .T. ) ;
#8299 = CARTESIAN_POINT ( 'NONE',  ( -1.225000000000000089, 0.1519999999999999962, -0.7500000000000000000 ) ) ;
#8300 = DIRECTION ( 'NONE',  ( 0.000000000000000000, -1.000000000000000000, 0.000000000000000000 ) ) ;
#8301 =( GEOMETRIC_REPRESENTATION_CONTEXT ( 3 ) GLOBAL_UNCERTAINTY_ASSIGNED_CONTEXT ( ( #9382 ) ) GLOBAL_UNIT_ASSIGNED_CONTEXT ( ( #1521, #8239, #5341 ) ) REPRESENTATION_CONTEXT ( 'NONE', 'WORKASPACE' ) );
#8302 = CARTESIAN_POINT ( 'NONE',  ( 1.224999999999997202, 0.1519999999999999962, -0.2500000000000308642 ) ) ;
#8303 = EDGE_CURVE ( 'NONE', #9410, #3290, #7329, .T. ) ;
#8304 = VERTEX_POINT ( 'NONE', #9645 ) ;
#8305 = ORIENTED_EDGE ( 'NONE', *, *, #2988, .T. ) ;
#8306 = ADVANCED_FACE ( 'NONE', ( #628 ), #2196, .F. ) ;
#8307 = DIRECTION ( 'NONE',  ( 1.000000000000000000, 0.000000000000000000, 0.000000000000000000 ) ) ;
#8308 = EDGE_CURVE ( 'NONE', #6175, #1375, #197, .T. ) ;
#8309 = VECTOR ( 'NONE', #6751, 1000.000000000000000 ) ;
#8310 = ORIENTED_EDGE ( 'NONE', *, *, #9503, .F. ) ;
#8311 = VERTEX_POINT ( 'NONE', #2982 ) ;
#8312 = CARTESIAN_POINT ( 'NONE',  ( 1.499999999999997113, 0.1519999999999999962, -0.1400000000000309053 ) ) ;
#8313 = DIRECTION ( 'NONE',  ( 0.000000000000000000, 0.000000000000000000, -1.000000000000000000 ) ) ;
#8314 =( NAMED_UNIT ( * ) SI_UNIT ( $, .STERADIAN. ) SOLID_ANGLE_UNIT ( ) );
#8315 = LINE ( 'NONE', #7719, #1474 ) ;
#8316 = DIRECTION ( 'NONE',  ( 0.000000000000000000, 1.000000000000000000, 0.000000000000000000 ) ) ;
#8317 = DIRECTION ( 'NONE',  ( 6.637972484605129570E-16, 0.000000000000000000, 1.000000000000000000 ) ) ;
#8318 = VECTOR ( 'NONE', #5217, 1000.000000000000000 ) ;
#8319 = ORIENTED_EDGE ( 'NONE', *, *, #5308, .F. ) ;
#8320 = CARTESIAN_POINT ( 'NONE',  ( 1.469999999999997087, 0.1519999999999999962, -0.3750000000000308642 ) ) ;
#8321 = ORIENTED_EDGE ( 'NONE', *, *, #9694, .T. ) ;
#8322 = LINE ( 'NONE', #3874, #4421 ) ;
#8323 = ORIENTED_EDGE ( 'NONE', *, *, #2250, .T. ) ;
#8324 = EDGE_CURVE ( 'NONE', #7154, #6511, #8953, .T. ) ;
#8325 = LINE ( 'NONE', #2401, #4116 ) ;
#8326 = CARTESIAN_POINT ( 'NONE',  ( -1.469999999999984652, 0.1519999999999999962, 0.6400000000000000133 ) ) ;
#8327 = LINE ( 'NONE', #8876, #5772 ) ;
#8328 = ADVANCED_FACE ( 'NONE', ( #5044 ), #77, .T. ) ;
#8329 = VERTEX_POINT ( 'NONE', #8264 ) ;
#8330 = DIRECTION ( 'NONE',  ( -0.000000000000000000, 0.000000000000000000, 1.000000000000000000 ) ) ;
#8331 = DIRECTION ( 'NONE',  ( 0.000000000000000000, 0.000000000000000000, -1.000000000000000000 ) ) ;
#8332 = AXIS2_PLACEMENT_3D ( 'NONE', #4847, #9343, #9392 ) ;
#8333 = LINE ( 'NONE', #4669, #7788 ) ;
#8334 = DIRECTION ( 'NONE',  ( 1.000000000000000000, 0.000000000000000000, 0.000000000000000000 ) ) ;
#8335 = VECTOR ( 'NONE', #8796, 1000.000000000000000 ) ;
#8336 = EDGE_CURVE ( 'NONE', #6756, #273, #8999, .T. ) ;
#8337 = FACE_OUTER_BOUND ( 'NONE', #3893, .T. ) ;
#8338 = VERTEX_POINT ( 'NONE', #7479 ) ;
#8339 = CARTESIAN_POINT ( 'NONE',  ( 1.499999999999999778, 0.8000000000000000444, -1.500000000000000000 ) ) ;
#8340 = PLANE ( 'NONE',  #1951 ) ;
#8341 = VECTOR ( 'NONE', #7891, 1000.000000000000000 ) ;
#8342 = ORIENTED_EDGE ( 'NONE', *, *, #8587, .F. ) ;
#8343 = DIRECTION ( 'NONE',  ( -0.000000000000000000, -1.000000000000000000, -0.000000000000000000 ) ) ;
#8344 = ORIENTED_EDGE ( 'NONE', *, *, #7996, .F. ) ;
#8345 = DIRECTION ( 'NONE',  ( 0.000000000000000000, -0.000000000000000000, -1.000000000000000000 ) ) ;
#8346 = EDGE_CURVE ( 'NONE', #3415, #9244, #3821, .T. ) ;
#8347 = EDGE_LOOP ( 'NONE', ( #2513, #5473, #8502, #9668 ) ) ;
#8348 = LINE ( 'NONE', #1862, #920 ) ;
#8349 = DIRECTION ( 'NONE',  ( -0.000000000000000000, 1.000000000000000000, -0.000000000000000000 ) ) ;
#8350 = CARTESIAN_POINT ( 'NONE',  ( -0.8599999999999807798, 0.1519999999999999962, 1.469999999999988649 ) ) ;
#8351 = VERTEX_POINT ( 'NONE', #4596 ) ;
#8352 = ORIENTED_EDGE ( 'NONE', *, *, #3721, .T. ) ;
#8353 = ORIENTED_EDGE ( 'NONE', *, *, #6447, .F. ) ;
#8354 = LINE ( 'NONE', #4004, #407 ) ;
#8355 = AXIS2_PLACEMENT_3D ( 'NONE', #2938, #6548, #723 ) ;
#8356 = VERTEX_POINT ( 'NONE', #7575 ) ;
#8357 = ORIENTED_EDGE ( 'NONE', *, *, #107, .T. ) ;
#8358 = DIRECTION ( 'NONE',  ( 1.000000000000000000, 0.000000000000000000, -0.000000000000000000 ) ) ;
#8359 = ADVANCED_FACE ( 'NONE', ( #6095 ), #2337, .T. ) ;
#8360 = CARTESIAN_POINT ( 'NONE',  ( 0.6400000000000192202, 0.000000000000000000, 1.469999999999972662 ) ) ;
#8361 = PLANE ( 'NONE',  #7839 ) ;
#8362 = DIRECTION ( 'NONE',  ( 0.000000000000000000, -1.000000000000000000, 0.000000000000000000 ) ) ;
#8363 = AXIS2_PLACEMENT_3D ( 'NONE', #6433, #1982, #4389 ) ;
#8364 = CARTESIAN_POINT ( 'NONE',  ( 0.2500000000000192624, 0.1519999999999999962, 1.224999999999978106 ) ) ;
#8365 = EDGE_CURVE ( 'NONE', #5985, #6223, #3177, .T. ) ;
#8366 = EDGE_CURVE ( 'NONE', #2682, #2636, #5421, .T. ) ;
#8367 = VERTEX_POINT ( 'NONE', #6741 ) ;
#8368 = CARTESIAN_POINT ( 'NONE',  ( 1.659493121151279681E-16, 0.05000000000000002359, 0.3749999999999993339 ) ) ;
#8369 = AXIS2_PLACEMENT_3D ( 'NONE', #9457, #9510, #8778 ) ;
#8370 = VERTEX_POINT ( 'NONE', #3224 ) ;
#8371 = ORIENTED_EDGE ( 'NONE', *, *, #5599, .T. ) ;
#8372 = CARTESIAN_POINT ( 'NONE',  ( 0.000000000000000000, 0.05000000000000002359, -0.6400000000000000133 ) ) ;
#8373 = EDGE_LOOP ( 'NONE', ( #4995, #6595, #1276, #3134 ) ) ;
#8374 = FACE_OUTER_BOUND ( 'NONE', #7877, .T. ) ;
#8375 = DIRECTION ( 'NONE',  ( 0.000000000000000000, -0.000000000000000000, -1.000000000000000000 ) ) ;
#8376 = CARTESIAN_POINT ( 'NONE',  ( 0.000000000000000000, 0.05000000000000002359, 0.6400000000000000133 ) ) ;
#8377 = EDGE_CURVE ( 'NONE', #3254, #8020, #5322, .T. ) ;
#8378 = EDGE_CURVE ( 'NONE', #2654, #1714, #5372, .T. ) ;
#8379 = VERTEX_POINT ( 'NONE', #222 ) ;
#8380 = VECTOR ( 'NONE', #5427, 1000.000000000000000 ) ;
#8381 = AXIS2_PLACEMENT_3D ( 'NONE', #9176, #9124, #2318 ) ;
#8382 = DIRECTION ( 'NONE',  ( -3.614007241618338910E-15, 0.000000000000000000, 1.000000000000000000 ) ) ;
#8383 = DIRECTION ( 'NONE',  ( 0.000000000000000000, 0.000000000000000000, -1.000000000000000000 ) ) ;
#8384 = CIRCLE ( 'NONE', #4645, 0.1249999999999998890 ) ;
#8385 = FACE_OUTER_BOUND ( 'NONE', #8812, .T. ) ;
#8386 = EDGE_CURVE ( 'NONE', #4065, #8131, #6829, .T. ) ;
#8387 = CLOSED_SHELL ( 'NONE', ( #3833, #4289, #3315, #2747, #4873, #6138, #6656, #4322, #4358, #2400 ) ) ;
#8388 = CARTESIAN_POINT ( 'NONE',  ( -1.469999999999989759, 0.05000000000000002359, 0.3599999999999999867 ) ) ;
#8389 = VERTEX_POINT ( 'NONE', #3082 ) ;
#8390 = LINE ( 'NONE', #7647, #8608 ) ;
#8391 = LINE ( 'NONE', #1677, #5391 ) ;
#8392 = VECTOR ( 'NONE', #6341, 1000.000000000000000 ) ;
#8393 = EDGE_LOOP ( 'NONE', ( #5214, #2882, #7941, #5936 ) ) ;
#8394 = CARTESIAN_POINT ( 'NONE',  ( -1.500000000000000222, 0.1519999999999999962, -0.6400000000000000133 ) ) ;
#8395 = EDGE_CURVE ( 'NONE', #6202, #3986, #122, .T. ) ;
#8396 = ORIENTED_EDGE ( 'NONE', *, *, #9042, .F. ) ;
#8397 = CARTESIAN_POINT ( 'NONE',  ( -1.469999999999989759, 0.000000000000000000, 0.3599999999999999867 ) ) ;
#8398 = ORIENTED_EDGE ( 'NONE', *, *, #44, .T. ) ;
#8399 = DIRECTION ( 'NONE',  ( 0.000000000000000000, -1.000000000000000000, 0.000000000000000000 ) ) ;
#8400 = DIRECTION ( 'NONE',  ( -0.000000000000000000, -0.000000000000000000, 1.000000000000000000 ) ) ;
#8401 = ORIENTED_EDGE ( 'NONE', *, *, #6789, .F. ) ;
#8402 = EDGE_LOOP ( 'NONE', ( #7511, #4294, #800, #28, #7308, #1340, #207, #5771 ) ) ;
#8403 = ORIENTED_EDGE ( 'NONE', *, *, #5392, .F. ) ;
#8404 = CARTESIAN_POINT ( 'NONE',  ( 0.1250000000000192901, 0.1519999999999999962, 1.469999999999977991 ) ) ;
#8405 = ORIENTED_EDGE ( 'NONE', *, *, #1471, .T. ) ;
#8406 = ORIENTED_EDGE ( 'NONE', *, *, #3307, .T. ) ;
#8407 = LINE ( 'NONE', #8360, #7077 ) ;
#8408 = CARTESIAN_POINT ( 'NONE',  ( -0.1399999999999947120, 0.1519999999999999962, -1.499999999999990008 ) ) ;
#8409 = CARTESIAN_POINT ( 'NONE',  ( 1.470000000000007523, 0.1519999999999999962, 0.6249999999999691358 ) ) ;
#8410 = LINE ( 'NONE', #8461, #4848 ) ;
#8411 = CARTESIAN_POINT ( 'NONE',  ( -1.499999999999984679, 0.05000000000000002359, 0.6400000000000000133 ) ) ;
#8412 = EDGE_CURVE ( 'NONE', #870, #329, #8407, .T. ) ;
#8413 = EDGE_CURVE ( 'NONE', #2798, #7821, #958, .T. ) ;
#8414 = ORIENTED_EDGE ( 'NONE', *, *, #4005, .F. ) ;
#8415 = CARTESIAN_POINT ( 'NONE',  ( 0.8750000000000042188, 0.1519999999999999962, -1.224999999999996980 ) ) ;
#8416 = ORIENTED_EDGE ( 'NONE', *, *, #2787, .F. ) ;
#8417 = EDGE_LOOP ( 'NONE', ( #261, #63, #7475, #4051 ) ) ;
#8418 = DIRECTION ( 'NONE',  ( 1.000000000000000000, 0.000000000000000000, 0.000000000000000000 ) ) ;
#8419 = VERTEX_POINT ( 'NONE', #9189 ) ;
#8420 = DIRECTION ( 'NONE',  ( 0.000000000000000000, 0.000000000000000000, -1.000000000000000000 ) ) ;
#8421 = CARTESIAN_POINT ( 'NONE',  ( -1.469999999999989759, 0.1519999999999999962, 0.3750000000000000000 ) ) ;
#8422 = CARTESIAN_POINT ( 'NONE',  ( 1.225000000000002309, 0.000000000000000000, 0.2499999999999691636 ) ) ;
#8423 = VECTOR ( 'NONE', #6848, 1000.000000000000000 ) ;
#8424 = ORIENTED_EDGE ( 'NONE', *, *, #7623, .F. ) ;
#8425 = FACE_OUTER_BOUND ( 'NONE', #8980, .T. ) ;
#8426 = VERTEX_POINT ( 'NONE', #4649 ) ;
#8427 = COLOUR_RGB ( '',0.7921568627450980005, 0.8196078431372548767, 0.9333333333333333481 ) ;
#8428 = CARTESIAN_POINT ( 'NONE',  ( -1.469999999999984652, 0.000000000000000000, 0.8750000000000000000 ) ) ;
#8429 = EDGE_CURVE ( 'NONE', #9522, #5859, #7619, .T. ) ;
#8430 = EDGE_CURVE ( 'NONE', #5755, #4659, #1508, .T. ) ;
#8431 = DIRECTION ( 'NONE',  ( 0.000000000000000000, 0.000000000000000000, -1.000000000000000000 ) ) ;
#8432 = CARTESIAN_POINT ( 'NONE',  ( -1.469999999999989759, 0.1519999999999999962, 0.1400000000000000411 ) ) ;
#8433 = CARTESIAN_POINT ( 'NONE',  ( -0.1249999999999807099, 0.05000000000000002359, 1.469999999999983320 ) ) ;
#8434 = VERTEX_POINT ( 'NONE', #3030 ) ;
#8435 = VECTOR ( 'NONE', #1482, 1000.000000000000000 ) ;
#8436 = PRESENTATION_LAYER_ASSIGNMENT (  '', '', ( #137 ) ) ;
#8437 = LINE ( 'NONE', #1722, #6731 ) ;
#8438 = LINE ( 'NONE', #7847, #7895 ) ;
#8439 = EDGE_LOOP ( 'NONE', ( #4493, #3634, #8951, #7264 ) ) ;
#8440 = CARTESIAN_POINT ( 'NONE',  ( 1.499999999999992006, 0.000000000000000000, -0.6400000000000309885 ) ) ;
#8441 = CIRCLE ( 'NONE', #2655, 0.1249999999999998890 ) ;
#8442 = ORIENTED_EDGE ( 'NONE', *, *, #8893, .T. ) ;
#8443 = CARTESIAN_POINT ( 'NONE',  ( 1.500000000000007550, 0.000000000000000000, 0.6399999999999691491 ) ) ;
#8444 = VECTOR ( 'NONE', #3390, 1000.000000000000000 ) ;
#8445 = EDGE_CURVE ( 'NONE', #7636, #8658, #6002, .T. ) ;
#8446 = PLANE ( 'NONE',  #7819 ) ;
#8447 = LINE ( 'NONE', #3115, #148 ) ;
#8448 = DIRECTION ( 'NONE',  ( -0.000000000000000000, -1.000000000000000000, -0.000000000000000000 ) ) ;
#8449 = EDGE_CURVE ( 'NONE', #3295, #6501, #3910, .T. ) ;
#8450 = VECTOR ( 'NONE', #9381, 1000.000000000000000 ) ;
#8451 = VECTOR ( 'NONE', #5642, 1000.000000000000000 ) ;
#8452 = VERTEX_POINT ( 'NONE', #4549 ) ;
#8453 = ORIENTED_EDGE ( 'NONE', *, *, #2664, .F. ) ;
#8454 = LINE ( 'NONE', #217, #2915 ) ;
#8455 = ORIENTED_EDGE ( 'NONE', *, *, #400, .T. ) ;
#8456 = ORIENTED_EDGE ( 'NONE', *, *, #3841, .F. ) ;
#8457 = VECTOR ( 'NONE', #103, 1000.000000000000000 ) ;
#8458 = DIRECTION ( 'NONE',  ( -1.000000000000000000, 0.000000000000000000, 0.000000000000000000 ) ) ;
#8459 = LINE ( 'NONE', #2388, #7524 ) ;
#8460 = CARTESIAN_POINT ( 'NONE',  ( -1.224999999999984546, 0.1519999999999999962, 0.7500000000000000000 ) ) ;
#8461 = CARTESIAN_POINT ( 'NONE',  ( 0.6400000000000192202, 0.1519999999999999962, 1.469999999999972662 ) ) ;
#8462 = CARTESIAN_POINT ( 'NONE',  ( -1.469999999999984652, 0.1519999999999999962, 0.8750000000000000000 ) ) ;
#8463 =( GEOMETRIC_REPRESENTATION_CONTEXT ( 3 ) GLOBAL_UNCERTAINTY_ASSIGNED_CONTEXT ( ( #6640 ) ) GLOBAL_UNIT_ASSIGNED_CONTEXT ( ( #4666, #2308, #7495 ) ) REPRESENTATION_CONTEXT ( 'NONE', 'WORKASPACE' ) );
#8464 = ORIENTED_EDGE ( 'NONE', *, *, #6636, .F. ) ;
#8465 = DIRECTION ( 'NONE',  ( -0.000000000000000000, -1.000000000000000000, -0.000000000000000000 ) ) ;
#8466 = ORIENTED_EDGE ( 'NONE', *, *, #8840, .T. ) ;
#8467 = ORIENTED_EDGE ( 'NONE', *, *, #3595, .T. ) ;
#8468 = LINE ( 'NONE', #2491, #8479 ) ;
#8469 = VERTEX_POINT ( 'NONE', #9140 ) ;
#8470 = CARTESIAN_POINT ( 'NONE',  ( 0.8600000000000191935, 0.05000000000000002359, 1.469999999999972662 ) ) ;
#8471 = EDGE_CURVE ( 'NONE', #8726, #3218, #9376, .T. ) ;
#8472 = ADVANCED_FACE ( 'NONE', ( #2675 ), #7073, .F. ) ;
#8473 = DIRECTION ( 'NONE',  ( -1.000000000000000000, 0.000000000000000000, 0.000000000000000000 ) ) ;
#8474 = FACE_OUTER_BOUND ( 'NONE', #5074, .T. ) ;
#8475 = CIRCLE ( 'NONE', #4417, 0.1249999999999998890 ) ;
#8476 = VERTEX_POINT ( 'NONE', #1046 ) ;
#8477 = CARTESIAN_POINT ( 'NONE',  ( -1.200000000000000400, 0.7500000000000000000, -1.050000000000000044 ) ) ;
#8478 = CARTESIAN_POINT ( 'NONE',  ( 1.469999999999997087, 0.1519999999999999962, -0.3600000000000307954 ) ) ;
#8479 = VECTOR ( 'NONE', #6536, 1000.000000000000000 ) ;
#8480 = EDGE_LOOP ( 'NONE', ( #6163, #6372, #7107, #3955 ) ) ;
#8481 = CARTESIAN_POINT ( 'NONE',  ( -0.3599999999999806688, 0.1519999999999999962, 1.469999999999983320 ) ) ;
#8482 = EDGE_CURVE ( 'NONE', #5213, #25, #5830, .T. ) ;
#8483 = CARTESIAN_POINT ( 'NONE',  ( -0.1249999999999807099, 0.1519999999999999962, 1.469999999999983320 ) ) ;
#8484 = DIRECTION ( 'NONE',  ( -0.000000000000000000, -1.000000000000000000, -0.000000000000000000 ) ) ;
#8485 = EDGE_LOOP ( 'NONE', ( #4892, #362 ) ) ;
#8486 = AXIS2_PLACEMENT_3D ( 'NONE', #6213, #3446, #6416 ) ;
#8487 = DIRECTION ( 'NONE',  ( -1.000000000000000000, 0.000000000000000000, -0.000000000000000000 ) ) ;
#8488 = LINE ( 'NONE', #5400, #3535 ) ;
#8489 = ADVANCED_FACE ( 'NONE', ( #9236 ), #6290, .T. ) ;
#8490 = EDGE_CURVE ( 'NONE', #5622, #4158, #5364, .T. ) ;
#8491 = ORIENTED_EDGE ( 'NONE', *, *, #1197, .T. ) ;
#8492 = DIRECTION ( 'NONE',  ( -0.000000000000000000, -1.000000000000000000, -0.000000000000000000 ) ) ;
#8493 = VECTOR ( 'NONE', #4372, 1000.000000000000000 ) ;
#8494 = LINE ( 'NONE', #3994, #2061 ) ;
#8495 = CARTESIAN_POINT ( 'NONE',  ( 1.470000000000002416, 0.05000000000000002359, 0.3599999999999691225 ) ) ;
#8496 = DIRECTION ( 'NONE',  ( 0.000000000000000000, -1.000000000000000000, 0.000000000000000000 ) ) ;
#8497 = SURFACE_STYLE_USAGE ( .BOTH. , #5503 ) ;
#8498 = PRODUCT_DEFINITION_FORMATION_WITH_SPECIFIED_SOURCE ( 'ANY', '', #9319, .NOT_KNOWN. ) ;
#8499 = VECTOR ( 'NONE', #3734, 1000.000000000000000 ) ;
#8500 = EDGE_CURVE ( 'NONE', #7178, #3717, #6440, .T. ) ;
#8501 = ORIENTED_EDGE ( 'NONE', *, *, #2911, .F. ) ;
#8502 = ORIENTED_EDGE ( 'NONE', *, *, #9071, .T. ) ;
#8503 = DIRECTION ( 'NONE',  ( 0.000000000000000000, 0.000000000000000000, -1.000000000000000000 ) ) ;
#8504 = ORIENTED_EDGE ( 'NONE', *, *, #258, .T. ) ;
#8505 = ORIENTED_EDGE ( 'NONE', *, *, #1776, .F. ) ;
#8506 = CIRCLE ( 'NONE', #8041, 0.1249999999999998890 ) ;
#8507 = CARTESIAN_POINT ( 'NONE',  ( 0.1250000000000193456, 0.1519999999999999962, 1.224999999999978106 ) ) ;
#8508 = LINE ( 'NONE', #4882, #9137 ) ;
#8509 = PLANE ( 'NONE',  #1712 ) ;
#8510 = DIRECTION ( 'NONE',  ( 1.000000000000000000, 0.000000000000000000, 0.000000000000000000 ) ) ;
#8511 = COLOUR_RGB ( '',1.000000000000000000, 1.000000000000000000, 1.000000000000000000 ) ;
#8512 = ORIENTED_EDGE ( 'NONE', *, *, #4855, .T. ) ;
#8513 = DIRECTION ( 'NONE',  ( 1.000000000000000000, 0.000000000000000000, 0.000000000000000000 ) ) ;
#8514 = ORIENTED_EDGE ( 'NONE', *, *, #572, .F. ) ;
#8515 = VERTEX_POINT ( 'NONE', #7717 ) ;
#8516 = CARTESIAN_POINT ( 'NONE',  ( -1.470000000000000195, 0.000000000000000000, -0.6400000000000000133 ) ) ;
#8517 = EDGE_CURVE ( 'NONE', #6596, #5859, #5653, .T. ) ;
#8518 = ORIENTED_EDGE ( 'NONE', *, *, #5154, .F. ) ;
#8519 = LINE ( 'NONE', #479, #9587 ) ;
#8520 = DIRECTION ( 'NONE',  ( 0.000000000000000000, -0.000000000000000000, 1.000000000000000000 ) ) ;
#8521 = DIRECTION ( 'NONE',  ( -0.000000000000000000, 0.000000000000000000, -1.000000000000000000 ) ) ;
#8522 = PRESENTATION_LAYER_ASSIGNMENT (  '', '', ( #7733 ) ) ;
#8523 = ORIENTED_EDGE ( 'NONE', *, *, #589, .F. ) ;
#8524 = CARTESIAN_POINT ( 'NONE',  ( 1.224999999999997202, 0.1519999999999999962, -0.2500000000000308642 ) ) ;
#8525 = VECTOR ( 'NONE', #5011, 1000.000000000000000 ) ;
#8526 = EDGE_CURVE ( 'NONE', #1811, #5382, #7556, .T. ) ;
#8527 = ORIENTED_EDGE ( 'NONE', *, *, #4906, .F. ) ;
#8528 = LINE ( 'NONE', #3445, #3639 ) ;
#8529 = CARTESIAN_POINT ( 'NONE',  ( 1.500000000000002442, 0.1519999999999999962, 0.1399999999999691769 ) ) ;
#8530 = FACE_OUTER_BOUND ( 'NONE', #7328, .T. ) ;
#8531 = PLANE ( 'NONE',  #4999 ) ;
#8532 = VECTOR ( 'NONE', #8382, 1000.000000000000000 ) ;
#8533 = VECTOR ( 'NONE', #206, 1000.000000000000000 ) ;
#8534 = LINE ( 'NONE', #5537, #2341 ) ;
#8535 = ORIENTED_EDGE ( 'NONE', *, *, #6769, .F. ) ;
#8536 = CARTESIAN_POINT ( 'NONE',  ( 0.2500000000000043854, 0.000000000000000000, -1.224999999999993872 ) ) ;
#8537 = LINE ( 'NONE', #5588, #7260 ) ;
#8538 = ADVANCED_FACE ( 'NONE', ( #4151 ), #7863, .F. ) ;
#8539 = VECTOR ( 'NONE', #3641, 1000.000000000000000 ) ;
#8540 = ORIENTED_EDGE ( 'NONE', *, *, #3453, .F. ) ;
#8541 = FACE_OUTER_BOUND ( 'NONE', #3304, .T. ) ;
#8542 = DIRECTION ( 'NONE',  ( -0.000000000000000000, -1.000000000000000000, -0.000000000000000000 ) ) ;
#8543 = CARTESIAN_POINT ( 'NONE',  ( -1.500000000000000222, 0.05000000000000002359, -1.500000000000000000 ) ) ;
#8544 = VECTOR ( 'NONE', #2880, 1000.000000000000000 ) ;
#8545 = DIRECTION ( 'NONE',  ( 1.000000000000000000, 0.000000000000000000, -4.425314989736752882E-16 ) ) ;
#8546 = CARTESIAN_POINT ( 'NONE',  ( -1.469999999999989759, 0.000000000000000000, 0.1400000000000000411 ) ) ;
#8547 = ORIENTED_EDGE ( 'NONE', *, *, #9013, .F. ) ;
#8548 = ORIENTED_EDGE ( 'NONE', *, *, #8869, .F. ) ;
#8549 = PLANE ( 'NONE',  #9640 ) ;
#8550 = VERTEX_POINT ( 'NONE', #8507 ) ;
#8551 = ORIENTED_EDGE ( 'NONE', *, *, #6334, .T. ) ;
#8552 = EDGE_CURVE ( 'NONE', #7651, #9244, #1836, .T. ) ;
#8553 = EDGE_CURVE ( 'NONE', #7833, #6175, #417, .T. ) ;
#8554 = DIRECTION ( 'NONE',  ( -1.000000000000000000, 0.000000000000000000, 8.850629979473505765E-16 ) ) ;
#8555 = DIRECTION ( 'NONE',  ( 1.000000000000000000, 0.000000000000000000, -4.425314989736752882E-16 ) ) ;
#8556 = CARTESIAN_POINT ( 'NONE',  ( -0.000000000000000000, 0.05000000000000002359, -1.469999999999994422 ) ) ;
#8557 = CARTESIAN_POINT ( 'NONE',  ( 0.6250000000000052180, 0.1519999999999999962, -1.469999999999997753 ) ) ;
#8558 = ORIENTED_EDGE ( 'NONE', *, *, #336, .T. ) ;
#8559 = CARTESIAN_POINT ( 'NONE',  ( -0.000000000000000000, 0.05000000000000002359, -0.8599999999999999867 ) ) ;
#8560 = ORIENTED_EDGE ( 'NONE', *, *, #6582, .F. ) ;
#8561 = ORIENTED_EDGE ( 'NONE', *, *, #6410, .T. ) ;
#8562 = DIRECTION ( 'NONE',  ( 0.000000000000000000, 0.000000000000000000, -1.000000000000000000 ) ) ;
#8563 = ORIENTED_EDGE ( 'NONE', *, *, #6375, .F. ) ;
#8564 = DIRECTION ( 'NONE',  ( 0.000000000000000000, 0.000000000000000000, -1.000000000000000000 ) ) ;
#8565 = EDGE_CURVE ( 'NONE', #3036, #4875, #1787, .T. ) ;
#8566 = LINE ( 'NONE', #331, #7499 ) ;
#8567 = ORIENTED_EDGE ( 'NONE', *, *, #5178, .F. ) ;
#8568 = FILL_AREA_STYLE ('',( #5577 ) ) ;
#8569 = CARTESIAN_POINT ( 'NONE',  ( 1.470000000000002416, 0.05000000000000002359, 0.000000000000000000 ) ) ;
#8570 = EDGE_CURVE ( 'NONE', #7205, #8262, #5603, .T. ) ;
#8571 = ORIENTED_EDGE ( 'NONE', *, *, #7504, .T. ) ;
#8572 = DIRECTION ( 'NONE',  ( -1.000000000000000000, 0.000000000000000000, 0.000000000000000000 ) ) ;
#8573 = LINE ( 'NONE', #8717, #1753 ) ;
#8574 = VECTOR ( 'NONE', #1205, 1000.000000000000000 ) ;
#8575 = DIRECTION ( 'NONE',  ( 0.000000000000000000, 1.000000000000000000, -0.000000000000000000 ) ) ;
#8576 = PLANE ( 'NONE',  #3761 ) ;
#8577 = LINE ( 'NONE', #9214, #3131 ) ;
#8578 = EDGE_LOOP ( 'NONE', ( #4516, #1608, #672, #1494 ) ) ;
#8579 = DIRECTION ( 'NONE',  ( 0.000000000000000000, 1.000000000000000000, 0.000000000000000000 ) ) ;
#8580 = DIRECTION ( 'NONE',  ( 0.000000000000000000, -0.000000000000000000, -1.000000000000000000 ) ) ;
#8581 = STYLED_ITEM ( 'NONE', ( #5559 ), #2994 ) ;
#8582 = ORIENTED_EDGE ( 'NONE', *, *, #4686, .F. ) ;
#8583 = CARTESIAN_POINT ( 'NONE',  ( -7.744301232039579964E-16, 0.05000000000000002359, -0.8750000000000296430 ) ) ;
#8584 = DIRECTION ( 'NONE',  ( 1.000000000000000000, 0.000000000000000000, 3.318986242302564785E-16 ) ) ;
#8585 = VECTOR ( 'NONE', #5298, 1000.000000000000000 ) ;
#8586 = EDGE_CURVE ( 'NONE', #9388, #4196, #3420, .T. ) ;
#8587 = EDGE_CURVE ( 'NONE', #6507, #8338, #4102, .T. ) ;
#8588 = LINE ( 'NONE', #2713, #1067 ) ;
#8589 = LINE ( 'NONE', #4969, #5008 ) ;
#8590 = VECTOR ( 'NONE', #6521, 1000.000000000000000 ) ;
#8591 = VECTOR ( 'NONE', #381, 1000.000000000000000 ) ;
#8592 = ORIENTED_EDGE ( 'NONE', *, *, #1500, .T. ) ;
#8593 = VERTEX_POINT ( 'NONE', #4789 ) ;
#8594 = LINE ( 'NONE', #8007, #8081 ) ;
#8595 = ORIENTED_EDGE ( 'NONE', *, *, #1530, .T. ) ;
#8596 = ORIENTED_EDGE ( 'NONE', *, *, #1904, .F. ) ;
#8597 = CYLINDRICAL_SURFACE ( 'NONE', #1766, 0.1249999999999998890 ) ;
#8598 = DIRECTION ( 'NONE',  ( 0.000000000000000000, 1.000000000000000000, 0.000000000000000000 ) ) ;
#8599 = CARTESIAN_POINT ( 'NONE',  ( 0.3600000000000052047, 0.1519999999999999962, -1.469999999999993534 ) ) ;
#8600 = CARTESIAN_POINT ( 'NONE',  ( 1.500000000000002442, 0.1519999999999999962, 0.1399999999999691769 ) ) ;
#8601 = AXIS2_PLACEMENT_3D ( 'NONE', #8017, #5655, #8747 ) ;
#8602 = VECTOR ( 'NONE', #8698, 1000.000000000000000 ) ;
#8603 = DIRECTION ( 'NONE',  ( 1.000000000000000000, 0.000000000000000000, 0.000000000000000000 ) ) ;
#8604 = EDGE_CURVE ( 'NONE', #2819, #2920, #365, .T. ) ;
#8605 = ADVANCED_FACE ( 'NONE', ( #2624 ), #8597, .T. ) ;
#8606 = EDGE_LOOP ( 'NONE', ( #6434, #887, #3320, #4441 ) ) ;
#8607 = DIRECTION ( 'NONE',  ( 0.000000000000000000, 0.000000000000000000, -1.000000000000000000 ) ) ;
#8608 = VECTOR ( 'NONE', #936, 1000.000000000000000 ) ;
#8609 = EDGE_LOOP ( 'NONE', ( #3592, #2886, #205, #8551 ) ) ;
#8610 = ORIENTED_EDGE ( 'NONE', *, *, #6357, .F. ) ;
#8611 = PLANE ( 'NONE',  #2316 ) ;
#8612 = VERTEX_POINT ( 'NONE', #4010 ) ;
#8613 = DIRECTION ( 'NONE',  ( 1.000000000000000000, 0.000000000000000000, 4.425314989736752882E-16 ) ) ;
#8614 = CARTESIAN_POINT ( 'NONE',  ( 0.1400000000000193312, 0.05000000000000002359, 1.469999999999977991 ) ) ;
#8615 = CARTESIAN_POINT ( 'NONE',  ( -0.2499999999999956146, 0.1519999999999999962, -1.224999999999990319 ) ) ;
#8616 = ORIENTED_EDGE ( 'NONE', *, *, #463, .T. ) ;
#8617 = AXIS2_PLACEMENT_3D ( 'NONE', #1758, #2498, #3291 ) ;
#8618 = SURFACE_STYLE_USAGE ( .BOTH. , #1854 ) ;
#8619 = CARTESIAN_POINT ( 'NONE',  ( 1.500000000000007550, 0.1519999999999999962, 0.6399999999999691491 ) ) ;
#8620 = FACE_OUTER_BOUND ( 'NONE', #3922, .T. ) ;
#8621 = EDGE_CURVE ( 'NONE', #2428, #449, #1298, .T. ) ;
#8622 = ORIENTED_EDGE ( 'NONE', *, *, #2930, .F. ) ;
#8623 = CARTESIAN_POINT ( 'NONE',  ( -1.469999999999984652, 0.05000000000000002359, -0.000000000000000000 ) ) ;
#8624 = VECTOR ( 'NONE', #4371, 1000.000000000000000 ) ;
#8625 = DIRECTION ( 'NONE',  ( -1.000000000000000000, 0.000000000000000000, 0.000000000000000000 ) ) ;
#8626 = CARTESIAN_POINT ( 'NONE',  ( -0.7500000000000127676, 0.000000000000000000, 1.224999999999992095 ) ) ;
#8627 = LINE ( 'NONE', #7197, #2648 ) ;
#8628 = CARTESIAN_POINT ( 'NONE',  ( 1.469999999999997087, 0.1519999999999999962, -0.1400000000000309053 ) ) ;
#8629 = VERTEX_POINT ( 'NONE', #8014 ) ;
#8630 = DIRECTION ( 'NONE',  ( 0.000000000000000000, -1.000000000000000000, 0.000000000000000000 ) ) ;
#8631 = CARTESIAN_POINT ( 'NONE',  ( -1.225000000000000089, 0.05000000000000002359, -0.7500000000000000000 ) ) ;
#8632 = VECTOR ( 'NONE', #2350, 1000.000000000000000 ) ;
#8633 = VERTEX_POINT ( 'NONE', #9530 ) ;
#8634 = CARTESIAN_POINT ( 'NONE',  ( 0.1250000000000044964, 0.1519999999999999962, -1.224999999999994316 ) ) ;
#8635 = LINE ( 'NONE', #7156, #6760 ) ;
#8636 = EDGE_CURVE ( 'NONE', #5318, #4366, #2038, .T. ) ;
#8637 = VECTOR ( 'NONE', #2613, 1000.000000000000000 ) ;
#8638 = CARTESIAN_POINT ( 'NONE',  ( 1.469999999999997087, 0.1519999999999999962, -0.1400000000000309053 ) ) ;
#8639 = DIRECTION ( 'NONE',  ( 6.637972484605129570E-16, 0.000000000000000000, 1.000000000000000000 ) ) ;
#8640 = LINE ( 'NONE', #5693, #6484 ) ;
#8641 = VECTOR ( 'NONE', #3238, 1000.000000000000000 ) ;
#8642 = EDGE_CURVE ( 'NONE', #3172, #3770, #2821, .T. ) ;
#8643 = VERTEX_POINT ( 'NONE', #2771 ) ;
#8644 = VERTEX_POINT ( 'NONE', #8894 ) ;
#8645 = DIRECTION ( 'NONE',  ( 0.000000000000000000, 1.000000000000000000, 0.000000000000000000 ) ) ;
#8646 = ORIENTED_EDGE ( 'NONE', *, *, #8925, .T. ) ;
#8647 = ORIENTED_EDGE ( 'NONE', *, *, #6306, .T. ) ;
#8648 = DIRECTION ( 'NONE',  ( -0.000000000000000000, 1.000000000000000000, -0.000000000000000000 ) ) ;
#8649 = CYLINDRICAL_SURFACE ( 'NONE', #3437, 0.1249999999999998890 ) ;
#8650 = FACE_OUTER_BOUND ( 'NONE', #9106, .T. ) ;
#8651 = VECTOR ( 'NONE', #2480, 1000.000000000000000 ) ;
#8652 = LINE ( 'NONE', #7127, #6411 ) ;
#8653 = ADVANCED_FACE ( 'NONE', ( #2135 ), #8107, .T. ) ;
#8654 = ORIENTED_EDGE ( 'NONE', *, *, #9080, .T. ) ;
#8655 = LINE ( 'NONE', #473, #2442 ) ;
#8656 = VECTOR ( 'NONE', #8473, 1000.000000000000000 ) ;
#8657 = ORIENTED_EDGE ( 'NONE', *, *, #4602, .F. ) ;
#8658 = VERTEX_POINT ( 'NONE', #5173 ) ;
#8659 = DIRECTION ( 'NONE',  ( -1.000000000000000000, -0.000000000000000000, -4.425314989736752882E-16 ) ) ;
#8660 = ORIENTED_EDGE ( 'NONE', *, *, #8068, .F. ) ;
#8661 = LINE ( 'NONE', #8864, #38 ) ;
#8662 = ADVANCED_FACE ( 'NONE', ( #2181 ), #1348, .T. ) ;
#8663 = CARTESIAN_POINT ( 'NONE',  ( 0.8600000000000194156, 0.1519999999999999962, 1.499999999999972689 ) ) ;
#8664 = CARTESIAN_POINT ( 'NONE',  ( -1.469999999999984652, 0.1519999999999999962, 0.8750000000000000000 ) ) ;
#8665 = ORIENTED_EDGE ( 'NONE', *, *, #2301, .F. ) ;
#8666 = AXIS2_PLACEMENT_3D ( 'NONE', #9142, #2389, #6973 ) ;
#8667 = DIRECTION ( 'NONE',  ( 8.850629979473505765E-16, 0.000000000000000000, -1.000000000000000000 ) ) ;
#8668 = CARTESIAN_POINT ( 'NONE',  ( -1.469999999999989759, 0.1519999999999999962, 0.1250000000000000000 ) ) ;
#8669 = VERTEX_POINT ( 'NONE', #6586 ) ;
#8670 = DIRECTION ( 'NONE',  ( -3.097720492815727067E-15, 0.000000000000000000, 1.000000000000000000 ) ) ;
#8671 = CARTESIAN_POINT ( 'NONE',  ( -0.6399999999999947953, 0.1519999999999999962, -1.499999999999986677 ) ) ;
#8672 = ADVANCED_FACE ( 'NONE', ( #7418 ), #7961, .F. ) ;
#8673 = CARTESIAN_POINT ( 'NONE',  ( 0.3750000000000042744, 0.1519999999999999962, -1.224999999999993427 ) ) ;
#8674 = CARTESIAN_POINT ( 'NONE',  ( 1.469999999999991980, 0.1519999999999999962, -0.6400000000000309885 ) ) ;
#8675 = ORIENTED_EDGE ( 'NONE', *, *, #1819, .T. ) ;
#8676 = VECTOR ( 'NONE', #4292, 1000.000000000000000 ) ;
#8677 = DIRECTION ( 'NONE',  ( 0.000000000000000000, 0.000000000000000000, 1.000000000000000000 ) ) ;
#8678 = DIRECTION ( 'NONE',  ( 0.000000000000000000, 1.000000000000000000, -0.000000000000000000 ) ) ;
#8679 = ORIENTED_EDGE ( 'NONE', *, *, #7570, .F. ) ;
#8680 = DIRECTION ( 'NONE',  ( 0.000000000000000000, -1.000000000000000000, 0.000000000000000000 ) ) ;
#8681 = VECTOR ( 'NONE', #2854, 1000.000000000000000 ) ;
#8682 = DIRECTION ( 'NONE',  ( 0.000000000000000000, -1.000000000000000000, 0.000000000000000000 ) ) ;
#8683 = VECTOR ( 'NONE', #3109, 1000.000000000000000 ) ;
#8684 = DIRECTION ( 'NONE',  ( 1.000000000000000000, 0.000000000000000000, 0.000000000000000000 ) ) ;
#8685 = CARTESIAN_POINT ( 'NONE',  ( -0.6250000000000128786, 0.000000000000000000, 1.224999999999993427 ) ) ;
#8686 = DIRECTION ( 'NONE',  ( 1.000000000000000000, -0.000000000000000000, -0.000000000000000000 ) ) ;
#8687 = AXIS2_PLACEMENT_3D ( 'NONE', #6463, #585, #5770 ) ;
#8688 = ADVANCED_FACE ( 'NONE', ( #9674 ), #7220, .T. ) ;
#8689 = ORIENTED_EDGE ( 'NONE', *, *, #2540, .F. ) ;
#8690 = ORIENTED_EDGE ( 'NONE', *, *, #4234, .F. ) ;
#8691 = CARTESIAN_POINT ( 'NONE',  ( 1.469999999999991980, 0.000000000000000000, -0.8750000000000308642 ) ) ;
#8692 = EDGE_LOOP ( 'NONE', ( #9153, #4989, #4798, #2704 ) ) ;
#8693 = ORIENTED_EDGE ( 'NONE', *, *, #523, .T. ) ;
#8694 = AXIS2_PLACEMENT_3D ( 'NONE', #6353, #424, #4938 ) ;
#8695 = DIRECTION ( 'NONE',  ( 3.097720492815727461E-15, 0.000000000000000000, -1.000000000000000000 ) ) ;
#8696 = LINE ( 'NONE', #1047, #755 ) ;
#8697 =( LENGTH_UNIT ( ) NAMED_UNIT ( * ) SI_UNIT ( .MILLI., .METRE. ) );
#8698 = DIRECTION ( 'NONE',  ( 0.000000000000000000, -1.000000000000000000, 0.000000000000000000 ) ) ;
#8699 = CARTESIAN_POINT ( 'NONE',  ( 1.499999999999997113, 0.1519999999999999962, -0.3600000000000307954 ) ) ;
#8700 = AXIS2_PLACEMENT_3D ( 'NONE', #6676, #6722, #9524 ) ;
#8701 = ORIENTED_EDGE ( 'NONE', *, *, #8288, .T. ) ;
#8702 = CARTESIAN_POINT ( 'NONE',  ( -0.1399999999999807510, 0.1519999999999999962, 1.469999999999983320 ) ) ;
#8703 = ORIENTED_EDGE ( 'NONE', *, *, #4167, .T. ) ;
#8704 = ORIENTED_EDGE ( 'NONE', *, *, #7888, .F. ) ;
#8705 = LINE ( 'NONE', #5760, #2479 ) ;
#8706 = ORIENTED_EDGE ( 'NONE', *, *, #3176, .T. ) ;
#8707 = LINE ( 'NONE', #3487, #4282 ) ;
#8708 = PRESENTATION_STYLE_ASSIGNMENT (( #6509 ) ) ;
#8709 = LINE ( 'NONE', #3489, #5467 ) ;
#8710 = EDGE_CURVE ( 'NONE', #1339, #2535, #8161, .T. ) ;
#8711 = EDGE_CURVE ( 'NONE', #7972, #8726, #7268, .T. ) ;
#8712 = ORIENTED_EDGE ( 'NONE', *, *, #5948, .T. ) ;
#8713 = CARTESIAN_POINT ( 'NONE',  ( -1.225000000000000089, 0.1519999999999999962, -0.6250000000000001110 ) ) ;
#8714 = PLANE ( 'NONE',  #1172 ) ;
#8715 = ORIENTED_EDGE ( 'NONE', *, *, #3892, .T. ) ;
#8716 = DIRECTION ( 'NONE',  ( 1.000000000000000000, 0.000000000000000000, 0.000000000000000000 ) ) ;
#8717 = CARTESIAN_POINT ( 'NONE',  ( -0.1399999999999948230, 0.000000000000000000, -1.469999999999989981 ) ) ;
#8718 = CARTESIAN_POINT ( 'NONE',  ( 0.2500000000000192624, 0.000000000000000000, 1.224999999999978106 ) ) ;
#8719 = DIRECTION ( 'NONE',  ( 0.000000000000000000, -0.000000000000000000, 1.000000000000000000 ) ) ;
#8720 = DIRECTION ( 'NONE',  ( -1.307680579467250963E-13, 0.000000000000000000, -1.000000000000000000 ) ) ;
#8721 = ORIENTED_EDGE ( 'NONE', *, *, #9614, .T. ) ;
#8722 = DIRECTION ( 'NONE',  ( 1.000000000000000000, 0.000000000000000000, -0.000000000000000000 ) ) ;
#8723 = DIRECTION ( 'NONE',  ( 0.000000000000000000, -0.000000000000000000, -1.000000000000000000 ) ) ;
#8724 = ADVANCED_FACE ( 'NONE', ( #707 ), #567, .T. ) ;
#8725 = VECTOR ( 'NONE', #7826, 1000.000000000000000 ) ;
#8726 = VERTEX_POINT ( 'NONE', #8061 ) ;
#8727 = DIRECTION ( 'NONE',  ( 3.318986242302564785E-16, 0.000000000000000000, -1.000000000000000000 ) ) ;
#8728 = CARTESIAN_POINT ( 'NONE',  ( 0.7500000000000193179, 0.1519999999999999962, 1.224999999999972555 ) ) ;
#8729 = CARTESIAN_POINT ( 'NONE',  ( 0.3750000000000191513, 0.05000000000000002359, 1.224999999999978106 ) ) ;
#8730 = COLOUR_RGB ( '',0.7921568627450980005, 0.8196078431372548767, 0.9333333333333333481 ) ;
#8731 = LINE ( 'NONE', #7950, #7198 ) ;
#8732 = LINE ( 'NONE', #6483, #1005 ) ;
#8733 = VERTEX_POINT ( 'NONE', #6537 ) ;
#8734 = ORIENTED_EDGE ( 'NONE', *, *, #2712, .F. ) ;
#8735 = CARTESIAN_POINT ( 'NONE',  ( -1.200000000000000400, 0.8000000000000000444, -1.200000000000000178 ) ) ;
#8736 = EDGE_CURVE ( 'NONE', #4875, #8733, #5802, .T. ) ;
#8737 = VECTOR ( 'NONE', #6951, 1000.000000000000000 ) ;
#8738 = ORIENTED_EDGE ( 'NONE', *, *, #8784, .T. ) ;
#8739 = VERTEX_POINT ( 'NONE', #7371 ) ;
#8740 = PLANE ( 'NONE',  #7216 ) ;
#8741 = AXIS2_PLACEMENT_3D ( 'NONE', #568, #3724, #6634 ) ;
#8742 = ORIENTED_EDGE ( 'NONE', *, *, #7635, .T. ) ;
#8743 = DIRECTION ( 'NONE',  ( -0.000000000000000000, -1.000000000000000000, -0.000000000000000000 ) ) ;
#8744 = CARTESIAN_POINT ( 'NONE',  ( 1.225000000000007638, 0.1519999999999999962, 0.7499999999999692468 ) ) ;
#8745 = ADVANCED_FACE ( 'NONE', ( #5079 ), #3723, .T. ) ;
#8746 = LINE ( 'NONE', #4256, #5788 ) ;
#8747 = DIRECTION ( 'NONE',  ( -1.000000000000000000, 0.000000000000000000, -0.000000000000000000 ) ) ;
#8748 = AXIS2_PLACEMENT_3D ( 'NONE', #9288, #866, #7721 ) ;
#8749 = VECTOR ( 'NONE', #4279, 1000.000000000000000 ) ;
#8750 = VERTEX_POINT ( 'NONE', #6680 ) ;
#8751 = VERTEX_POINT ( 'NONE', #614 ) ;
#8752 = CARTESIAN_POINT ( 'NONE',  ( -1.470000000000000195, 0.1519999999999999962, -0.8599999999999999867 ) ) ;
#8753 = VERTEX_POINT ( 'NONE', #3620 ) ;
#8754 = ORIENTED_EDGE ( 'NONE', *, *, #7484, .T. ) ;
#8755 = DIRECTION ( 'NONE',  ( 1.000000000000000000, 0.000000000000000000, 3.942553354492744616E-15 ) ) ;
#8756 = VERTEX_POINT ( 'NONE', #2871 ) ;
#8757 = AXIS2_PLACEMENT_3D ( 'NONE', #7965, #1250, #1892 ) ;
#8758 = DIRECTION ( 'NONE',  ( 0.000000000000000000, -0.000000000000000000, -1.000000000000000000 ) ) ;
#8759 = CIRCLE ( 'NONE', #928, 0.1249999999999998890 ) ;
#8760 = EDGE_CURVE ( 'NONE', #1549, #2900, #5851, .T. ) ;
#8761 = CARTESIAN_POINT ( 'NONE',  ( 1.469999999999997087, 0.1519999999999999962, -0.1250000000000308642 ) ) ;
#8762 = ORIENTED_EDGE ( 'NONE', *, *, #3034, .T. ) ;
#8763 = CARTESIAN_POINT ( 'NONE',  ( 0.3750000000000193179, 0.1519999999999999962, 1.469999999999977991 ) ) ;
#8764 = VECTOR ( 'NONE', #4184, 1000.000000000000000 ) ;
#8765 = VECTOR ( 'NONE', #5945, 1000.000000000000000 ) ;
#8766 = DIRECTION ( 'NONE',  ( 1.000000000000000000, 0.000000000000000000, 0.000000000000000000 ) ) ;
#8767 = EDGE_LOOP ( 'NONE', ( #7827, #7287, #4503, #3373, #2647, #7014, #8321, #6874 ) ) ;
#8768 = EDGE_CURVE ( 'NONE', #7094, #8139, #3249, .T. ) ;
#8769 = DIRECTION ( 'NONE',  ( 0.000000000000000000, 0.000000000000000000, 1.000000000000000000 ) ) ;
#8770 = EDGE_CURVE ( 'NONE', #5755, #2633, #4494, .T. ) ;
#8771 = CARTESIAN_POINT ( 'NONE',  ( 1.469999999999991980, 0.000000000000000000, -0.6400000000000309885 ) ) ;
#8772 = DIRECTION ( 'NONE',  ( -0.000000000000000000, -1.000000000000000000, -0.000000000000000000 ) ) ;
#8773 = CARTESIAN_POINT ( 'NONE',  ( -0.8599999999999805578, 0.1519999999999999962, 1.499999999999988676 ) ) ;
#8774 = VECTOR ( 'NONE', #6363, 1000.000000000000000 ) ;
#8775 = DIRECTION ( 'NONE',  ( -1.000000000000000000, 0.000000000000000000, -0.000000000000000000 ) ) ;
#8776 = EDGE_LOOP ( 'NONE', ( #5225, #9026, #8899, #8204 ) ) ;
#8777 = CARTESIAN_POINT ( 'NONE',  ( -0.7500000000000127676, 0.1519999999999999962, 1.224999999999992095 ) ) ;
#8778 = DIRECTION ( 'NONE',  ( 1.000000000000000000, 0.000000000000000000, 4.425314989736752882E-16 ) ) ;
#8779 = VECTOR ( 'NONE', #8572, 1000.000000000000000 ) ;
#8780 = ADVANCED_FACE ( 'NONE', ( #1073 ), #6214, .F. ) ;
#8781 = VERTEX_POINT ( 'NONE', #3763 ) ;
#8782 = DIRECTION ( 'NONE',  ( 0.000000000000000000, -1.000000000000000000, 0.000000000000000000 ) ) ;
#8783 = CARTESIAN_POINT ( 'NONE',  ( 4.148732802879246908E-17, 0.05000000000000002359, -0.1250000000000313638 ) ) ;
#8784 = EDGE_CURVE ( 'NONE', #8629, #4728, #2970, .T. ) ;
#8785 = EDGE_CURVE ( 'NONE', #8273, #4826, #3938, .T. ) ;
#8786 = LINE ( 'NONE', #1285, #7174 ) ;
#8787 = VECTOR ( 'NONE', #3310, 1000.000000000000000 ) ;
#8788 = LINE ( 'NONE', #8200, #6419 ) ;
#8789 = CARTESIAN_POINT ( 'NONE',  ( -1.469999999999994866, 0.1519999999999999962, -0.1250000000000000000 ) ) ;
#8790 = ORIENTED_EDGE ( 'NONE', *, *, #3262, .T. ) ;
#8791 = ORIENTED_EDGE ( 'NONE', *, *, #8028, .T. ) ;
#8792 = LINE ( 'NONE', #563, #725 ) ;
#8793 = VECTOR ( 'NONE', #4189, 1000.000000000000000 ) ;
#8794 = ORIENTED_EDGE ( 'NONE', *, *, #8642, .F. ) ;
#8795 = CARTESIAN_POINT ( 'NONE',  ( -0.1399999999999948230, 0.1519999999999999962, -1.469999999999989981 ) ) ;
#8796 = DIRECTION ( 'NONE',  ( 0.000000000000000000, -1.000000000000000000, 0.000000000000000000 ) ) ;
#8797 = LINE ( 'NONE', #2924, #2170 ) ;
#8798 = ADVANCED_FACE ( 'NONE', ( #8210 ), #1815, .T. ) ;
#8799 =( NAMED_UNIT ( * ) PLANE_ANGLE_UNIT ( ) SI_UNIT ( $, .RADIAN. ) );
#8800 = LINE ( 'NONE', #5129, #2042 ) ;
#8801 = CARTESIAN_POINT ( 'NONE',  ( -1.500000000000000222, 0.05000000000000002359, 1.500000000000000000 ) ) ;
#8802 = EDGE_CURVE ( 'NONE', #6630, #1739, #6166, .T. ) ;
#8803 = UNCERTAINTY_MEASURE_WITH_UNIT (LENGTH_MEASURE( 1.000000000000000082E-05 ), #6291, 'distance_accuracy_value', 'NONE');
#8804 = ADVANCED_FACE ( 'NONE', ( #8530 ), #6995, .T. ) ;
#8805 = ORIENTED_EDGE ( 'NONE', *, *, #5012, .F. ) ;
#8806 = ORIENTED_EDGE ( 'NONE', *, *, #8526, .T. ) ;
#8807 = FACE_OUTER_BOUND ( 'NONE', #5025, .T. ) ;
#8808 = VERTEX_POINT ( 'NONE', #18 ) ;
#8809 = ORIENTED_EDGE ( 'NONE', *, *, #7286, .T. ) ;
#8810 = ADVANCED_FACE ( 'NONE', ( #1028 ), #2231, .T. ) ;
#8811 = FACE_OUTER_BOUND ( 'NONE', #7535, .T. ) ;
#8812 = EDGE_LOOP ( 'NONE', ( #6342, #3369, #3862, #5856 ) ) ;
#8813 = VECTOR ( 'NONE', #1461, 1000.000000000000000 ) ;
#8814 = LINE ( 'NONE', #4363, #3663 ) ;
#8815 = DIRECTION ( 'NONE',  ( 0.000000000000000000, 1.000000000000000000, -0.000000000000000000 ) ) ;
#8816 = VERTEX_POINT ( 'NONE', #6948 ) ;
#8817 = LINE ( 'NONE', #1909, #1337 ) ;
#8818 = AXIS2_PLACEMENT_3D ( 'NONE', #9688, #2052, #5863 ) ;
#8819 = DIRECTION ( 'NONE',  ( 1.000000000000000000, 0.000000000000000000, 0.000000000000000000 ) ) ;
#8820 = EDGE_CURVE ( 'NONE', #3295, #6397, #6728, .T. ) ;
#8821 = EDGE_LOOP ( 'NONE', ( #6339, #2878, #8120, #7921 ) ) ;
#8822 = LINE ( 'NONE', #5964, #8624 ) ;
#8823 = DIRECTION ( 'NONE',  ( -1.000000000000000000, 0.000000000000000000, 0.000000000000000000 ) ) ;
#8824 = DIRECTION ( 'NONE',  ( 0.000000000000000000, -1.000000000000000000, 0.000000000000000000 ) ) ;
#8825 = CARTESIAN_POINT ( 'NONE',  ( 0.3600000000000192490, 0.000000000000000000, 1.469999999999977991 ) ) ;
#8826 = VECTOR ( 'NONE', #9014, 1000.000000000000000 ) ;
#8827 = ORIENTED_EDGE ( 'NONE', *, *, #5104, .F. ) ;
#8828 = ADVANCED_FACE ( 'NONE', ( #1717 ), #7468, .T. ) ;
#8829 = CARTESIAN_POINT ( 'NONE',  ( -1.224999999999994982, 0.1519999999999999962, -0.3749999999999998890 ) ) ;
#8830 = CARTESIAN_POINT ( 'NONE',  ( -1.470000000000000195, 0.1519999999999999962, -0.6250000000000000000 ) ) ;
#8831 = AXIS2_PLACEMENT_3D ( 'NONE', #7185, #4993, #9493 ) ;
#8832 = VERTEX_POINT ( 'NONE', #3016 ) ;
#8833 = FACE_OUTER_BOUND ( 'NONE', #607, .T. ) ;
#8834 = DIRECTION ( 'NONE',  ( 0.000000000000000000, 0.000000000000000000, -1.000000000000000000 ) ) ;
#8835 = AXIS2_PLACEMENT_3D ( 'NONE', #9369, #3414, #7660 ) ;
#8836 = LINE ( 'NONE', #7305, #4837 ) ;
#8837 = EDGE_CURVE ( 'NONE', #9127, #5261, #4034, .T. ) ;
#8838 = CARTESIAN_POINT ( 'NONE',  ( -0.7499999999999956701, 0.000000000000000000, -1.224999999999986988 ) ) ;
#8839 = CARTESIAN_POINT ( 'NONE',  ( 1.470000000000002416, 0.1519999999999999962, 0.3599999999999691225 ) ) ;
#8840 = EDGE_CURVE ( 'NONE', #1404, #4797, #3984, .T. ) ;
#8841 = VECTOR ( 'NONE', #7448, 1000.000000000000000 ) ;
#8842 = ORIENTED_EDGE ( 'NONE', *, *, #3093, .F. ) ;
#8843 = ORIENTED_EDGE ( 'NONE', *, *, #8223, .T. ) ;
#8844 = CARTESIAN_POINT ( 'NONE',  ( -1.469999999999984652, 0.1519999999999999962, 0.8750000000000000000 ) ) ;
#8845 = ORIENTED_EDGE ( 'NONE', *, *, #8760, .T. ) ;
#8846 = LINE ( 'NONE', #8251, #654 ) ;
#8847 = VERTEX_POINT ( 'NONE', #2552 ) ;
#8848 = DIRECTION ( 'NONE',  ( 0.000000000000000000, -1.000000000000000000, 0.000000000000000000 ) ) ;
#8849 = FACE_OUTER_BOUND ( 'NONE', #8347, .T. ) ;
#8850 = DIRECTION ( 'NONE',  ( -0.000000000000000000, -1.000000000000000000, -0.000000000000000000 ) ) ;
#8851 = AXIS2_PLACEMENT_3D ( 'NONE', #7203, #9565, #8723 ) ;
#8852 = VECTOR ( 'NONE', #2119, 1000.000000000000000 ) ;
#8853 = DIRECTION ( 'NONE',  ( 0.000000000000000000, 0.000000000000000000, 1.000000000000000000 ) ) ;
#8854 = VERTEX_POINT ( 'NONE', #4766 ) ;
#8855 = ORIENTED_EDGE ( 'NONE', *, *, #5881, .T. ) ;
#8856 = EDGE_CURVE ( 'NONE', #9244, #5613, #292, .T. ) ;
#8857 = LINE ( 'NONE', #5997, #5113 ) ;
#8858 = EDGE_CURVE ( 'NONE', #8170, #1204, #247, .T. ) ;
#8859 = VECTOR ( 'NONE', #8465, 1000.000000000000000 ) ;
#8860 = EDGE_LOOP ( 'NONE', ( #1492, #2129, #2047, #774, #2563, #3981, #9235, #5718 ) ) ;
#8861 = VERTEX_POINT ( 'NONE', #7050 ) ;
#8862 = CARTESIAN_POINT ( 'NONE',  ( 1.500000000000002442, 0.000000000000000000, 0.3599999999999691225 ) ) ;
#8863 = VERTEX_POINT ( 'NONE', #2506 ) ;
#8864 = CARTESIAN_POINT ( 'NONE',  ( -1.200000000000000400, 0.7500000000000000000, -1.050000000000000044 ) ) ;
#8865 = CARTESIAN_POINT ( 'NONE',  ( -1.469999999999984652, 0.1519999999999999962, 0.6250000000000000000 ) ) ;
#8866 = DIRECTION ( 'NONE',  ( -0.000000000000000000, 1.000000000000000000, -0.000000000000000000 ) ) ;
#8867 = ORIENTED_EDGE ( 'NONE', *, *, #8604, .T. ) ;
#8868 = VECTOR ( 'NONE', #7263, 1000.000000000000000 ) ;
#8869 = EDGE_CURVE ( 'NONE', #9039, #2819, #5489, .T. ) ;
#8870 = CARTESIAN_POINT ( 'NONE',  ( 1.224999999999991873, 0.05000000000000002359, -0.7500000000000307532 ) ) ;
#8871 = VERTEX_POINT ( 'NONE', #3349 ) ;
#8872 = CARTESIAN_POINT ( 'NONE',  ( 0.6400000000000053424, 0.000000000000000000, -1.499999999999997780 ) ) ;
#8873 = EDGE_CURVE ( 'NONE', #2009, #2867, #440, .T. ) ;
#8874 = LINE ( 'NONE', #5148, #5823 ) ;
#8875 = DIRECTION ( 'NONE',  ( 1.000000000000000000, -0.000000000000000000, -0.000000000000000000 ) ) ;
#8876 = CARTESIAN_POINT ( 'NONE',  ( 0.2500000000000192624, 0.1519999999999999962, 1.099999999999978106 ) ) ;
#8877 = EDGE_CURVE ( 'NONE', #8182, #5985, #2701, .T. ) ;
#8878 = ORIENTED_EDGE ( 'NONE', *, *, #9042, .T. ) ;
#8879 = FACE_OUTER_BOUND ( 'NONE', #7346, .T. ) ;
#8880 = LINE ( 'NONE', #5153, #4934 ) ;
#8881 = ORIENTED_EDGE ( 'NONE', *, *, #9321, .F. ) ;
#8882 = DIRECTION ( 'NONE',  ( 1.000000000000000000, -0.000000000000000000, 3.614007241618338910E-15 ) ) ;
#8883 = PLANE ( 'NONE',  #2075 ) ;
#8884 = DIRECTION ( 'NONE',  ( 0.000000000000000000, 1.000000000000000000, -0.000000000000000000 ) ) ;
#8885 = CARTESIAN_POINT ( 'NONE',  ( 1.500000000000007550, 0.05000000000000002359, 0.8599999999999691225 ) ) ;
#8886 = CARTESIAN_POINT ( 'NONE',  ( -0.8599999999999807798, 0.1519999999999999962, 1.469999999999988649 ) ) ;
#8887 = VERTEX_POINT ( 'NONE', #7938 ) ;
#8888 = ORIENTED_EDGE ( 'NONE', *, *, #4108, .T. ) ;
#8889 = CARTESIAN_POINT ( 'NONE',  ( 0.3750000000000042744, 0.000000000000000000, -1.224999999999993427 ) ) ;
#8890 = ORIENTED_EDGE ( 'NONE', *, *, #4087, .F. ) ;
#8891 = FACE_OUTER_BOUND ( 'NONE', #2396, .T. ) ;
#8892 = EDGE_CURVE ( 'NONE', #7727, #2798, #5631, .T. ) ;
#8893 = EDGE_CURVE ( 'NONE', #8753, #733, #8506, .T. ) ;
#8894 = CARTESIAN_POINT ( 'NONE',  ( -1.224999999999994982, 0.000000000000000000, -0.1250000000000001110 ) ) ;
#8895 =( NAMED_UNIT ( * ) PLANE_ANGLE_UNIT ( ) SI_UNIT ( $, .RADIAN. ) );
#8896 = DIRECTION ( 'NONE',  ( 0.000000000000000000, 0.000000000000000000, -1.000000000000000000 ) ) ;
#8897 = CARTESIAN_POINT ( 'NONE',  ( 1.470000000000002416, 0.1519999999999999962, 0.1249999999999691358 ) ) ;
#8898 = AXIS2_PLACEMENT_3D ( 'NONE', #8744, #7372, #1349 ) ;
#8899 = ORIENTED_EDGE ( 'NONE', *, *, #5897, .T. ) ;
#8900 = ORIENTED_EDGE ( 'NONE', *, *, #3704, .T. ) ;
#8901 = DIRECTION ( 'NONE',  ( -7.228014483236677820E-15, 0.000000000000000000, -1.000000000000000000 ) ) ;
#8902 = ORIENTED_EDGE ( 'NONE', *, *, #8062, .T. ) ;
#8903 = ORIENTED_EDGE ( 'NONE', *, *, #7004, .T. ) ;
#8904 = CARTESIAN_POINT ( 'NONE',  ( -0.7500000000000127676, 0.05000000000000002359, 1.224999999999992095 ) ) ;
#8905 = ORIENTED_EDGE ( 'NONE', *, *, #819, .F. ) ;
#8906 = LINE ( 'NONE', #8173, #1760 ) ;
#8907 = DIRECTION ( 'NONE',  ( 0.000000000000000000, 0.000000000000000000, -1.000000000000000000 ) ) ;
#8908 = AXIS2_PLACEMENT_3D ( 'NONE', #1825, #9465, #7903 ) ;
#8909 = AXIS2_PLACEMENT_3D ( 'NONE', #2996, #2947, #2209 ) ;
#8910 = EDGE_CURVE ( 'NONE', #9150, #4088, #1170, .T. ) ;
#8911 = EDGE_CURVE ( 'NONE', #7226, #164, #8039, .T. ) ;
#8912 = EDGE_LOOP ( 'NONE', ( #3669, #4640, #4856, #5846 ) ) ;
#8913 = CARTESIAN_POINT ( 'NONE',  ( 0.3750000000000042744, 0.1519999999999999962, -1.224999999999993427 ) ) ;
#8914 = VECTOR ( 'NONE', #4506, 1000.000000000000000 ) ;
#8915 = ORIENTED_EDGE ( 'NONE', *, *, #4802, .T. ) ;
#8916 = VECTOR ( 'NONE', #5465, 1000.000000000000000 ) ;
#8917 = DIRECTION ( 'NONE',  ( -0.000000000000000000, -1.000000000000000000, -0.000000000000000000 ) ) ;
#8918 = LINE ( 'NONE', #4329, #7857 ) ;
#8919 = FACE_OUTER_BOUND ( 'NONE', #2618, .T. ) ;
#8920 = PLANE ( 'NONE',  #1858 ) ;
#8921 = ORIENTED_EDGE ( 'NONE', *, *, #5685, .T. ) ;
#8922 = VECTOR ( 'NONE', #7079, 1000.000000000000000 ) ;
#8923 = VECTOR ( 'NONE', #6682, 1000.000000000000000 ) ;
#8924 = DIRECTION ( 'NONE',  ( 0.000000000000000000, 0.000000000000000000, 1.000000000000000000 ) ) ;
#8925 = EDGE_CURVE ( 'NONE', #4988, #1547, #2014, .T. ) ;
#8926 = ORIENTED_EDGE ( 'NONE', *, *, #9503, .T. ) ;
#8927 = DIRECTION ( 'NONE',  ( 0.000000000000000000, -1.000000000000000000, 0.000000000000000000 ) ) ;
#8928 = CIRCLE ( 'NONE', #154, 0.1249999999999998890 ) ;
#8929 = CARTESIAN_POINT ( 'NONE',  ( -0.3599999999999947131, 0.1519999999999999962, -1.469999999999990870 ) ) ;
#8930 = LINE ( 'NONE', #2955, #6550 ) ;
#8931 = CARTESIAN_POINT ( 'NONE',  ( -1.500000000000000222, 0.05000000000000002359, 1.500000000000000000 ) ) ;
#8932 = CARTESIAN_POINT ( 'NONE',  ( -1.470000000000000195, 0.1519999999999999962, -0.6400000000000000133 ) ) ;
#8933 = CIRCLE ( 'NONE', #7042, 0.1249999999999998890 ) ;
#8934 = VERTEX_POINT ( 'NONE', #1915 ) ;
#8935 = ORIENTED_EDGE ( 'NONE', *, *, #8621, .T. ) ;
#8936 = DIRECTION ( 'NONE',  ( 0.000000000000000000, -1.000000000000000000, 0.000000000000000000 ) ) ;
#8937 = EDGE_CURVE ( 'NONE', #9257, #6686, #9403, .T. ) ;
#8938 = ORIENTED_EDGE ( 'NONE', *, *, #5277, .F. ) ;
#8939 = DIRECTION ( 'NONE',  ( 0.000000000000000000, 1.000000000000000000, -0.000000000000000000 ) ) ;
#8940 = VERTEX_POINT ( 'NONE', #7244 ) ;
#8941 = CARTESIAN_POINT ( 'NONE',  ( -1.225000000000000089, 0.000000000000000000, -0.7500000000000000000 ) ) ;
#8942 = FILL_AREA_STYLE ('',( #751 ) ) ;
#8943 = PLANE ( 'NONE',  #149 ) ;
#8944 = DIRECTION ( 'NONE',  ( 0.000000000000000000, 0.000000000000000000, -1.000000000000000000 ) ) ;
#8945 = EDGE_CURVE ( 'NONE', #7364, #964, #5776, .T. ) ;
#8946 = VECTOR ( 'NONE', #5641, 1000.000000000000000 ) ;
#8947 = EDGE_LOOP ( 'NONE', ( #2976, #8009, #5646, #1264 ) ) ;
#8948 = ORIENTED_EDGE ( 'NONE', *, *, #3560, .T. ) ;
#8949 = CARTESIAN_POINT ( 'NONE',  ( -0.6249999999999947820, 0.1519999999999999962, -1.469999999999986429 ) ) ;
#8950 = ORIENTED_EDGE ( 'NONE', *, *, #602, .F. ) ;
#8951 = ORIENTED_EDGE ( 'NONE', *, *, #1414, .F. ) ;
#8952 = DIRECTION ( 'NONE',  ( 0.000000000000000000, 0.000000000000000000, -1.000000000000000000 ) ) ;
#8953 = LINE ( 'NONE', #4266, #1619 ) ;
#8954 = DIRECTION ( 'NONE',  ( 0.000000000000000000, -1.000000000000000000, 0.000000000000000000 ) ) ;
#8955 = CARTESIAN_POINT ( 'NONE',  ( -1.200000000000000400, 0.7500000000000000000, -1.200000000000000178 ) ) ;
#8956 = AXIS2_PLACEMENT_3D ( 'NONE', #9352, #4224, #5582 ) ;
#8957 = CARTESIAN_POINT ( 'NONE',  ( -1.225000000000000089, 0.1519999999999999962, -0.7500000000000000000 ) ) ;
#8958 = EDGE_CURVE ( 'NONE', #333, #3921, #7403, .T. ) ;
#8959 = DIRECTION ( 'NONE',  ( 0.000000000000000000, -0.000000000000000000, 1.000000000000000000 ) ) ;
#8960 = CIRCLE ( 'NONE', #2547, 0.1249999999999998890 ) ;
#8961 = EDGE_LOOP ( 'NONE', ( #9625, #4546, #9485, #213 ) ) ;
#8962 = DIRECTION ( 'NONE',  ( -1.000000000000000000, 0.000000000000000000, 4.425314989736752882E-16 ) ) ;
#8963 = DIRECTION ( 'NONE',  ( -1.000000000000000000, 0.000000000000000000, -4.425314989736752882E-16 ) ) ;
#8964 = CARTESIAN_POINT ( 'NONE',  ( 1.470000000000007523, 0.05000000000000002359, 0.6249999999999691358 ) ) ;
#8965 = LINE ( 'NONE', #7345, #3444 ) ;
#8966 = AXIS2_PLACEMENT_3D ( 'NONE', #2773, #5944, #3673 ) ;
#8967 = ORIENTED_EDGE ( 'NONE', *, *, #8153, .T. ) ;
#8968 = VECTOR ( 'NONE', #6345, 1000.000000000000000 ) ;
#8969 = PLANE ( 'NONE',  #4155 ) ;
#8970 = ORIENTED_EDGE ( 'NONE', *, *, #3703, .F. ) ;
#8971 = DIRECTION ( 'NONE',  ( 0.000000000000000000, 1.000000000000000000, -0.000000000000000000 ) ) ;
#8972 = EDGE_CURVE ( 'NONE', #3732, #2104, #5583, .T. ) ;
#8973 = EDGE_CURVE ( 'NONE', #5743, #3918, #9433, .T. ) ;
#8974 = VECTOR ( 'NONE', #391, 1000.000000000000000 ) ;
#8975 = CARTESIAN_POINT ( 'NONE',  ( -0.3749999999999947264, 0.05000000000000002359, -1.469999999999990870 ) ) ;
#8976 = CARTESIAN_POINT ( 'NONE',  ( -0.7500000000000127676, 0.1519999999999999962, 1.224999999999992095 ) ) ;
#8977 = LINE ( 'NONE', #2811, #2989 ) ;
#8978 = CARTESIAN_POINT ( 'NONE',  ( -0.3599999999999806688, 0.1519999999999999962, 1.499999999999983347 ) ) ;
#8979 = VECTOR ( 'NONE', #6879, 1000.000000000000000 ) ;
#8980 = EDGE_LOOP ( 'NONE', ( #5363, #4260, #5428, #5867 ) ) ;
#8981 = ORIENTED_EDGE ( 'NONE', *, *, #3912, .T. ) ;
#8982 = CARTESIAN_POINT ( 'NONE',  ( -1.224999999999994982, 0.000000000000000000, -0.2500000000000000000 ) ) ;
#8983 = ORIENTED_EDGE ( 'NONE', *, *, #411, .F. ) ;
#8984 = CYLINDRICAL_SURFACE ( 'NONE', #3165, 0.1249999999999998890 ) ;
#8985 = ORIENTED_EDGE ( 'NONE', *, *, #5670, .T. ) ;
#8986 = VECTOR ( 'NONE', #6238, 1000.000000000000000 ) ;
#8987 = DIRECTION ( 'NONE',  ( 1.000000000000000000, 0.000000000000000000, -0.000000000000000000 ) ) ;
#8988 = FILL_AREA_STYLE_COLOUR ( '', #9681 ) ;
#8989 = LINE ( 'NONE', #20, #6565 ) ;
#8990 = CARTESIAN_POINT ( 'NONE',  ( 0.1400000000000053701, 0.05000000000000002359, -1.499999999999994449 ) ) ;
#8991 = ADVANCED_FACE ( 'NONE', ( #4225 ), #2063, .T. ) ;
#8992 = VECTOR ( 'NONE', #4770, 1000.000000000000000 ) ;
#8993 = ORIENTED_EDGE ( 'NONE', *, *, #6684, .F. ) ;
#8994 = ORIENTED_EDGE ( 'NONE', *, *, #3568, .F. ) ;
#8995 = DIRECTION ( 'NONE',  ( 0.000000000000000000, -0.000000000000000000, -1.000000000000000000 ) ) ;
#8996 = ORIENTED_EDGE ( 'NONE', *, *, #938, .F. ) ;
#8997 = ORIENTED_EDGE ( 'NONE', *, *, #2999, .F. ) ;
#8998 = CARTESIAN_POINT ( 'NONE',  ( -0.7499999999999956701, 0.05000000000000002359, -1.224999999999986988 ) ) ;
#8999 = LINE ( 'NONE', #1601, #1460 ) ;
#9000 = AXIS2_PLACEMENT_3D ( 'NONE', #3309, #500, #2709 ) ;
#9001 = CARTESIAN_POINT ( 'NONE',  ( -0.2499999999999956146, 0.1519999999999999962, -1.224999999999990319 ) ) ;
#9002 = CARTESIAN_POINT ( 'NONE',  ( 0.1400000000000053701, 0.1519999999999999962, -1.499999999999994449 ) ) ;
#9003 = DIRECTION ( 'NONE',  ( -0.000000000000000000, -1.000000000000000000, -0.000000000000000000 ) ) ;
#9004 = AXIS2_PLACEMENT_3D ( 'NONE', #2791, #8766, #2058 ) ;
#9005 = CLOSED_SHELL ( 'NONE', ( #5455, #6914, #4632, #4734, #8231, #7360, #9557, #2453, #5191, #5019 ) ) ;
#9006 = ORIENTED_EDGE ( 'NONE', *, *, #6410, .F. ) ;
#9007 = CARTESIAN_POINT ( 'NONE',  ( 1.225000000000007638, 0.000000000000000000, 0.8749999999999691358 ) ) ;
#9008 = VERTEX_POINT ( 'NONE', #492 ) ;
#9009 = CARTESIAN_POINT ( 'NONE',  ( 0.6400000000000052314, 0.1519999999999999962, -1.469999999999997753 ) ) ;
#9010 = ORIENTED_EDGE ( 'NONE', *, *, #8945, .T. ) ;
#9011 = DIRECTION ( 'NONE',  ( -4.425314989736752882E-16, 0.000000000000000000, 1.000000000000000000 ) ) ;
#9012 = EDGE_CURVE ( 'NONE', #2009, #8934, #6469, .T. ) ;
#9013 = EDGE_CURVE ( 'NONE', #3956, #8934, #3549, .T. ) ;
#9014 = DIRECTION ( 'NONE',  ( -1.000000000000000000, 0.000000000000000000, 0.000000000000000000 ) ) ;
#9015 = LINE ( 'NONE', #828, #5456 ) ;
#9016 = AXIS2_PLACEMENT_3D ( 'NONE', #1152, #9487, #4888 ) ;
#9017 = EDGE_LOOP ( 'NONE', ( #8298, #2722, #3391, #6108, #7031, #990, #86, #1105, #6698 ) ) ;
#9018 = DIRECTION ( 'NONE',  ( -4.425314989736752882E-16, 0.000000000000000000, -1.000000000000000000 ) ) ;
#9019 = DIRECTION ( 'NONE',  ( 0.000000000000000000, 0.000000000000000000, -1.000000000000000000 ) ) ;
#9020 = LINE ( 'NONE', #8096, #2696 ) ;
#9021 = CARTESIAN_POINT ( 'NONE',  ( -1.224999999999984546, 0.1519999999999999962, 0.6250000000000001110 ) ) ;
#9022 = CARTESIAN_POINT ( 'NONE',  ( -0.3600000000000000422, 0.05000000000000002359, -1.301042606982601968E-15 ) ) ;
#9023 = ADVANCED_FACE ( 'NONE', ( #5004 ), #5730, .F. ) ;
#9024 = FACE_OUTER_BOUND ( 'NONE', #6112, .T. ) ;
#9025 = EDGE_CURVE ( 'NONE', #8832, #1660, #7564, .T. ) ;
#9026 = ORIENTED_EDGE ( 'NONE', *, *, #7311, .T. ) ;
#9027 = CYLINDRICAL_SURFACE ( 'NONE', #8381, 0.1249999999999998890 ) ;
#9028 = EDGE_LOOP ( 'NONE', ( #1996, #3875, #4661, #4019 ) ) ;
#9029 = CARTESIAN_POINT ( 'NONE',  ( 0.7500000000000193179, 0.1519999999999999962, 1.224999999999972555 ) ) ;
#9030 = ORIENTED_EDGE ( 'NONE', *, *, #400, .F. ) ;
#9031 = CARTESIAN_POINT ( 'NONE',  ( 0.3600000000000192490, 0.1519999999999999962, 1.499999999999978240 ) ) ;
#9032 = DIRECTION ( 'NONE',  ( 0.000000000000000000, 1.000000000000000000, 0.000000000000000000 ) ) ;
#9033 = CARTESIAN_POINT ( 'NONE',  ( 0.1400000000000193312, 0.000000000000000000, 1.469999999999977991 ) ) ;
#9034 = ADVANCED_FACE ( 'NONE', ( #7842 ), #1121, .T. ) ;
#9035 = ORIENTED_EDGE ( 'NONE', *, *, #2861, .F. ) ;
#9036 = VERTEX_POINT ( 'NONE', #7492 ) ;
#9037 = DIRECTION ( 'NONE',  ( -1.000000000000000000, 0.000000000000000000, 0.000000000000000000 ) ) ;
#9038 = ORIENTED_EDGE ( 'NONE', *, *, #8945, .F. ) ;
#9039 = VERTEX_POINT ( 'NONE', #9559 ) ;
#9040 = LINE ( 'NONE', #2935, #752 ) ;
#9041 = CIRCLE ( 'NONE', #6219, 0.1250000000000159317 ) ;
#9042 = EDGE_CURVE ( 'NONE', #1318, #9138, #5149, .T. ) ;
#9043 = DIRECTION ( 'NONE',  ( -0.000000000000000000, -1.000000000000000000, -0.000000000000000000 ) ) ;
#9044 = DIRECTION ( 'NONE',  ( 0.000000000000000000, -1.000000000000000000, 0.000000000000000000 ) ) ;
#9045 = DIRECTION ( 'NONE',  ( 0.000000000000000000, -1.000000000000000000, 0.000000000000000000 ) ) ;
#9046 = DIRECTION ( 'NONE',  ( 0.000000000000000000, 0.000000000000000000, -1.000000000000000000 ) ) ;
#9047 = CARTESIAN_POINT ( 'NONE',  ( -0.3749999999999806821, 0.1519999999999999962, 1.469999999999983320 ) ) ;
#9048 = VECTOR ( 'NONE', #8598, 1000.000000000000000 ) ;
#9049 = EDGE_LOOP ( 'NONE', ( #3141, #1749, #6199, #2502 ) ) ;
#9050 = CARTESIAN_POINT ( 'NONE',  ( -0.2500000000000128786, 0.05000000000000002359, 1.099999999999976108 ) ) ;
#9051 = ORIENTED_EDGE ( 'NONE', *, *, #1793, .T. ) ;
#9052 = FACE_OUTER_BOUND ( 'NONE', #3850, .T. ) ;
#9053 = EDGE_CURVE ( 'NONE', #1682, #7425, #591, .T. ) ;
#9054 = ORIENTED_EDGE ( 'NONE', *, *, #3469, .F. ) ;
#9055 = VECTOR ( 'NONE', #3752, 1000.000000000000000 ) ;
#9056 = PLANE ( 'NONE',  #2705 ) ;
#9057 = VECTOR ( 'NONE', #3240, 1000.000000000000000 ) ;
#9058 = DIRECTION ( 'NONE',  ( 0.000000000000000000, 0.000000000000000000, 1.000000000000000000 ) ) ;
#9059 = CARTESIAN_POINT ( 'NONE',  ( 0.8600000000000194156, 0.000000000000000000, 1.499999999999972689 ) ) ;
#9060 = VERTEX_POINT ( 'NONE', #4513 ) ;
#9061 = DIRECTION ( 'NONE',  ( -1.000000000000000000, 0.000000000000000000, 0.000000000000000000 ) ) ;
#9062 = AXIS2_PLACEMENT_3D ( 'NONE', #9002, #1412, #5279 ) ;
#9063 = ADVANCED_FACE ( 'NONE', ( #777 ), #2159, .T. ) ;
#9064 = DIRECTION ( 'NONE',  ( 0.000000000000000000, -1.000000000000000000, 0.000000000000000000 ) ) ;
#9065 = CARTESIAN_POINT ( 'NONE',  ( -1.470000000000000195, 0.000000000000000000, -0.6250000000000000000 ) ) ;
#9066 = VECTOR ( 'NONE', #8944, 1000.000000000000000 ) ;
#9067 = VECTOR ( 'NONE', #7753, 1000.000000000000000 ) ;
#9068 = CARTESIAN_POINT ( 'NONE',  ( 0.6400000000000052314, 0.1519999999999999962, -1.469999999999997753 ) ) ;
#9069 = LINE ( 'NONE', #8289, #1089 ) ;
#9070 = LINE ( 'NONE', #2172, #68 ) ;
#9071 = EDGE_CURVE ( 'NONE', #2083, #3087, #7294, .T. ) ;
#9072 = VECTOR ( 'NONE', #2077, 1000.000000000000000 ) ;
#9073 = VECTOR ( 'NONE', #6624, 1000.000000000000000 ) ;
#9074 = EDGE_LOOP ( 'NONE', ( #5795, #151, #8981, #512 ) ) ;
#9075 = CARTESIAN_POINT ( 'NONE',  ( 0.8600000000000194156, 0.1519999999999999962, 1.499999999999972689 ) ) ;
#9076 = ORIENTED_EDGE ( 'NONE', *, *, #6264, .F. ) ;
#9077 = CARTESIAN_POINT ( 'NONE',  ( -1.470000000000000195, 0.1519999999999999962, -0.8750000000000000000 ) ) ;
#9078 = EDGE_CURVE ( 'NONE', #1243, #3209, #1373, .T. ) ;
#9079 = ORIENTED_EDGE ( 'NONE', *, *, #7227, .F. ) ;
#9080 = EDGE_CURVE ( 'NONE', #2867, #8643, #6660, .T. ) ;
#9081 = DIRECTION ( 'NONE',  ( 0.000000000000000000, -1.000000000000000000, 0.000000000000000000 ) ) ;
#9082 = DIRECTION ( 'NONE',  ( 0.000000000000000000, -0.000000000000000000, 1.000000000000000000 ) ) ;
#9083 = STYLED_ITEM ( 'NONE', ( #9207 ), #6297 ) ;
#9084 = LINE ( 'NONE', #899, #5780 ) ;
#9085 = ORIENTED_EDGE ( 'NONE', *, *, #5, .T. ) ;
#9086 = ORIENTED_EDGE ( 'NONE', *, *, #1091, .T. ) ;
#9087 = VERTEX_POINT ( 'NONE', #8964 ) ;
#9088 = CARTESIAN_POINT ( 'NONE',  ( -0.7500000000000127676, 0.1519999999999999962, 1.099999999999992317 ) ) ;
#9089 = VECTOR ( 'NONE', #2649, 1000.000000000000000 ) ;
#9090 = ORIENTED_EDGE ( 'NONE', *, *, #9694, .F. ) ;
#9091 = ORIENTED_EDGE ( 'NONE', *, *, #4461, .T. ) ;
#9092 = DIRECTION ( 'NONE',  ( 0.000000000000000000, 0.000000000000000000, 1.000000000000000000 ) ) ;
#9093 = EDGE_CURVE ( 'NONE', #7908, #1370, #3043, .T. ) ;
#9094 = DIRECTION ( 'NONE',  ( -1.000000000000000000, -0.000000000000000000, -0.000000000000000000 ) ) ;
#9095 = DIRECTION ( 'NONE',  ( -0.000000000000000000, -1.000000000000000000, -0.000000000000000000 ) ) ;
#9096 = EDGE_CURVE ( 'NONE', #285, #1318, #687, .T. ) ;
#9097 = FACE_OUTER_BOUND ( 'NONE', #5451, .T. ) ;
#9098 = DIRECTION ( 'NONE',  ( 0.000000000000000000, 0.000000000000000000, -1.000000000000000000 ) ) ;
#9099 = LINE ( 'NONE', #5425, #1237 ) ;
#9100 = VECTOR ( 'NONE', #7728, 1000.000000000000000 ) ;
#9101 = EDGE_CURVE ( 'NONE', #9087, #1811, #9700, .T. ) ;
#9102 = VERTEX_POINT ( 'NONE', #6560 ) ;
#9103 = CARTESIAN_POINT ( 'NONE',  ( -1.499999999999995115, 0.000000000000000000, -0.1400000000000000411 ) ) ;
#9104 = ORIENTED_EDGE ( 'NONE', *, *, #883, .F. ) ;
#9105 = DIRECTION ( 'NONE',  ( 1.000000000000000000, 0.000000000000000000, 0.000000000000000000 ) ) ;
#9106 = EDGE_LOOP ( 'NONE', ( #6388, #1140, #1690, #7760 ) ) ;
#9107 = VECTOR ( 'NONE', #980, 1000.000000000000000 ) ;
#9108 = DIRECTION ( 'NONE',  ( 0.000000000000000000, 0.000000000000000000, 1.000000000000000000 ) ) ;
#9109 = DIRECTION ( 'NONE',  ( 0.000000000000000000, -0.000000000000000000, -1.000000000000000000 ) ) ;
#9110 = PLANE ( 'NONE',  #7802 ) ;
#9111 = ORIENTED_EDGE ( 'NONE', *, *, #1085, .T. ) ;
#9112 = DIRECTION ( 'NONE',  ( 0.000000000000000000, -1.000000000000000000, 0.000000000000000000 ) ) ;
#9113 = LINE ( 'NONE', #5578, #7432 ) ;
#9114 = EDGE_CURVE ( 'NONE', #5355, #1738, #5969, .T. ) ;
#9115 = DIRECTION ( 'NONE',  ( 0.000000000000000000, -1.000000000000000000, 0.000000000000000000 ) ) ;
#9116 = FACE_OUTER_BOUND ( 'NONE', #4407, .T. ) ;
#9117 = AXIS2_PLACEMENT_3D ( 'NONE', #1195, #8648, #2577 ) ;
#9118 = DIRECTION ( 'NONE',  ( -0.000000000000000000, -1.000000000000000000, -0.000000000000000000 ) ) ;
#9119 = ORIENTED_EDGE ( 'NONE', *, *, #4566, .T. ) ;
#9120 = CARTESIAN_POINT ( 'NONE',  ( -0.6399999999999947953, 0.1519999999999999962, -1.469999999999986429 ) ) ;
#9121 = DIRECTION ( 'NONE',  ( -0.000000000000000000, -1.000000000000000000, -0.000000000000000000 ) ) ;
#9122 = AXIS2_PLACEMENT_3D ( 'NONE', #2946, #5919, #7443 ) ;
#9123 = ORIENTED_EDGE ( 'NONE', *, *, #9240, .F. ) ;
#9124 = DIRECTION ( 'NONE',  ( 0.000000000000000000, -1.000000000000000000, 0.000000000000000000 ) ) ;
#9125 = ORIENTED_EDGE ( 'NONE', *, *, #3879, .F. ) ;
#9126 = CARTESIAN_POINT ( 'NONE',  ( -1.469999999999984652, 0.1519999999999999962, 0.6400000000000000133 ) ) ;
#9127 = VERTEX_POINT ( 'NONE', #3648 ) ;
#9128 = EDGE_CURVE ( 'NONE', #4313, #1586, #5827, .T. ) ;
#9129 = ADVANCED_FACE ( 'NONE', ( #8919 ), #3697, .T. ) ;
#9130 = CARTESIAN_POINT ( 'NONE',  ( -1.224999999999994982, 0.1519999999999999962, -0.2500000000000000000 ) ) ;
#9131 = COLOUR_RGB ( '',0.7921568627450980005, 0.8196078431372548767, 0.9333333333333333481 ) ;
#9132 = DIRECTION ( 'NONE',  ( 0.000000000000000000, 0.000000000000000000, -1.000000000000000000 ) ) ;
#9133 = VERTEX_POINT ( 'NONE', #2898 ) ;
#9134 = ORIENTED_EDGE ( 'NONE', *, *, #6817, .T. ) ;
#9135 = ORIENTED_EDGE ( 'NONE', *, *, #3626, .F. ) ;
#9136 = CARTESIAN_POINT ( 'NONE',  ( 1.470000000000002416, 0.1519999999999999962, 0.3749999999999691358 ) ) ;
#9137 = VECTOR ( 'NONE', #8555, 1000.000000000000000 ) ;
#9138 = VERTEX_POINT ( 'NONE', #5288 ) ;
#9139 = ORIENTED_EDGE ( 'NONE', *, *, #9252, .F. ) ;
#9140 = CARTESIAN_POINT ( 'NONE',  ( 1.499999999999992006, 0.000000000000000000, -0.8600000000000308509 ) ) ;
#9141 = DIRECTION ( 'NONE',  ( -0.000000000000000000, -1.000000000000000000, -0.000000000000000000 ) ) ;
#9142 = CARTESIAN_POINT ( 'NONE',  ( 0.3750000000000052736, 0.1519999999999999962, -1.469999999999993534 ) ) ;
#9143 = CARTESIAN_POINT ( 'NONE',  ( 1.224999999999991873, 0.1519999999999999962, -0.7500000000000307532 ) ) ;
#9144 = AXIS2_PLACEMENT_3D ( 'NONE', #6717, #5164, #6809 ) ;
#9145 = CARTESIAN_POINT ( 'NONE',  ( -0.2500000000000128786, 0.1519999999999999962, 1.099999999999976108 ) ) ;
#9146 = EDGE_CURVE ( 'NONE', #4313, #5333, #6014, .T. ) ;
#9147 = VERTEX_POINT ( 'NONE', #5106 ) ;
#9148 = CARTESIAN_POINT ( 'NONE',  ( 0.8600000000000053157, 0.000000000000000000, -1.499999999999996891 ) ) ;
#9149 = VECTOR ( 'NONE', #8045, 1000.000000000000000 ) ;
#9150 = VERTEX_POINT ( 'NONE', #6702 ) ;
#9151 = ORIENTED_EDGE ( 'NONE', *, *, #8837, .F. ) ;
#9152 = FACE_OUTER_BOUND ( 'NONE', #7573, .T. ) ;
#9153 = ORIENTED_EDGE ( 'NONE', *, *, #4390, .F. ) ;
#9154 = LINE ( 'NONE', #7927, #1919 ) ;
#9155 = PLANE ( 'NONE',  #6142 ) ;
#9156 = DIRECTION ( 'NONE',  ( 1.000000000000000000, -0.000000000000000000, 0.000000000000000000 ) ) ;
#9157 = ADVANCED_FACE ( 'NONE', ( #8089 ), #4471, .F. ) ;
#9158 = ORIENTED_EDGE ( 'NONE', *, *, #727, .F. ) ;
#9159 = VECTOR ( 'NONE', #8819, 1000.000000000000000 ) ;
#9160 = CIRCLE ( 'NONE', #3544, 0.1249999999999998890 ) ;
#9161 = SURFACE_STYLE_USAGE ( .BOTH. , #7592 ) ;
#9162 = LINE ( 'NONE', #7688, #2585 ) ;
#9163 = EDGE_CURVE ( 'NONE', #2731, #3256, #2251, .T. ) ;
#9164 = VERTEX_POINT ( 'NONE', #4756 ) ;
#9165 = FACE_OUTER_BOUND ( 'NONE', #2929, .T. ) ;
#9166 = VECTOR ( 'NONE', #3220, 1000.000000000000000 ) ;
#9167 = DIRECTION ( 'NONE',  ( 0.000000000000000000, 0.000000000000000000, -1.000000000000000000 ) ) ;
#9168 = ADVANCED_FACE ( 'NONE', ( #1615 ), #876, .T. ) ;
#9169 = CARTESIAN_POINT ( 'NONE',  ( 0.8750000000000052180, 0.1519999999999999962, -1.469999999999996865 ) ) ;
#9170 = CARTESIAN_POINT ( 'NONE',  ( -1.470000000000000195, 0.1519999999999999962, -0.8750000000000000000 ) ) ;
#9171 = ORIENTED_EDGE ( 'NONE', *, *, #3883, .T. ) ;
#9172 = CARTESIAN_POINT ( 'NONE',  ( 1.469999999999991980, 0.1519999999999999962, -0.6250000000000308642 ) ) ;
#9173 = DIRECTION ( 'NONE',  ( 0.000000000000000000, 0.000000000000000000, -1.000000000000000000 ) ) ;
#9174 = VECTOR ( 'NONE', #2817, 1000.000000000000000 ) ;
#9175 = ORIENTED_EDGE ( 'NONE', *, *, #4601, .F. ) ;
#9176 = CARTESIAN_POINT ( 'NONE',  ( -0.2499999999999956146, 0.1519999999999999962, -1.224999999999990319 ) ) ;
#9177 = ORIENTED_EDGE ( 'NONE', *, *, #9025, .T. ) ;
#9178 = CARTESIAN_POINT ( 'NONE',  ( 0.1400000000000193312, 0.1519999999999999962, 1.499999999999978240 ) ) ;
#9179 = DIRECTION ( 'NONE',  ( -0.000000000000000000, -0.000000000000000000, -1.000000000000000000 ) ) ;
#9180 = DIRECTION ( 'NONE',  ( 0.000000000000000000, 1.000000000000000000, -0.000000000000000000 ) ) ;
#9181 = FILL_AREA_STYLE_COLOUR ( '', #9469 ) ;
#9182 = ADVANCED_FACE ( 'NONE', ( #9203 ), #9155, .T. ) ;
#9183 = ORIENTED_EDGE ( 'NONE', *, *, #5068, .T. ) ;
#9184 = VERTEX_POINT ( 'NONE', #3095 ) ;
#9185 = DIRECTION ( 'NONE',  ( 1.000000000000000000, -0.000000000000000000, -0.000000000000000000 ) ) ;
#9186 = ADVANCED_FACE ( 'NONE', ( #3288 ), #1016, .F. ) ;
#9187 = ORIENTED_EDGE ( 'NONE', *, *, #2665, .T. ) ;
#9188 = ORIENTED_EDGE ( 'NONE', *, *, #5481, .F. ) ;
#9189 = CARTESIAN_POINT ( 'NONE',  ( -0.3749999999999955036, 0.05000000000000002359, -1.224999999999990763 ) ) ;
#9190 = DIRECTION ( 'NONE',  ( -1.000000000000000000, -0.000000000000000000, -4.425314989736752882E-16 ) ) ;
#9191 = CARTESIAN_POINT ( 'NONE',  ( 1.470000000000002416, 0.000000000000000000, 0.1399999999999691769 ) ) ;
#9192 = LINE ( 'NONE', #4653, #1229 ) ;
#9193 = EDGE_CURVE ( 'NONE', #190, #3186, #4563, .T. ) ;
#9194 = ORIENTED_EDGE ( 'NONE', *, *, #6468, .T. ) ;
#9195 = LINE ( 'NONE', #1008, #9315 ) ;
#9196 = ORIENTED_EDGE ( 'NONE', *, *, #8526, .F. ) ;
#9197 = VERTEX_POINT ( 'NONE', #6060 ) ;
#9198 = DIRECTION ( 'NONE',  ( -0.000000000000000000, -1.000000000000000000, -0.000000000000000000 ) ) ;
#9199 = VERTEX_POINT ( 'NONE', #2402 ) ;
#9200 = CARTESIAN_POINT ( 'NONE',  ( -1.469999999999989759, 0.1519999999999999962, 0.3599999999999999867 ) ) ;
#9201 = EDGE_CURVE ( 'NONE', #6652, #3826, #6254, .T. ) ;
#9202 = ADVANCED_FACE ( 'NONE', ( #972 ), #5524, .F. ) ;
#9203 = FACE_OUTER_BOUND ( 'NONE', #3577, .T. ) ;
#9204 = CARTESIAN_POINT ( 'NONE',  ( -1.470000000000000195, 0.1519999999999999962, -0.8599999999999999867 ) ) ;
#9205 = AXIS2_PLACEMENT_3D ( 'NONE', #3385, #8971, #2266 ) ;
#9206 = ORIENTED_EDGE ( 'NONE', *, *, #4671, .F. ) ;
#9207 = PRESENTATION_STYLE_ASSIGNMENT (( #7687 ) ) ;
#9208 = LINE ( 'NONE', #2407, #229 ) ;
#9209 = ORIENTED_EDGE ( 'NONE', *, *, #5104, .T. ) ;
#9210 = STYLED_ITEM ( 'NONE', ( #2772 ), #3042 ) ;
#9211 = DIRECTION ( 'NONE',  ( 0.000000000000000000, 0.000000000000000000, -1.000000000000000000 ) ) ;
#9212 = CARTESIAN_POINT ( 'NONE',  ( -0.6250000000001734168, 0.05000000000000002359, 8.186832731015424649E-14 ) ) ;
#9213 = EDGE_CURVE ( 'NONE', #1641, #3807, #4025, .T. ) ;
#9214 = CARTESIAN_POINT ( 'NONE',  ( 0.3750000000000183187, 0.05000000000000002359, -2.489239681727045739E-16 ) ) ;
#9215 = ORIENTED_EDGE ( 'NONE', *, *, #5921, .T. ) ;
#9216 = VECTOR ( 'NONE', #6215, 1000.000000000000000 ) ;
#9217 =( GEOMETRIC_REPRESENTATION_CONTEXT ( 3 ) GLOBAL_UNCERTAINTY_ASSIGNED_CONTEXT ( ( #1053 ) ) GLOBAL_UNIT_ASSIGNED_CONTEXT ( ( #6320, #2604, #1590 ) ) REPRESENTATION_CONTEXT ( 'NONE', 'WORKASPACE' ) );
#9218 = DIRECTION ( 'NONE',  ( 0.000000000000000000, 0.000000000000000000, -1.000000000000000000 ) ) ;
#9219 = DIRECTION ( 'NONE',  ( -0.000000000000000000, -1.000000000000000000, -0.000000000000000000 ) ) ;
#9220 = ORIENTED_EDGE ( 'NONE', *, *, #144, .T. ) ;
#9221 = CARTESIAN_POINT ( 'NONE',  ( -0.8750000000000126565, 0.1519999999999999962, 1.224999999999990763 ) ) ;
#9222 = CIRCLE ( 'NONE', #8757, 0.1249999999999998890 ) ;
#9223 = CARTESIAN_POINT ( 'NONE',  ( -0.8599999999999947686, 0.1519999999999999962, -1.469999999999987317 ) ) ;
#9224 = VECTOR ( 'NONE', #2985, 1000.000000000000000 ) ;
#9225 = LINE ( 'NONE', #112, #5166 ) ;
#9226 = CARTESIAN_POINT ( 'NONE',  ( 0.6400000000000194422, 0.1519999999999999962, 1.499999999999972689 ) ) ;
#9227 = CARTESIAN_POINT ( 'NONE',  ( -0.000000000000000000, 0.05000000000000002359, 0.8599999999999691225 ) ) ;
#9228 = AXIS2_PLACEMENT_3D ( 'NONE', #4240, #7904, #1187 ) ;
#9229 = AXIS2_PLACEMENT_3D ( 'NONE', #4497, #3622, #6637 ) ;
#9230 = EDGE_CURVE ( 'NONE', #7525, #9491, #3927, .T. ) ;
#9231 = ORIENTED_EDGE ( 'NONE', *, *, #8088, .F. ) ;
#9232 = ORIENTED_EDGE ( 'NONE', *, *, #2884, .F. ) ;
#9233 = LINE ( 'NONE', #6233, #9166 ) ;
#9234 = ORIENTED_EDGE ( 'NONE', *, *, #4619, .T. ) ;
#9235 = ORIENTED_EDGE ( 'NONE', *, *, #5610, .T. ) ;
#9236 = FACE_OUTER_BOUND ( 'NONE', #3813, .T. ) ;
#9237 = LINE ( 'NONE', #3083, #801 ) ;
#9238 = SURFACE_STYLE_FILL_AREA ( #4153 ) ;
#9239 = DIRECTION ( 'NONE',  ( -1.000000000000000000, 0.000000000000000000, -3.318986242302564785E-16 ) ) ;
#9240 = EDGE_CURVE ( 'NONE', #4028, #4444, #5337, .T. ) ;
#9241 = LINE ( 'NONE', #9145, #6403 ) ;
#9242 = ORIENTED_EDGE ( 'NONE', *, *, #2070, .F. ) ;
#9243 = DIRECTION ( 'NONE',  ( 3.982783490763077545E-15, -0.000000000000000000, -1.000000000000000000 ) ) ;
#9244 = VERTEX_POINT ( 'NONE', #3191 ) ;
#9245 = EDGE_LOOP ( 'NONE', ( #131, #2253, #5520, #2321 ) ) ;
#9246 = DIRECTION ( 'NONE',  ( 7.228014483236677820E-15, 0.000000000000000000, 1.000000000000000000 ) ) ;
#9247 = ORIENTED_EDGE ( 'NONE', *, *, #2259, .F. ) ;
#9248 = CARTESIAN_POINT ( 'NONE',  ( 1.470000000000002416, 0.1519999999999999962, 0.3749999999999691358 ) ) ;
#9249 = PLANE ( 'NONE',  #3978 ) ;
#9250 = PLANE ( 'NONE',  #3609 ) ;
#9251 = VECTOR ( 'NONE', #2110, 1000.000000000000000 ) ;
#9252 = EDGE_CURVE ( 'NONE', #7431, #8311, #4610, .T. ) ;
#9253 = EDGE_LOOP ( 'NONE', ( #5083, #2044, #2594, #5843, #7849, #1691, #7700, #8085, #8258, #6148, #7656, #6053, #3317, #1358, #8491, #1899, #475, #7600, #2081, #1950 ) ) ;
#9254 = CARTESIAN_POINT ( 'NONE',  ( -0.8749999999999947820, 0.000000000000000000, -1.469999999999987317 ) ) ;
#9255 = PLANE ( 'NONE',  #7900 ) ;
#9256 = VECTOR ( 'NONE', #7799, 1000.000000000000000 ) ;
#9257 = VERTEX_POINT ( 'NONE', #2495 ) ;
#9258 = CARTESIAN_POINT ( 'NONE',  ( -1.499999999999995115, 0.05000000000000002359, -0.1400000000000000411 ) ) ;
#9259 = DIRECTION ( 'NONE',  ( 3.982783490763077545E-15, -0.000000000000000000, -1.000000000000000000 ) ) ;
#9260 = CARTESIAN_POINT ( 'NONE',  ( 0.000000000000000000, 0.05000000000000002359, -0.1400000000000309053 ) ) ;
#9261 = DIRECTION ( 'NONE',  ( -6.637972484605129570E-16, 0.000000000000000000, -1.000000000000000000 ) ) ;
#9262 = VERTEX_POINT ( 'NONE', #7588 ) ;
#9263 = AXIS2_PLACEMENT_3D ( 'NONE', #3297, #3100, #6266 ) ;
#9264 = DIRECTION ( 'NONE',  ( -4.425314989736752882E-16, 0.000000000000000000, -1.000000000000000000 ) ) ;
#9265 = CARTESIAN_POINT ( 'NONE',  ( 0.1250000000000193456, 0.1519999999999999962, 1.224999999999978106 ) ) ;
#9266 = EDGE_CURVE ( 'NONE', #6256, #1154, #1755, .T. ) ;
#9267 = ADVANCED_FACE ( 'NONE', ( #188 ), #9249, .F. ) ;
#9268 = ORIENTED_EDGE ( 'NONE', *, *, #5085, .F. ) ;
#9269 = CARTESIAN_POINT ( 'NONE',  ( -0.3599999999999806688, 0.1519999999999999962, 1.499999999999983347 ) ) ;
#9270 = VECTOR ( 'NONE', #5232, 1000.000000000000000 ) ;
#9271 = CARTESIAN_POINT ( 'NONE',  ( -0.8749999999999955591, 0.1519999999999999962, -1.224999999999987432 ) ) ;
#9272 = PLANE ( 'NONE',  #135 ) ;
#9273 = CARTESIAN_POINT ( 'NONE',  ( 0.3600000000000192490, 0.05000000000000002359, 1.469999999999977991 ) ) ;
#9274 = ORIENTED_EDGE ( 'NONE', *, *, #258, .F. ) ;
#9275 = AXIS2_PLACEMENT_3D ( 'NONE', #6633, #3571, #4399 ) ;
#9276 = ORIENTED_EDGE ( 'NONE', *, *, #9285, .T. ) ;
#9277 = ORIENTED_EDGE ( 'NONE', *, *, #8553, .T. ) ;
#9278 = LINE ( 'NONE', #9328, #878 ) ;
#9279 = ADVANCED_FACE ( 'NONE', ( #6842 ), #1666, .T. ) ;
#9280 = ORIENTED_EDGE ( 'NONE', *, *, #4250, .F. ) ;
#9281 = ORIENTED_EDGE ( 'NONE', *, *, #2551, .T. ) ;
#9282 = VECTOR ( 'NONE', #6370, 1000.000000000000000 ) ;
#9283 = CARTESIAN_POINT ( 'NONE',  ( -1.499999999999989786, 0.1519999999999999962, 0.3599999999999999867 ) ) ;
#9284 = DIRECTION ( 'NONE',  ( 0.000000000000000000, -1.000000000000000000, 0.000000000000000000 ) ) ;
#9285 = EDGE_CURVE ( 'NONE', #3773, #3805, #923, .T. ) ;
#9286 = CARTESIAN_POINT ( 'NONE',  ( 0.3600000000000192490, 0.05000000000000002359, 1.499999999999978240 ) ) ;
#9287 = LINE ( 'NONE', #4982, #782 ) ;
#9288 = CARTESIAN_POINT ( 'NONE',  ( -0.2499999999999956146, 0.1519999999999999962, -1.224999999999990319 ) ) ;
#9289 = VECTOR ( 'NONE', #1509, 1000.000000000000000 ) ;
#9290 = PRODUCT_DEFINITION_CONTEXT ( 'detailed design', #5250, 'design' ) ;
#9291 = ORIENTED_EDGE ( 'NONE', *, *, #9502, .T. ) ;
#9292 = DIRECTION ( 'NONE',  ( 0.000000000000000000, 0.000000000000000000, -1.000000000000000000 ) ) ;
#9293 = VERTEX_POINT ( 'NONE', #3834 ) ;
#9294 = ORIENTED_EDGE ( 'NONE', *, *, #463, .F. ) ;
#9295 = DIRECTION ( 'NONE',  ( 0.000000000000000000, -0.000000000000000000, -1.000000000000000000 ) ) ;
#9296 = ORIENTED_EDGE ( 'NONE', *, *, #8429, .F. ) ;
#9297 = CARTESIAN_POINT ( 'NONE',  ( 1.500000000000007550, 0.000000000000000000, 0.8599999999999691225 ) ) ;
#9298 = CARTESIAN_POINT ( 'NONE',  ( -1.200000000000000400, 0.7500000000000000000, -1.200000000000000178 ) ) ;
#9299 = LINE ( 'NONE', #139, #1545 ) ;
#9300 = EDGE_LOOP ( 'NONE', ( #1294, #1203, #7334, #5580 ) ) ;
#9301 = LINE ( 'NONE', #5323, #17 ) ;
#9302 = CARTESIAN_POINT ( 'NONE',  ( 1.470000000000007523, 0.1519999999999999962, 0.8749999999999691358 ) ) ;
#9303 = AXIS2_PLACEMENT_3D ( 'NONE', #298, #6272, #4816 ) ;
#9304 = ORIENTED_EDGE ( 'NONE', *, *, #9230, .F. ) ;
#9305 = EDGE_CURVE ( 'NONE', #8726, #4878, #1708, .T. ) ;
#9306 = CARTESIAN_POINT ( 'NONE',  ( -0.1249999999999807099, 0.000000000000000000, 1.469999999999983320 ) ) ;
#9307 = ADVANCED_FACE ( 'NONE', ( #2784 ), #2004, .T. ) ;
#9308 = FACE_OUTER_BOUND ( 'NONE', #8248, .T. ) ;
#9309 = CARTESIAN_POINT ( 'NONE',  ( 0.6250000000000192069, 0.000000000000000000, 1.469999999999972662 ) ) ;
#9310 = CIRCLE ( 'NONE', #5100, 0.1249999999999998890 ) ;
#9311 = CARTESIAN_POINT ( 'NONE',  ( 1.225000000000002309, 0.1519999999999999962, 0.2499999999999691636 ) ) ;
#9312 = ORIENTED_EDGE ( 'NONE', *, *, #1344, .F. ) ;
#9313 = DIRECTION ( 'NONE',  ( 0.000000000000000000, 0.000000000000000000, 1.000000000000000000 ) ) ;
#9314 = CARTESIAN_POINT ( 'NONE',  ( 0.8600000000000194156, 0.1519999999999999962, 1.499999999999972689 ) ) ;
#9315 = VECTOR ( 'NONE', #325, 1000.000000000000000 ) ;
#9316 = ORIENTED_EDGE ( 'NONE', *, *, #7869, .T. ) ;
#9317 = CARTESIAN_POINT ( 'NONE',  ( 1.499999999999997113, 0.000000000000000000, -0.3600000000000307954 ) ) ;
#9318 = LINE ( 'NONE', #8000, #8637 ) ;
#9319 = PRODUCT ( 'ADA4351-2ACPZ-R7', 'ADA4351-2ACPZ-R7', '', ( #5032 ) ) ;
#9320 = ADVANCED_FACE ( 'NONE', ( #6307 ), #1111, .T. ) ;
#9321 = EDGE_CURVE ( 'NONE', #1095, #9150, #1901, .T. ) ;
#9322 = CARTESIAN_POINT ( 'NONE',  ( -1.224999999999989875, 0.1519999999999999962, 0.1250000000000001110 ) ) ;
#9323 = VECTOR ( 'NONE', #26, 1000.000000000000000 ) ;
#9324 = LINE ( 'NONE', #408, #308 ) ;
#9325 = FACE_OUTER_BOUND ( 'NONE', #847, .T. ) ;
#9326 = ORIENTED_EDGE ( 'NONE', *, *, #5020, .T. ) ;
#9327 = ORIENTED_EDGE ( 'NONE', *, *, #7800, .F. ) ;
#9328 = CARTESIAN_POINT ( 'NONE',  ( -0.3750000000000288103, 0.1519999999999999962, 1.224999999999990763 ) ) ;
#9329 = VERTEX_POINT ( 'NONE', #5764 ) ;
#9330 = VERTEX_POINT ( 'NONE', #4215 ) ;
#9331 = DIRECTION ( 'NONE',  ( 0.000000000000000000, -1.000000000000000000, 0.000000000000000000 ) ) ;
#9332 = DIRECTION ( 'NONE',  ( 0.000000000000000000, 0.000000000000000000, -1.000000000000000000 ) ) ;
#9333 = CARTESIAN_POINT ( 'NONE',  ( 0.8600000000000191935, 0.000000000000000000, 1.469999999999972662 ) ) ;
#9334 = FACE_OUTER_BOUND ( 'NONE', #7017, .T. ) ;
#9335 = DIRECTION ( 'NONE',  ( 0.000000000000000000, 1.000000000000000000, -0.000000000000000000 ) ) ;
#9336 = EDGE_CURVE ( 'NONE', #8419, #1547, #3982, .T. ) ;
#9337 = ORIENTED_EDGE ( 'NONE', *, *, #8088, .T. ) ;
#9338 = DIRECTION ( 'NONE',  ( 1.000000000000000000, 0.000000000000000000, -4.425314989736752882E-16 ) ) ;
#9339 = ORIENTED_EDGE ( 'NONE', *, *, #695, .T. ) ;
#9340 = ORIENTED_EDGE ( 'NONE', *, *, #9384, .T. ) ;
#9341 = FACE_OUTER_BOUND ( 'NONE', #9611, .T. ) ;
#9342 = VERTEX_POINT ( 'NONE', #4118 ) ;
#9343 = DIRECTION ( 'NONE',  ( -4.425314989736752882E-16, 0.000000000000000000, 1.000000000000000000 ) ) ;
#9344 = DIRECTION ( 'NONE',  ( -0.000000000000000000, 0.000000000000000000, 1.000000000000000000 ) ) ;
#9345 = LINE ( 'NONE', #2054, #5618 ) ;
#9346 = ORIENTED_EDGE ( 'NONE', *, *, #464, .T. ) ;
#9347 = LINE ( 'NONE', #2007, #4323 ) ;
#9348 = LINE ( 'NONE', #7883, #4332 ) ;
#9349 = EDGE_CURVE ( 'NONE', #6563, #3108, #4069, .T. ) ;
#9350 = ORIENTED_EDGE ( 'NONE', *, *, #6065, .F. ) ;
#9351 = CARTESIAN_POINT ( 'NONE',  ( 1.500000000000002442, 0.1519999999999999962, 0.1399999999999691769 ) ) ;
#9352 = CARTESIAN_POINT ( 'NONE',  ( 1.470000000000007523, 0.1519999999999999962, 0.8749999999999691358 ) ) ;
#9353 = CARTESIAN_POINT ( 'NONE',  ( -1.499999999999995115, 0.1519999999999999962, -0.1400000000000000411 ) ) ;
#9354 = LINE ( 'NONE', #2796, #7967 ) ;
#9355 = CARTESIAN_POINT ( 'NONE',  ( 1.499999999999999778, 0.05000000000000002359, 1.500000000000000000 ) ) ;
#9356 = ORIENTED_EDGE ( 'NONE', *, *, #5913, .F. ) ;
#9357 = EDGE_CURVE ( 'NONE', #7143, #4165, #2736, .T. ) ;
#9358 = DIRECTION ( 'NONE',  ( 0.000000000000000000, 0.000000000000000000, -1.000000000000000000 ) ) ;
#9359 = CARTESIAN_POINT ( 'NONE',  ( 0.8750000000000192069, 0.1519999999999999962, 1.224999999999972555 ) ) ;
#9360 = PRESENTATION_LAYER_ASSIGNMENT (  '', '', ( #2956 ) ) ;
#9361 = EDGE_LOOP ( 'NONE', ( #4941, #5812, #1785, #5026 ) ) ;
#9362 = LINE ( 'NONE', #4966, #3386 ) ;
#9363 = CARTESIAN_POINT ( 'NONE',  ( 0.7500000000000193179, 0.1519999999999999962, 1.224999999999972555 ) ) ;
#9364 = CIRCLE ( 'NONE', #5155, 0.1249999999999998890 ) ;
#9365 = VECTOR ( 'NONE', #9081, 1000.000000000000000 ) ;
#9366 = DIRECTION ( 'NONE',  ( -1.000000000000000000, 0.000000000000000000, -0.000000000000000000 ) ) ;
#9367 = EDGE_CURVE ( 'NONE', #8203, #313, #4168, .T. ) ;
#9368 = CARTESIAN_POINT ( 'NONE',  ( -1.469999999999984652, 0.1519999999999999962, 0.8750000000000000000 ) ) ;
#9369 = CARTESIAN_POINT ( 'NONE',  ( 1.469999999999991980, 0.1519999999999999962, -0.6400000000000309885 ) ) ;
#9370 = ORIENTED_EDGE ( 'NONE', *, *, #8303, .T. ) ;
#9371 = EDGE_LOOP ( 'NONE', ( #7981, #2631, #914, #9356 ) ) ;
#9372 = DIRECTION ( 'NONE',  ( -0.000000000000000000, -1.000000000000000000, -0.000000000000000000 ) ) ;
#9373 = EDGE_CURVE ( 'NONE', #9522, #8182, #6458, .T. ) ;
#9374 = VERTEX_POINT ( 'NONE', #8614 ) ;
#9375 = ORIENTED_EDGE ( 'NONE', *, *, #2578, .F. ) ;
#9376 = LINE ( 'NONE', #3270, #8189 ) ;
#9377 = FACE_OUTER_BOUND ( 'NONE', #8115, .T. ) ;
#9378 = FACE_OUTER_BOUND ( 'NONE', #6504, .T. ) ;
#9379 = AXIS2_PLACEMENT_3D ( 'NONE', #4304, #9335, #6498 ) ;
#9380 = VECTOR ( 'NONE', #2971, 1000.000000000000000 ) ;
#9381 = DIRECTION ( 'NONE',  ( -0.000000000000000000, -1.000000000000000000, -0.000000000000000000 ) ) ;
#9382 = UNCERTAINTY_MEASURE_WITH_UNIT (LENGTH_MEASURE( 1.000000000000000082E-05 ), #1521, 'distance_accuracy_value', 'NONE');
#9383 = VERTEX_POINT ( 'NONE', #5619 ) ;
#9384 = EDGE_CURVE ( 'NONE', #9567, #8739, #7137, .T. ) ;
#9385 = LINE ( 'NONE', #5039, #1974 ) ;
#9386 = ADVANCED_FACE ( 'NONE', ( #3389 ), #4803, .F. ) ;
#9387 = VECTOR ( 'NONE', #7896, 1000.000000000000000 ) ;
#9388 = VERTEX_POINT ( 'NONE', #6406 ) ;
#9389 = ORIENTED_EDGE ( 'NONE', *, *, #3162, .F. ) ;
#9390 = CARTESIAN_POINT ( 'NONE',  ( 1.225000000000002309, 0.000000000000000000, 0.1249999999999692607 ) ) ;
#9391 = EDGE_LOOP ( 'NONE', ( #4986, #8654, #6824, #9337, #4060, #4558, #9628, #851, #2431 ) ) ;
#9392 = DIRECTION ( 'NONE',  ( 1.000000000000000000, 0.000000000000000000, 4.425314989736752882E-16 ) ) ;
#9393 = CARTESIAN_POINT ( 'NONE',  ( -0.1249999999999947681, 0.1519999999999999962, -1.469999999999989981 ) ) ;
#9394 = DIRECTION ( 'NONE',  ( -0.000000000000000000, -0.000000000000000000, 1.000000000000000000 ) ) ;
#9395 = EDGE_LOOP ( 'NONE', ( #9209, #1380, #2669, #5247 ) ) ;
#9396 = MECHANICAL_DESIGN_GEOMETRIC_PRESENTATION_REPRESENTATION (  '', ( #6257 ), #315 ) ;
#9397 = CARTESIAN_POINT ( 'NONE',  ( 0.6250000000000192069, 0.1519999999999999962, 1.469999999999972662 ) ) ;
#9398 = FACE_OUTER_BOUND ( 'NONE', #8393, .T. ) ;
#9399 = ORIENTED_EDGE ( 'NONE', *, *, #5864, .F. ) ;
#9400 = FACE_OUTER_BOUND ( 'NONE', #3686, .T. ) ;
#9401 = VECTOR ( 'NONE', #3786, 1000.000000000000000 ) ;
#9402 = CARTESIAN_POINT ( 'NONE',  ( -0.000000000000000000, 0.05000000000000002359, -1.469999999999997753 ) ) ;
#9403 = LINE ( 'NONE', #4958, #2095 ) ;
#9404 = EDGE_CURVE ( 'NONE', #6367, #6501, #1262, .T. ) ;
#9405 = CARTESIAN_POINT ( 'NONE',  ( -0.8599999999999807798, 0.000000000000000000, 1.469999999999988649 ) ) ;
#9406 = ORIENTED_EDGE ( 'NONE', *, *, #1438, .F. ) ;
#9407 = DIRECTION ( 'NONE',  ( 0.000000000000000000, -1.000000000000000000, 0.000000000000000000 ) ) ;
#9408 = CARTESIAN_POINT ( 'NONE',  ( 1.224999999999991873, 0.05000000000000002359, -0.8750000000000307532 ) ) ;
#9409 = VECTOR ( 'NONE', #7514, 1000.000000000000000 ) ;
#9410 = VERTEX_POINT ( 'NONE', #8663 ) ;
#9411 = CARTESIAN_POINT ( 'NONE',  ( 0.6400000000000052314, 0.000000000000000000, -1.469999999999997753 ) ) ;
#9412 = DIRECTION ( 'NONE',  ( 0.000000000000000000, -1.000000000000000000, 0.000000000000000000 ) ) ;
#9413 = VECTOR ( 'NONE', #6947, 1000.000000000000000 ) ;
#9414 = LINE ( 'NONE', #305, #3624 ) ;
#9415 = PLANE ( 'NONE',  #7355 ) ;
#9416 = DIRECTION ( 'NONE',  ( 0.000000000000000000, -1.000000000000000000, 0.000000000000000000 ) ) ;
#9417 = VECTOR ( 'NONE', #2539, 1000.000000000000000 ) ;
#9418 = ORIENTED_EDGE ( 'NONE', *, *, #8206, .T. ) ;
#9419 = ORIENTED_EDGE ( 'NONE', *, *, #7533, .T. ) ;
#9420 = CARTESIAN_POINT ( 'NONE',  ( -0.8599999999999807798, 0.1519999999999999962, 1.469999999999988649 ) ) ;
#9421 = EDGE_LOOP ( 'NONE', ( #8900, #2621, #4817, #6309, #1096, #7092, #7681, #4052 ) ) ;
#9422 = ORIENTED_EDGE ( 'NONE', *, *, #3589, .F. ) ;
#9423 = MANIFOLD_SOLID_BREP ( 'Boss-Extrude3[7]', #9005 ) ;
#9424 = EDGE_CURVE ( 'NONE', #7151, #4491, #8224, .T. ) ;
#9425 = EDGE_CURVE ( 'NONE', #108, #5110, #1315, .T. ) ;
#9426 = CARTESIAN_POINT ( 'NONE',  ( 1.500000000000007550, 0.1519999999999999962, 0.8599999999999691225 ) ) ;
#9427 = DIRECTION ( 'NONE',  ( 1.301042606982616933E-13, -0.000000000000000000, 1.000000000000000000 ) ) ;
#9428 = CARTESIAN_POINT ( 'NONE',  ( -0.8599999999999946576, 0.1519999999999999962, -1.499999999999987566 ) ) ;
#9429 = VECTOR ( 'NONE', #2387, 1000.000000000000000 ) ;
#9430 = LINE ( 'NONE', #2827, #6564 ) ;
#9431 = ORIENTED_EDGE ( 'NONE', *, *, #9483, .T. ) ;
#9432 = DIRECTION ( 'NONE',  ( 0.000000000000000000, 0.000000000000000000, 1.000000000000000000 ) ) ;
#9433 = CIRCLE ( 'NONE', #6775, 0.1249999999999998890 ) ;
#9434 = ORIENTED_EDGE ( 'NONE', *, *, #5324, .F. ) ;
#9435 = VERTEX_POINT ( 'NONE', #9647 ) ;
#9436 = CARTESIAN_POINT ( 'NONE',  ( -1.470000000000000195, 0.1519999999999999962, -0.8599999999999999867 ) ) ;
#9437 = ORIENTED_EDGE ( 'NONE', *, *, #9252, .T. ) ;
#9438 = LINE ( 'NONE', #1207, #5208 ) ;
#9439 = SURFACE_STYLE_FILL_AREA ( #3488 ) ;
#9440 = LINE ( 'NONE', #2839, #2342 ) ;
#9441 = EDGE_CURVE ( 'NONE', #5180, #4084, #1312, .T. ) ;
#9442 = ADVANCED_FACE ( 'NONE', ( #6694 ), #8174, .F. ) ;
#9443 = ORIENTED_EDGE ( 'NONE', *, *, #6124, .F. ) ;
#9444 = VECTOR ( 'NONE', #7929, 1000.000000000000000 ) ;
#9445 = CARTESIAN_POINT ( 'NONE',  ( -0.3749999999999992784, 0.05000000000000002359, -1.161645184805895579E-15 ) ) ;
#9446 = DIRECTION ( 'NONE',  ( -0.000000000000000000, -1.000000000000000000, -0.000000000000000000 ) ) ;
#9447 = ORIENTED_EDGE ( 'NONE', *, *, #7566, .F. ) ;
#9448 = CARTESIAN_POINT ( 'NONE',  ( -1.469999999999989759, 0.000000000000000000, 0.1250000000000000000 ) ) ;
#9449 = AXIS2_PLACEMENT_3D ( 'NONE', #3324, #6393, #6292 ) ;
#9450 = DIRECTION ( 'NONE',  ( -0.000000000000000000, 0.000000000000000000, 1.000000000000000000 ) ) ;
#9451 = CARTESIAN_POINT ( 'NONE',  ( 0.6250000000000192069, 0.1519999999999999962, 1.469999999999972662 ) ) ;
#9452 = SURFACE_STYLE_USAGE ( .BOTH. , #6561 ) ;
#9453 = FACE_OUTER_BOUND ( 'NONE', #8606, .T. ) ;
#9454 = ORIENTED_EDGE ( 'NONE', *, *, #9461, .T. ) ;
#9455 = AXIS2_PLACEMENT_3D ( 'NONE', #4241, #3661, #1930 ) ;
#9456 = CARTESIAN_POINT ( 'NONE',  ( -1.469999999999989759, 0.1519999999999999962, 0.1400000000000000411 ) ) ;
#9457 = CARTESIAN_POINT ( 'NONE',  ( -1.470000000000000195, 0.1519999999999999962, -0.8750000000000000000 ) ) ;
#9458 = EDGE_CURVE ( 'NONE', #902, #7412, #1462, .T. ) ;
#9459 = ORIENTED_EDGE ( 'NONE', *, *, #3540, .T. ) ;
#9460 = CARTESIAN_POINT ( 'NONE',  ( 0.7500000000000193179, 0.05000000000000002359, 1.224999999999972555 ) ) ;
#9461 = EDGE_CURVE ( 'NONE', #8832, #1114, #1363, .T. ) ;
#9462 = VECTOR ( 'NONE', #7784, 1000.000000000000000 ) ;
#9463 = CARTESIAN_POINT ( 'NONE',  ( 1.470000000000002416, 0.1519999999999999962, 0.1399999999999691769 ) ) ;
#9464 = VECTOR ( 'NONE', #5836, 1000.000000000000000 ) ;
#9465 = DIRECTION ( 'NONE',  ( -1.000000000000000000, 0.000000000000000000, -3.614007241618338910E-15 ) ) ;
#9466 = CARTESIAN_POINT ( 'NONE',  ( 1.499999999999997113, 0.1519999999999999962, -0.3600000000000307954 ) ) ;
#9467 = DIRECTION ( 'NONE',  ( -0.000000000000000000, -1.000000000000000000, -0.000000000000000000 ) ) ;
#9468 = VECTOR ( 'NONE', #6749, 1000.000000000000000 ) ;
#9469 = COLOUR_RGB ( '',0.7921568627450980005, 0.8196078431372548767, 0.9333333333333333481 ) ;
#9470 = ORIENTED_EDGE ( 'NONE', *, *, #2468, .F. ) ;
#9471 = VERTEX_POINT ( 'NONE', #5233 ) ;
#9472 = CARTESIAN_POINT ( 'NONE',  ( -0.1399999999999947120, 0.000000000000000000, -1.499999999999990008 ) ) ;
#9473 = EDGE_LOOP ( 'NONE', ( #7162, #6632, #692, #1291 ) ) ;
#9474 = ORIENTED_EDGE ( 'NONE', *, *, #369, .F. ) ;
#9475 = DIRECTION ( 'NONE',  ( -3.614007241618338910E-15, 0.000000000000000000, 1.000000000000000000 ) ) ;
#9476 = VERTEX_POINT ( 'NONE', #5865 ) ;
#9477 = AXIS2_PLACEMENT_3D ( 'NONE', #3730, #8260, #6594 ) ;
#9478 = DIRECTION ( 'NONE',  ( 1.000000000000000000, 0.000000000000000000, 3.614007241618338910E-15 ) ) ;
#9479 = CARTESIAN_POINT ( 'NONE',  ( 1.469999999999997087, 0.1519999999999999962, -0.3600000000000307954 ) ) ;
#9480 = APPLICATION_PROTOCOL_DEFINITION ( 'draft international standard', 'automotive_design', 1998, #6228 ) ;
#9481 = DIRECTION ( 'NONE',  ( -0.000000000000000000, -0.000000000000000000, -1.000000000000000000 ) ) ;
#9482 = PLANE ( 'NONE',  #8285 ) ;
#9483 = EDGE_CURVE ( 'NONE', #8351, #159, #5095, .T. ) ;
#9484 = EDGE_CURVE ( 'NONE', #7894, #3097, #5139, .T. ) ;
#9485 = ORIENTED_EDGE ( 'NONE', *, *, #3735, .F. ) ;
#9486 = VERTEX_POINT ( 'NONE', #8124 ) ;
#9487 = DIRECTION ( 'NONE',  ( 0.000000000000000000, -1.000000000000000000, 0.000000000000000000 ) ) ;
#9488 = VERTEX_POINT ( 'NONE', #581 ) ;
#9489 = ORIENTED_EDGE ( 'NONE', *, *, #7124, .T. ) ;
#9490 = PLANE ( 'NONE',  #6696 ) ;
#9491 = VERTEX_POINT ( 'NONE', #32 ) ;
#9492 = DIRECTION ( 'NONE',  ( 8.850629979473505765E-16, 0.000000000000000000, 1.000000000000000000 ) ) ;
#9493 = DIRECTION ( 'NONE',  ( 0.000000000000000000, 0.000000000000000000, -1.000000000000000000 ) ) ;
#9494 = CARTESIAN_POINT ( 'NONE',  ( -0.1399999999999807510, 0.1519999999999999962, 1.499999999999983347 ) ) ;
#9495 = EDGE_LOOP ( 'NONE', ( #2952, #3153, #8738, #7325 ) ) ;
#9496 = EDGE_CURVE ( 'NONE', #9164, #6234, #9599, .T. ) ;
#9497 = DIRECTION ( 'NONE',  ( -0.000000000000000000, -1.000000000000000000, -0.000000000000000000 ) ) ;
#9498 = DIRECTION ( 'NONE',  ( 0.000000000000000000, -1.000000000000000000, 0.000000000000000000 ) ) ;
#9499 = ADVANCED_FACE ( 'NONE', ( #4412 ), #4364, .T. ) ;
#9500 = EDGE_LOOP ( 'NONE', ( #955, #1611, #7230, #2949 ) ) ;
#9501 = CARTESIAN_POINT ( 'NONE',  ( -1.224999999999994982, 0.1519999999999999962, -0.1250000000000001110 ) ) ;
#9502 = EDGE_CURVE ( 'NONE', #5184, #4097, #3688, .T. ) ;
#9503 = EDGE_CURVE ( 'NONE', #3112, #5602, #3031, .T. ) ;
#9504 = DIRECTION ( 'NONE',  ( -0.000000000000000000, -1.000000000000000000, -0.000000000000000000 ) ) ;
#9505 = CARTESIAN_POINT ( 'NONE',  ( -1.224999999999984546, 0.1519999999999999962, 0.7500000000000000000 ) ) ;
#9506 = PRESENTATION_STYLE_ASSIGNMENT (( #9452 ) ) ;
#9507 = FACE_OUTER_BOUND ( 'NONE', #3859, .T. ) ;
#9508 = ORIENTED_EDGE ( 'NONE', *, *, #5087, .F. ) ;
#9509 = SURFACE_STYLE_USAGE ( .BOTH. , #7399 ) ;
#9510 = DIRECTION ( 'NONE',  ( -4.425314989736752882E-16, 0.000000000000000000, 1.000000000000000000 ) ) ;
#9511 = MANIFOLD_SOLID_BREP ( 'Boss-Extrude3[5]', #2128 ) ;
#9512 = CIRCLE ( 'NONE', #4984, 0.1249999999999998890 ) ;
#9513 = VERTEX_POINT ( 'NONE', #3913 ) ;
#9514 = FACE_OUTER_BOUND ( 'NONE', #110, .T. ) ;
#9515 = ADVANCED_FACE ( 'NONE', ( #5464 ), #2984, .F. ) ;
#9516 = FACE_OUTER_BOUND ( 'NONE', #9049, .T. ) ;
#9517 = EDGE_CURVE ( 'NONE', #5758, #5368, #223, .T. ) ;
#9518 = DIRECTION ( 'NONE',  ( 0.000000000000000000, 0.000000000000000000, -1.000000000000000000 ) ) ;
#9519 = STYLED_ITEM ( 'NONE', ( #6818 ), #3102 ) ;
#9520 = DIRECTION ( 'NONE',  ( -1.000000000000000000, 0.000000000000000000, 8.850629979473505765E-16 ) ) ;
#9521 = LINE ( 'NONE', #557, #2419 ) ;
#9522 = VERTEX_POINT ( 'NONE', #8265 ) ;
#9523 = ORIENTED_EDGE ( 'NONE', *, *, #7066, .F. ) ;
#9524 = DIRECTION ( 'NONE',  ( 0.000000000000000000, 0.000000000000000000, -1.000000000000000000 ) ) ;
#9525 = CIRCLE ( 'NONE', #2963, 0.1249999999999998890 ) ;
#9526 = ORIENTED_EDGE ( 'NONE', *, *, #2568, .F. ) ;
#9527 = CARTESIAN_POINT ( 'NONE',  ( -1.200000000000000400, 0.8000000000000000444, -1.350000000000000089 ) ) ;
#9528 = AXIS2_PLACEMENT_3D ( 'NONE', #7543, #9609, #3835 ) ;
#9529 = ORIENTED_EDGE ( 'NONE', *, *, #2264, .F. ) ;
#9530 = CARTESIAN_POINT ( 'NONE',  ( -0.8599999999999946576, 0.05000000000000002359, -1.499999999999987566 ) ) ;
#9531 = CARTESIAN_POINT ( 'NONE',  ( -0.7500000000000127676, 0.1519999999999999962, 1.224999999999992095 ) ) ;
#9532 = CARTESIAN_POINT ( 'NONE',  ( 1.469999999999991980, 0.1519999999999999962, -0.8750000000000308642 ) ) ;
#9533 = FACE_OUTER_BOUND ( 'NONE', #5405, .T. ) ;
#9534 = EDGE_CURVE ( 'NONE', #9471, #540, #3867, .T. ) ;
#9535 = VECTOR ( 'NONE', #9003, 1000.000000000000000 ) ;
#9536 = AXIS2_PLACEMENT_3D ( 'NONE', #4057, #3914, #9098 ) ;
#9537 = EDGE_LOOP ( 'NONE', ( #2477, #3079, #4528, #1475, #3569, #8416, #1761, #3478 ) ) ;
#9538 = ORIENTED_EDGE ( 'NONE', *, *, #4354, .T. ) ;
#9539 = DIRECTION ( 'NONE',  ( -1.309893236962104487E-13, 0.000000000000000000, -1.000000000000000000 ) ) ;
#9540 = ORIENTED_EDGE ( 'NONE', *, *, #3719, .F. ) ;
#9541 = ORIENTED_EDGE ( 'NONE', *, *, #214, .F. ) ;
#9542 = DIRECTION ( 'NONE',  ( -1.000000000000000000, 0.000000000000000000, 0.000000000000000000 ) ) ;
#9543 = ORIENTED_EDGE ( 'NONE', *, *, #4668, .T. ) ;
#9544 = VECTOR ( 'NONE', #6590, 1000.000000000000000 ) ;
#9545 = CARTESIAN_POINT ( 'NONE',  ( 0.3600000000000053157, 0.1519999999999999962, -1.499999999999993561 ) ) ;
#9546 = AXIS2_PLACEMENT_3D ( 'NONE', #3362, #8684, #4044 ) ;
#9547 = SURFACE_SIDE_STYLE ('',( #3778 ) ) ;
#9548 = LINE ( 'NONE', #4898, #2656 ) ;
#9549 = ORIENTED_EDGE ( 'NONE', *, *, #9558, .F. ) ;
#9550 = CARTESIAN_POINT ( 'NONE',  ( 1.470000000000002416, 0.1519999999999999962, 0.3599999999999691225 ) ) ;
#9551 = VECTOR ( 'NONE', #2615, 1000.000000000000000 ) ;
#9552 = AXIS2_PLACEMENT_3D ( 'NONE', #603, #739, #3562 ) ;
#9553 = DIRECTION ( 'NONE',  ( 0.000000000000000000, 1.000000000000000000, 0.000000000000000000 ) ) ;
#9554 = VERTEX_POINT ( 'NONE', #125 ) ;
#9555 = CARTESIAN_POINT ( 'NONE',  ( -1.469999999999989759, 0.1519999999999999962, 0.1400000000000000411 ) ) ;
#9556 = DIRECTION ( 'NONE',  ( -1.000000000000000000, 0.000000000000000000, -0.000000000000000000 ) ) ;
#9557 = ADVANCED_FACE ( 'NONE', ( #9097 ), #3129, .T. ) ;
#9558 = EDGE_CURVE ( 'NONE', #3419, #6778, #1743, .T. ) ;
#9559 = CARTESIAN_POINT ( 'NONE',  ( -1.470000000000000195, 0.1519999999999999962, -0.8750000000000000000 ) ) ;
#9560 = CARTESIAN_POINT ( 'NONE',  ( -1.224999999999989875, 0.1519999999999999962, 0.3749999999999998890 ) ) ;
#9561 = STYLED_ITEM ( 'NONE', ( #242 ), #6279 ) ;
#9562 = FACE_OUTER_BOUND ( 'NONE', #6387, .T. ) ;
#9563 = EDGE_LOOP ( 'NONE', ( #945, #2718, #5815, #8993 ) ) ;
#9564 =( LENGTH_UNIT ( ) NAMED_UNIT ( * ) SI_UNIT ( .MILLI., .METRE. ) );
#9565 = DIRECTION ( 'NONE',  ( 0.000000000000000000, -1.000000000000000000, 0.000000000000000000 ) ) ;
#9566 = VECTOR ( 'NONE', #6887, 1000.000000000000000 ) ;
#9567 = VERTEX_POINT ( 'NONE', #5325 ) ;
#9568 = CARTESIAN_POINT ( 'NONE',  ( -0.8599999999999946576, 0.1519999999999999962, -1.499999999999987566 ) ) ;
#9569 = CARTESIAN_POINT ( 'NONE',  ( -0.8599999999999805578, 0.000000000000000000, 1.499999999999988676 ) ) ;
#9570 = CARTESIAN_POINT ( 'NONE',  ( 1.499999999999992006, 0.000000000000000000, -0.8600000000000308509 ) ) ;
#9571 = DIRECTION ( 'NONE',  ( 0.000000000000000000, 0.000000000000000000, -1.000000000000000000 ) ) ;
#9572 = LINE ( 'NONE', #1188, #2581 ) ;
#9573 = EDGE_CURVE ( 'NONE', #2918, #2145, #960, .T. ) ;
#9574 = EDGE_CURVE ( 'NONE', #8476, #1045, #1555, .T. ) ;
#9575 = ORIENTED_EDGE ( 'NONE', *, *, #219, .T. ) ;
#9576 = ORIENTED_EDGE ( 'NONE', *, *, #1887, .F. ) ;
#9577 = LINE ( 'NONE', #8844, #9174 ) ;
#9578 = AXIS2_PLACEMENT_3D ( 'NONE', #4765, #7550, #9211 ) ;
#9579 = ORIENTED_EDGE ( 'NONE', *, *, #4762, .T. ) ;
#9580 = CARTESIAN_POINT ( 'NONE',  ( -0.7499999999999956701, 0.1519999999999999962, -1.224999999999986988 ) ) ;
#9581 = MANIFOLD_SOLID_BREP ( 'Boss-Extrude2', #1181 ) ;
#9582 = CARTESIAN_POINT ( 'NONE',  ( -0.1399999999999807510, 0.1519999999999999962, 1.499999999999983347 ) ) ;
#9583 = PRESENTATION_STYLE_ASSIGNMENT (( #8108 ) ) ;
#9584 = ADVANCED_FACE ( 'NONE', ( #864 ), #6050, .T. ) ;
#9585 = LINE ( 'NONE', #666, #7032 ) ;
#9586 = CARTESIAN_POINT ( 'NONE',  ( 0.3600000000000052047, 0.1519999999999999962, -1.469999999999993534 ) ) ;
#9587 = VECTOR ( 'NONE', #7087, 1000.000000000000000 ) ;
#9588 = EDGE_CURVE ( 'NONE', #7833, #9087, #5423, .T. ) ;
#9589 = VERTEX_POINT ( 'NONE', #2482 ) ;
#9590 = ORIENTED_EDGE ( 'NONE', *, *, #2050, .F. ) ;
#9591 = LINE ( 'NONE', #7523, #8544 ) ;
#9592 = ORIENTED_EDGE ( 'NONE', *, *, #6553, .F. ) ;
#9593 = VERTEX_POINT ( 'NONE', #4743 ) ;
#9594 = DIRECTION ( 'NONE',  ( 3.614007241618338910E-15, 0.000000000000000000, -1.000000000000000000 ) ) ;
#9595 = EDGE_CURVE ( 'NONE', #2721, #9197, #8315, .T. ) ;
#9596 = VERTEX_POINT ( 'NONE', #1003 ) ;
#9597 = AXIS2_PLACEMENT_3D ( 'NONE', #5462, #813, #3960 ) ;
#9598 = PLANE ( 'NONE',  #2079 ) ;
#9599 = LINE ( 'NONE', #1411, #4136 ) ;
#9600 = DIRECTION ( 'NONE',  ( 7.228014483236677820E-15, 0.000000000000000000, 1.000000000000000000 ) ) ;
#9601 = ORIENTED_EDGE ( 'NONE', *, *, #4896, .T. ) ;
#9602 = DIRECTION ( 'NONE',  ( -1.000000000000000000, 0.000000000000000000, -0.000000000000000000 ) ) ;
#9603 = VECTOR ( 'NONE', #6267, 1000.000000000000000 ) ;
#9604 = DIRECTION ( 'NONE',  ( 1.000000000000000000, 0.000000000000000000, -0.000000000000000000 ) ) ;
#9605 = VERTEX_POINT ( 'NONE', #4013 ) ;
#9606 = DIRECTION ( 'NONE',  ( -1.000000000000000000, 0.000000000000000000, 0.000000000000000000 ) ) ;
#9607 = CARTESIAN_POINT ( 'NONE',  ( 1.469999999999991980, 0.000000000000000000, -0.6250000000000308642 ) ) ;
#9608 = DIRECTION ( 'NONE',  ( -1.000000000000000000, 0.000000000000000000, 8.850629979473505765E-16 ) ) ;
#9609 = DIRECTION ( 'NONE',  ( 1.000000000000000000, 0.000000000000000000, 0.000000000000000000 ) ) ;
#9610 = VECTOR ( 'NONE', #6360, 1000.000000000000000 ) ;
#9611 = EDGE_LOOP ( 'NONE', ( #4850, #2788, #5712, #9010 ) ) ;
#9612 = CARTESIAN_POINT ( 'NONE',  ( -0.3750000000000288103, 0.05000000000000002359, 1.224999999999990763 ) ) ;
#9613 = CARTESIAN_POINT ( 'NONE',  ( 0.1250000000000193456, 0.000000000000000000, 1.224999999999978106 ) ) ;
#9614 = EDGE_CURVE ( 'NONE', #8159, #6010, #2339, .T. ) ;
#9615 = ADVANCED_FACE ( 'NONE', ( #7125 ), #1939, .F. ) ;
#9616 = VECTOR ( 'NONE', #4834, 1000.000000000000000 ) ;
#9617 = VERTEX_POINT ( 'NONE', #1146 ) ;
#9618 = CARTESIAN_POINT ( 'NONE',  ( 1.499999999999997113, 0.1519999999999999962, -0.1400000000000309053 ) ) ;
#9619 = PLANE ( 'NONE',  #1595 ) ;
#9620 = VECTOR ( 'NONE', #6218, 1000.000000000000000 ) ;
#9621 = CARTESIAN_POINT ( 'NONE',  ( -1.224999999999994982, 0.1519999999999999962, -0.2500000000000000000 ) ) ;
#9622 = CARTESIAN_POINT ( 'NONE',  ( 1.499999999999999778, 0.05000000000000002359, 1.500000000000000000 ) ) ;
#9623 = DIRECTION ( 'NONE',  ( 0.000000000000000000, 0.000000000000000000, -1.000000000000000000 ) ) ;
#9624 = VECTOR ( 'NONE', #2262, 1000.000000000000000 ) ;
#9625 = ORIENTED_EDGE ( 'NONE', *, *, #7725, .T. ) ;
#9626 = ORIENTED_EDGE ( 'NONE', *, *, #633, .F. ) ;
#9627 = CARTESIAN_POINT ( 'NONE',  ( 0.6250000000000192069, 0.1519999999999999962, 1.469999999999972662 ) ) ;
#9628 = ORIENTED_EDGE ( 'NONE', *, *, #938, .T. ) ;
#9629 = DIRECTION ( 'NONE',  ( 0.000000000000000000, 0.000000000000000000, 1.000000000000000000 ) ) ;
#9630 = MANIFOLD_SOLID_BREP ( 'Boss-Extrude3[13]', #4483 ) ;
#9631 = EDGE_CURVE ( 'NONE', #857, #5184, #8508, .T. ) ;
#9632 = DIRECTION ( 'NONE',  ( 0.000000000000000000, 0.000000000000000000, 1.000000000000000000 ) ) ;
#9633 = DIRECTION ( 'NONE',  ( -1.000000000000000000, 0.000000000000000000, 0.000000000000000000 ) ) ;
#9634 = AXIS2_PLACEMENT_3D ( 'NONE', #1960, #5722, #7191 ) ;
#9635 = VECTOR ( 'NONE', #1871, 1000.000000000000000 ) ;
#9636 = DIRECTION ( 'NONE',  ( 1.000000000000000000, 0.000000000000000000, 0.000000000000000000 ) ) ;
#9637 = ORIENTED_EDGE ( 'NONE', *, *, #6897, .T. ) ;
#9638 = ORIENTED_EDGE ( 'NONE', *, *, #1101, .F. ) ;
#9639 = DIRECTION ( 'NONE',  ( -0.000000000000000000, -1.000000000000000000, -0.000000000000000000 ) ) ;
#9640 = AXIS2_PLACEMENT_3D ( 'NONE', #6287, #4098, #4245 ) ;
#9641 = ORIENTED_EDGE ( 'NONE', *, *, #8893, .F. ) ;
#9642 = ORIENTED_EDGE ( 'NONE', *, *, #6067, .T. ) ;
#9643 = SURFACE_SIDE_STYLE ('',( #7527 ) ) ;
#9644 = ORIENTED_EDGE ( 'NONE', *, *, #7458, .T. ) ;
#9645 = CARTESIAN_POINT ( 'NONE',  ( -0.6249999999999947820, 0.000000000000000000, -1.469999999999986429 ) ) ;
#9646 = EDGE_CURVE ( 'NONE', #4903, #6477, #7963, .T. ) ;
#9647 = CARTESIAN_POINT ( 'NONE',  ( -1.470000000000000195, 0.000000000000000000, -0.8750000000000000000 ) ) ;
#9648 = CARTESIAN_POINT ( 'NONE',  ( -1.469999999999984652, 0.05000000000000002359, 0.8599999999999999867 ) ) ;
#9649 = ORIENTED_EDGE ( 'NONE', *, *, #9078, .F. ) ;
#9650 = CIRCLE ( 'NONE', #5728, 0.1249999999999998890 ) ;
#9651 = DIRECTION ( 'NONE',  ( 0.000000000000000000, 0.000000000000000000, 1.000000000000000000 ) ) ;
#9652 = ORIENTED_EDGE ( 'NONE', *, *, #1214, .F. ) ;
#9653 = DIRECTION ( 'NONE',  ( -1.000000000000000000, 0.000000000000000000, 0.000000000000000000 ) ) ;
#9654 = CARTESIAN_POINT ( 'NONE',  ( 0.3600000000000053157, 0.000000000000000000, -1.499999999999993561 ) ) ;
#9655 = CARTESIAN_POINT ( 'NONE',  ( -1.469999999999984652, 0.1519999999999999962, 0.6400000000000000133 ) ) ;
#9656 = PLANE ( 'NONE',  #8909 ) ;
#9657 = ORIENTED_EDGE ( 'NONE', *, *, #5564, .T. ) ;
#9658 = PLANE ( 'NONE',  #1577 ) ;
#9659 = DIRECTION ( 'NONE',  ( -0.000000000000000000, -1.000000000000000000, -0.000000000000000000 ) ) ;
#9660 = EDGE_CURVE ( 'NONE', #433, #1092, #7915, .T. ) ;
#9661 = ORIENTED_EDGE ( 'NONE', *, *, #4194, .F. ) ;
#9662 = CARTESIAN_POINT ( 'NONE',  ( 1.469999999999997087, 0.1519999999999999962, -0.1400000000000309053 ) ) ;
#9663 = PLANE ( 'NONE',  #8018 ) ;
#9664 = EDGE_CURVE ( 'NONE', #1547, #3108, #1198, .T. ) ;
#9665 = FACE_OUTER_BOUND ( 'NONE', #9673, .T. ) ;
#9666 = CARTESIAN_POINT ( 'NONE',  ( -1.469999999999989759, 0.1519999999999999962, 0.3750000000000000000 ) ) ;
#9667 = CARTESIAN_POINT ( 'NONE',  ( 1.499999999999992006, 0.1519999999999999962, -0.6400000000000309885 ) ) ;
#9668 = ORIENTED_EDGE ( 'NONE', *, *, #2914, .F. ) ;
#9669 = ORIENTED_EDGE ( 'NONE', *, *, #3704, .F. ) ;
#9670 = LINE ( 'NONE', #2226, #553 ) ;
#9671 = ORIENTED_EDGE ( 'NONE', *, *, #8097, .T. ) ;
#9672 = DIRECTION ( 'NONE',  ( 0.000000000000000000, 0.000000000000000000, 1.000000000000000000 ) ) ;
#9673 = EDGE_LOOP ( 'NONE', ( #7059, #7322, #6007, #1407 ) ) ;
#9674 = FACE_OUTER_BOUND ( 'NONE', #5167, .T. ) ;
#9675 = SURFACE_STYLE_USAGE ( .BOTH. , #8162 ) ;
#9676 = CIRCLE ( 'NONE', #907, 0.1249999999999998890 ) ;
#9677 = ADVANCED_FACE ( 'NONE', ( #7768 ), #1048, .T. ) ;
#9678 = CARTESIAN_POINT ( 'NONE',  ( 1.225000000000007638, 0.1519999999999999962, 0.8749999999999691358 ) ) ;
#9679 = CARTESIAN_POINT ( 'NONE',  ( -0.2500000000000128786, 0.1519999999999999962, 1.224999999999992095 ) ) ;
#9680 = ADVANCED_FACE ( 'NONE', ( #7020 ), #318, .F. ) ;
#9681 = COLOUR_RGB ( '',0.2509803921568627416, 0.2509803921568627416, 0.2509803921568627416 ) ;
#9682 = VERTEX_POINT ( 'NONE', #9286 ) ;
#9683 = EDGE_LOOP ( 'NONE', ( #5589, #8665, #8582, #3739 ) ) ;
#9684 = DIRECTION ( 'NONE',  ( 0.000000000000000000, 1.000000000000000000, 0.000000000000000000 ) ) ;
#9685 = ORIENTED_EDGE ( 'NONE', *, *, #3067, .T. ) ;
#9686 = VERTEX_POINT ( 'NONE', #4203 ) ;
#9687 = CARTESIAN_POINT ( 'NONE',  ( 0.3600000000000192490, 0.1519999999999999962, 1.469999999999977991 ) ) ;
#9688 = CARTESIAN_POINT ( 'NONE',  ( 1.225000000000007638, 0.1519999999999999962, 0.7499999999999692468 ) ) ;
#9689 = FILL_AREA_STYLE_COLOUR ( '', #6781 ) ;
#9690 = DIRECTION ( 'NONE',  ( 0.000000000000000000, 0.000000000000000000, -1.000000000000000000 ) ) ;
#9691 = VECTOR ( 'NONE', #2269, 1000.000000000000000 ) ;
#9692 = AXIS2_PLACEMENT_3D ( 'NONE', #3499, #6470, #4181 ) ;
#9693 = EDGE_CURVE ( 'NONE', #5622, #4464, #7816, .T. ) ;
#9694 = EDGE_CURVE ( 'NONE', #7811, #7825, #3049, .T. ) ;
#9695 = FACE_OUTER_BOUND ( 'NONE', #7473, .T. ) ;
#9696 = EDGE_CURVE ( 'NONE', #7071, #3172, #366, .T. ) ;
#9697 = EDGE_LOOP ( 'NONE', ( #193, #5029, #2192, #1570 ) ) ;
#9698 = CARTESIAN_POINT ( 'NONE',  ( -0.7499999999999956701, 0.1519999999999999962, -1.224999999999986988 ) ) ;
#9699 = CARTESIAN_POINT ( 'NONE',  ( -1.224999999999994982, 0.05000000000000002359, -0.3749999999999998890 ) ) ;
#9700 = LINE ( 'NONE', #6754, #4603 ) ;
#9701 = CARTESIAN_POINT ( 'NONE',  ( -1.499999999999995115, 0.000000000000000000, -0.3599999999999999867 ) ) ;
#9702 = VERTEX_POINT ( 'NONE', #9333 ) ;
#9703 = AXIS2_PLACEMENT_3D ( 'NONE', #617, #3727, #6041 ) ;
#9704 = VECTOR ( 'NONE', #3461, 1000.000000000000000 ) ;
#9705 = LINE ( 'NONE', #6758, #3846 ) ;
ENDSEC;
END-ISO-10303-21;
